ticker,date,Open,High,Low,Close,Volume,future_breakout,future_max_ret_pct,sample_weight,vol_ratio_20,value_traded,dist_to_10d_high_pct,dist_to_20d_high_pct,range_10d_pct,close_pos_day,rsi14,macd_hist,macd_bullish,adx14,cmf20,obv_slope_5_pct,price_vs_sma20_pct,price_vs_sma50_pct,intraday_range_pct,consecutive_up,positive_top_rank
AALI,2026-07-16,6300.0,6425.0,6300.0,6425.0,414900.0,0,,1.0,0.3332958452491884,2665732500.0,0.38910505836575876,0.38910505836575876,7.392996108949417,0.999999999992,57.9736741217527,83.9822105591879,1,38.24186123091802,-0.20404085264439625,6.893908213182691,4.940792160065333,-2.0280573345532176,1.9455252918287937,1,
AALI,2026-07-17,6425.0,6450.0,6375.0,6450.0,693500.0,0,,1.0,0.5636057766544487,4473075000.0,0.0,0.0,6.976744186046512,0.9999999999866667,59.153217683707915,84.36009905911959,1,37.404104671254565,-0.1702716969990256,3.688666435930886,5.113057649215726,-1.0356731875719216,1.1627906976744187,2,
AALI,2026-07-20,6450.0,6550.0,6450.0,6525.0,835400.0,0,,1.0,0.6928151732659918,5450985000.0,0.38314176245210724,0.38314176245210724,8.045977011494253,0.7499999999925,62.54915825994453,85.98332105004097,1,37.2225242318138,-0.12137318789102339,6.468810734538484,5.98984771573604,0.6789075759913593,1.532567049808429,3,
AALI,2026-07-21,6525.0,6550.0,6450.0,6500.0,931400.0,0,,1.0,0.8034435760743917,6054100000.0,0.7692307692307693,0.7692307692307693,8.076923076923077,0.499999999995,60.736502078220845,81.72426220490813,1,37.05391382376166,-0.1423109542508035,3.369186123905114,5.2844705405952626,0.7751937984496124,1.5384615384615385,0,
AALI,2026-07-22,6575.0,6575.0,6400.0,6475.0,732300.0,0,,1.0,0.6693661907460553,4741642500.0,1.5444015444015444,1.5444015444015444,8.494208494208493,0.4285714285689796,58.89834860839035,73.81530446819247,1,36.30195475071686,-0.1422783832332496,0.9321503687335269,4.561970125151393,0.9274413529732678,2.7027027027027026,0,
AALI,2026-07-23,6475.0,6700.0,6450.0,6650.0,2312800.0,0,,1.0,2.0150729688521003,15380120000.0,0.7518796992481203,0.7518796992481203,7.142857142857142,0.7999999999968,66.5336053244726,76.62855420336516,1,36.352427644981184,-0.04280147839286815,7.34969072582414,6.870229007633588,4.117739157664005,3.7593984962406015,1,
AALI,2026-07-24,6650.0,6675.0,6475.0,6525.0,1072300.0,0,,1.0,1.0359485648590934,6996757500.0,2.681992337164751,2.681992337164751,6.513409961685824,0.24999999999875,58.2149094641415,66.69484953775644,1,36.399295332512345,0.055151825613412885,1.4243065057843016,4.316546762589928,2.5056947608200453,3.065134099616858,0,
AALI,2026-07-27,6500.0,6575.0,6425.0,6575.0,1176800.0,0,,1.0,1.1461574797781304,7737460000.0,1.9011406844106464,1.9011406844106464,6.4638783269961975,0.9999999999933334,60.350400105919334,60.308422131535174,1,35.83533203550053,0.12018019672541914,2.6813734210994484,4.614160700079554,3.6249014972419227,2.2813688212927756,1,
AALI,2026-07-28,6500.0,6575.0,6475.0,6550.0,466500.0,0,,1.0,0.48271437588601057,3055575000.0,2.2900763358778624,2.2900763358778624,6.488549618320611,0.7499999999925,58.73410242761437,51.55636658752001,1,35.311651831132416,0.15211526607204842,4.19645686104338,3.721298495645289,3.573687539531942,1.5267175572519083,0,
ACES,2026-07-16,346.0,348.0,342.0,346.0,10386600.0,0,,1.0,0.5408459329027366,3593763600.0,2.8901734104046244,2.8901734104046244,8.092485549132949,0.6666666665555555,57.412994770732816,1.187365957327426,1,24.017254082312483,0.0022158844616184076,14.173527710369967,2.640318511648169,4.9136417867413265,1.7341040462427744,0,
ACES,2026-07-17,348.0,352.0,344.0,352.0,11084700.0,0,,1.0,0.6288747262959298,3901814400.0,1.1363636363636365,1.1363636363636365,7.386363636363637,0.999999999875,60.92727119161496,1.3512015305073044,1,24.34658148407254,0.11450858134485815,20.746862457514734,4.142011834319527,6.734512231001437,2.272727272727273,1,
ACES,2026-07-20,352.0,356.0,348.0,354.0,14006100.0,0,,1.0,0.8573317377585029,4958159400.0,0.5649717514124294,0.5649717514124294,7.344632768361582,0.74999999990625,62.05140484376466,1.47391071925336,1,25.036573754592347,0.12062109950100075,36.06637087461253,4.455591619946894,7.388931212218322,2.2598870056497176,2,
ACES,2026-07-21,356.0,358.0,352.0,358.0,8567100.0,0,,1.0,0.5441513621251063,3067021800.0,0.0,0.0,7.82122905027933,0.9999999998333333,64.2657415504284,1.6886860555100656,1,25.86110237312096,0.2172364972318806,71.33828027138216,5.201292976785186,8.528391158031447,1.675977653631285,3,
ACES,2026-07-22,358.0,360.0,352.0,358.0,9788900.0,0,,1.0,0.6412137135588052,3504426200.0,0.5586592178770949,0.5586592178770949,8.379888268156424,0.74999999990625,64.2657415494188,1.6907882790055773,1,26.809310558821405,0.2527365058370034,71.33828027138216,4.800936768149875,8.454517559191938,2.2346368715083798,0,
ACES,2026-07-23,360.0,368.0,358.0,360.0,30335900.0,0,,1.0,1.9627893103460545,10920924000.0,2.2222222222222223,2.2222222222222223,9.444444444444445,0.19999999998,65.43529527904987,1.68326259269202,1,28.33291128074695,0.1621268263887812,135.63554589058663,5.048147067405898,8.93691746400609,2.7777777777777777,1,
ACES,2026-07-24,358.0,362.0,354.0,356.0,17084700.0,0,,1.0,1.0905678744404637,6082153200.0,3.3707865168539324,3.3707865168539324,8.426966292134832,0.24999999996875,61.12627985133158,1.2833543491021393,1,28.967002010405725,0.1409054697504258,99.24756205673759,3.5787023567064336,7.606940201770139,2.247191011235955,0,
ACES,2026-07-27,356.0,356.0,344.0,350.0,14790500.0,0,,1.0,0.9298952472893903,5176675000.0,5.142857142857142,5.142857142857142,8.0,0.49999999995833333,55.24912260806369,0.5279118194780148,1,27.931649205929762,0.17020798556498937,31.81453967650374,1.5670342426001092,5.714351048350325,3.428571428571429,0,
ACES,2026-07-28,350.0,352.0,346.0,350.0,6144500.0,0,,1.0,0.4353847445635364,2150575000.0,5.142857142857142,5.142857142857142,8.0,0.6666666665555555,55.24912260711024,-0.029068401992372372,0,26.970250173202082,0.17782888522936507,-11.382997604046498,1.214574898785422,5.635479874690126,1.7142857142857144,0,
ADES,2026-07-16,34425.0,34425.0,33400.0,33825.0,44600.0,0,,1.0,0.48841920823522433,1508595000.0,9.977827050997783,9.977827050997783,16.260162601626014,0.4146341463410589,65.26244731209542,-298.4665489795425,0,54.233652539758054,0.4265829712758109,-40.23191823899363,1.3786902442679454,28.032855142132558,3.0303030303030303,0,
ADES,2026-07-17,33500.0,34450.0,33000.0,34275.0,34500.0,0,,1.0,0.3822926477921172,1182487500.0,8.533916849015318,8.533916849015318,16.046681254558717,0.8793103448269798,66.9484871520364,-355.23411557525833,0,53.24220588111072,0.434229538608294,-26.789189189189134,1.5292331617728738,28.483871572357693,4.230488694383661,1,
ADES,2026-07-22,33625.0,34500.0,33500.0,34425.0,38400.0,1,,0.6,0.6578158458243999,1321920000.0,8.061002178649238,8.061002178649238,12.200435729847495,0.924999999999075,65.42718748522233,-464.1596051177262,0,50.26846897415766,0.3036918961836798,-7.59965586464007,1.5861305791220952,25.877577885037294,2.904865649963689,1,15.0
ADES,2026-07-23,34425.0,36000.0,34425.0,35400.0,107800.0,1,,0.6,1.7419406964530704,3816120000.0,1.694915254237288,5.084745762711865,8.47457627118644,0.619047619047226,69.09151234184733,-389.8935748607273,0,50.077808141398165,0.2989192938568017,41.40085498191371,4.1559396837072455,28.230670313150892,4.4491525423728815,2,15.0
ADES,2026-07-24,35400.0,36500.0,35000.0,36275.0,58000.0,1,,0.6,0.9440104166666513,2103950000.0,0.6202618883528601,2.5499655410062028,9.648518263266713,0.8499999999994333,71.96343165066693,-287.6969385427469,0,50.10239186141071,0.31211566500283533,44.122858830478314,6.172026488127904,30.03190307201491,4.135079255685734,3,15.0
ADES,2026-07-27,36325.0,38850.0,36325.0,38850.0,120200.0,0,,1.0,1.884307885248442,4669770000.0,0.0,0.0,15.057915057915059,0.999999999999604,78.34135873253116,-64.20550799114562,0,50.88391665939091,0.33745706941173775,95.68854568854537,12.661760974371985,37.57569319026878,6.4993564993565,4,
ADES,2026-07-28,39150.0,40000.0,36600.0,38425.0,106300.0,0,,1.0,1.577736549165097,4084577500.0,4.098893949251789,4.098893949251789,18.217306441119064,0.536764705882195,75.29677818430022,32.28870551099408,1,51.8919190976953,0.3159644433723714,76.84989429175448,10.468250260538326,34.48245690786595,8.848405985686401,0,
ADHI,2026-07-21,171.0,175.0,171.0,172.0,12071500.0,0,,1.0,2.498812331876391,2076298000.0,1.744186046511628,1.744186046511628,12.790697674418606,0.2499999999375,61.824633705661654,2.627710651882266,1,27.84497607619064,0.014945484207886928,31.186918344598798,8.92970234325522,3.9903264812575534,2.3255813953488373,6,
ADHI,2026-07-22,169.0,170.0,161.0,165.0,18579800.0,0,,1.0,3.3225115095505346,3065667000.0,6.0606060606060606,6.0606060606060606,13.333333333333334,0.4444444443950617,52.989676669805185,2.2034346584254294,1,25.892043380619665,-0.0012608952763868376,2.459978208029503,4.1666666666666625,0.18214936247723826,5.454545454545454,0,
ADHI,2026-07-23,165.0,171.0,163.0,165.0,17405300.0,0,,1.0,2.859313677978325,2871874500.0,6.0606060606060606,6.0606060606060606,12.121212121212121,0.24999999996875,52.9896766686402,1.8337514842016787,1,24.237587549970495,-0.10065287207224798,-1.143119554825813,3.969754253308136,0.5729611117883687,4.848484848484849,0,
ADRO,2026-07-16,2480.0,2520.0,2440.0,2510.0,33388600.0,0,,1.0,1.0163604672471032,83805386000.0,0.398406374501992,0.398406374501992,9.9601593625498,0.8749999999890624,67.5078189577378,28.45885476735501,1,30.578900461914934,-0.03271455289260811,15.080703715439872,7.910576096302665,7.393462262536376,3.187250996015936,1,
ADRO,2026-07-17,2510.0,2520.0,2490.0,2490.0,19140100.0,0,,1.0,0.7431234745228203,47658849000.0,1.2048192771084338,1.2048192771084338,10.040160642570282,0.0,64.66391147387804,26.503317943013304,1,31.90562091902827,0.2337349754756471,10.662607258374605,6.432998503953836,6.5742167437082655,1.2048192771084338,0,
ADRO,2026-07-20,2500.0,2570.0,2500.0,2570.0,34882400.0,0,,1.0,1.3398225241395363,89647768000.0,0.0,0.0,11.673151750972762,0.9999999999857142,70.09143418958111,28.814855559340447,1,33.64507850844556,0.27571015282834527,9.691294213580926,9.199065222009772,9.932415091111292,2.7237354085603114,1,
ADRO,2026-07-21,2570.0,2580.0,2540.0,2540.0,24607700.0,0,,1.0,0.9358360000433544,62503558000.0,1.574803149606299,1.574803149606299,11.811023622047244,0.0,65.99762644393667,26.594120242218366,1,35.351575973574654,0.2015864926901664,2.6705379331884185,7.3541842772612,8.602702240465188,1.574803149606299,0,
ADRO,2026-07-22,2550.0,2590.0,2550.0,2580.0,27705800.0,0,,1.0,1.0467514710485517,71480964000.0,0.3875968992248062,0.3875968992248062,12.015503875968992,0.7499999999812501,68.62861863505847,26.055681757809495,1,37.028706092949456,0.256956256124767,5.6876560038044754,8.289611752360965,10.190484325617149,1.550387596899225,1,
ADRO,2026-07-23,2580.0,2590.0,2530.0,2540.0,49787900.0,0,,1.0,1.8213515005474528,126461266000.0,1.968503937007874,1.968503937007874,11.41732283464567,0.1666666666638889,63.349760559703135,21.43510089705854,1,37.8865936217277,0.18809166000583163,-3.497294547859341,6.05427974947808,8.53773181779336,2.3622047244094486,0,
ADRO,2026-07-24,2530.0,2570.0,2510.0,2540.0,30999300.0,0,,1.0,1.121011797469096,78738222000.0,1.968503937007874,1.968503937007874,10.236220472440944,0.4999999999916667,63.34976055957194,17.00198238481144,1,38.02039820556001,0.23051073581022025,-1.306072839383814,5.416061423531853,8.519183115440491,2.3622047244094486,0,
ADRO,2026-07-27,2540.0,2560.0,2490.0,2520.0,28671100.0,0,,1.0,1.0048444119283457,72251172000.0,2.7777777777777777,2.7777777777777777,6.349206349206349,0.4285714285653061,60.64475986892576,11.603648805294796,1,37.51735580471009,0.206522800035592,-8.670583876772408,4.067726615734049,7.664701358625997,2.7777777777777777,0,
ADRO,2026-07-28,2520.0,2520.0,2460.0,2460.0,23498700.0,0,,1.0,0.8353594884046577,57806802000.0,5.284552845528456,5.284552845528456,6.097560975609756,0.0,53.292892953217326,3.3041730719874707,1,36.18811539886326,0.16771228905197713,-8.307777547913393,1.172115977791487,5.155167991792763,2.4390243902439024,0,
AGII,2026-07-16,3020.0,3100.0,2980.0,2980.0,563500.0,0,,1.0,1.3895910138959067,1679230000.0,18.120805369127517,18.120805369127517,33.89261744966443,0.0,54.74379588858416,40.08300464376245,1,32.91464312268754,-0.24378821941872703,-26.544610624032998,6.796834174454965,7.0552290991795985,4.026845637583892,0,
AKRA,2026-07-16,1350.0,1370.0,1340.0,1370.0,19420100.0,1,,0.6,1.3119535103358029,26605537000.0,0.0,0.0,9.854014598540147,0.9999999999666667,64.1033612694072,15.309622640030046,1,25.416118241063696,0.1876208881494267,64.24579125771706,6.677048861203037,4.309425917466111,2.18978102189781,5,14.0
AKRA,2026-07-17,1370.0,1375.0,1350.0,1355.0,8279200.0,1,,0.6,0.5825911556509589,11218316000.0,1.4760147601476015,1.4760147601476015,9.22509225092251,0.199999999992,60.464604298958825,13.940758194037144,1,24.769963795063347,0.1972464067250959,55.192501786516765,4.977726128220027,3.41143249637488,1.8450184501845017,0,14.0
AKRA,2026-07-20,1355.0,1425.0,1355.0,1410.0,15089400.0,0,,1.0,1.108781361151209,21276054000.0,1.0638297872340425,1.0638297872340425,10.28368794326241,0.7857142857030612,67.70365662143936,15.832161810685204,1,25.28627576622829,0.2127325283039885,65.79366510857237,8.628659476117104,7.822895159440235,4.964539007092199,1,
AKRA,2026-07-21,1415.0,1510.0,1400.0,1455.0,30384000.0,0,,1.0,2.1691430407196206,44208720000.0,3.7800687285223367,3.7800687285223367,15.807560137457044,0.4999999999954545,72.19034346729342,18.993626446667264,1,27.003887796306035,0.12666583953444197,95.7755561865889,11.32364192807957,11.340679522497709,7.560137457044673,2,
AKRA,2026-07-22,1455.0,1490.0,1440.0,1485.0,21738700.0,0,,1.0,1.5314724431193745,32281969500.0,1.6835016835016834,1.6835016835016834,14.814814814814813,0.8999999999820001,74.71249835190633,21.78485625015376,1,28.598813252806796,0.22658702064640077,131.02968498893773,12.7134724857685,13.618974751338945,3.3670033670033668,3,
AKRA,2026-07-23,1490.0,1520.0,1385.0,1410.0,84981500.0,0,,1.0,4.890409401988528,119823915000.0,7.801418439716312,7.801418439716312,16.312056737588655,0.18518518518381347,60.049841109159416,17.447202359813108,1,28.366990715868432,0.01696783584608524,-64.51218243688363,6.535700793350964,8.01286961850773,9.574468085106384,0,
AKRA,2026-07-24,1435.0,1450.0,1415.0,1445.0,25206700.0,0,,1.0,1.393663667308116,36423681500.0,5.190311418685121,5.190311418685121,15.916955017301039,0.8571428571183675,63.63639844519725,15.84886658073292,1,28.151726931568525,0.07216735544679832,15.285159380972932,8.463126290110715,10.71100214526509,2.422145328719723,1,
AKRA,2026-07-27,1440.0,1460.0,1415.0,1455.0,27150900.0,0,,1.0,1.4203600689597267,39504559500.0,4.4673539518900345,4.4673539518900345,15.807560137457044,0.8888888888691359,64.61388061550636,14.419705358769022,1,28.126466773005234,0.1250824462346058,58.08815643656383,8.339538346984364,11.477168250076613,3.0927835051546393,2,
AKRA,2026-07-28,1455.0,1455.0,1415.0,1445.0,18885100.0,0,,1.0,0.9783642002970564,27288969500.0,5.190311418685121,5.190311418685121,15.916955017301039,0.7499999999812501,62.796027420243256,11.862279762909516,1,28.103010911482176,0.16615505536503514,-935.1143359718554,6.661745709540505,10.727969348659004,2.768166089965398,0,
AKSI,2026-07-27,220.0,272.0,220.0,234.0,4689400.0,0,,1.0,7.609203608749257,1097319600.0,16.23931623931624,16.23931623931624,27.350427350427353,0.26923076922559175,58.02656514287229,2.1326604751003386,1,27.919638365872252,-0.41330780453890426,55.90685167484217,7.536764705882355,5.9974633085703974,22.22222222222222,1,
ALDO,2026-07-22,740.0,900.0,740.0,900.0,1430400.0,0,,1.0,10.258175559380305,1287360000.0,0.0,0.0,25.555555555555554,0.9999999999937501,77.73028633823671,13.880595599206092,1,25.761195173386817,0.6160946933768474,65.96620260922859,28.00471517368784,29.470414604540924,17.77777777777778,2,
ALDO,2026-07-23,935.0,1070.0,820.0,845.0,1738100.0,0,,1.0,7.87539646579063,1468694500.0,26.627218934911244,26.627218934911244,47.337278106508876,0.0999999999996,67.07591770986582,17.445667583077174,1,29.217163580407142,0.06144877229219288,-10.549019607843132,18.951348587570227,20.964979009572925,29.585798816568047,0,
ALKA,2026-07-16,640.0,740.0,635.0,670.0,2498800.0,1,,1.0,7.368265856751077,1674196000.0,10.44776119402985,10.44776119402985,36.417910447761194,0.33333333333015874,66.25521039039663,13.81321392829135,1,16.28971595150551,0.08855523026889628,103.73867890351404,24.593212459321244,20.842652045306963,15.671641791044777,2,2.0
ALKA,2026-07-21,700.0,865.0,675.0,865.0,2092900.0,1,,1.0,4.195575691360863,1810358500.0,0.0,0.0,42.42774566473989,0.9999999999947369,76.0274407856829,33.891875387047186,1,22.04228215339106,0.34165903182255103,186.3527833668678,52.355790400704535,54.0955570598924,21.965317919075144,1,2.0
ALKA,2026-07-22,875.0,1040.0,800.0,960.0,2105200.0,1,,1.0,3.5029743333749264,2020992000.0,8.333333333333332,8.333333333333332,56.458333333333336,0.666666666663889,79.71980553222457,44.777622151978065,1,25.183379653907554,0.3398979155634555,115.24338891696142,63.05732484076433,68.67554555996767,25.0,2,2.0
ALKA,2026-07-23,965.0,1100.0,960.0,1100.0,1134500.0,1,,1.0,1.7322461942497644,1247950000.0,0.0,0.0,54.72727272727273,0.9999999999928573,83.70340880724763,57.976741167273815,1,28.32279149197733,0.3992133761959315,64.93397188174208,78.3542764491285,89.6420936487139,12.727272727272727,3,2.0
ALKA,2026-07-24,1200.0,1375.0,1105.0,1375.0,1101900.0,0,,1.0,1.5623360603439698,1515112500.0,0.0,0.0,63.78181818181818,0.9999999999962963,88.48721597091006,80.4171613571138,1,31.92509985804975,0.4525547959382587,63.42225269642253,108.57034508911643,130.68921548889338,19.636363636363637,4,
ANTM,2026-07-16,3070.0,3090.0,3040.0,3080.0,91739100.0,0,,1.0,0.9231602902338162,282556428000.0,0.3246753246753247,0.3246753246753247,11.363636363636363,0.7999999999840001,61.089122362918445,37.667647011941945,1,19.774408915694057,-0.06510708514605261,26.066274784646804,8.29814974193101,6.885135031485577,1.6233766233766231,2,
ANTM,2026-07-17,3000.0,3070.0,3000.0,3070.0,80284500.0,0,,1.0,0.8363935830080353,246473415000.0,0.6514657980456027,0.6514657980456027,11.400651465798045,0.9999999999857142,60.43814400301668,37.864286739367216,1,18.91681204593775,0.05151199938812773,16.70047659122109,7.56832515767344,6.8874655171658095,2.2801302931596092,0,
ANTM,2026-07-20,3050.0,3070.0,2990.0,3000.0,109006600.0,0,,1.0,1.1658954931027552,327019800000.0,3.0,3.0,11.666666666666666,0.1249999999984375,55.944077391430135,31.435111221330484,1,18.03783099103779,-0.002972427802727042,4.469816105313772,5.042016806722689,4.899864295191018,2.666666666666667,0,
ANTM,2026-07-21,3020.0,3100.0,3010.0,3060.0,134948200.0,0,,1.0,1.4356619133335886,412941492000.0,1.3071895424836601,1.3071895424836601,11.76470588235294,0.5555555555493827,58.77377391055355,29.41468039432852,1,17.445248447747545,0.024005417429290906,15.046352809599032,6.787646135054964,7.23973447364535,2.941176470588235,1,
ANTM,2026-07-22,3110.0,3190.0,3090.0,3120.0,164522700.0,0,,1.0,1.7189589957900195,513310824000.0,2.2435897435897436,2.2435897435897436,14.423076923076922,0.299999999997,61.44092058831912,30.196437644047506,1,17.524990789578737,0.04923658414183035,18.006974173335195,8.183079056865465,9.594232045084444,3.205128205128205,2,
ANTM,2026-07-23,3130.0,3160.0,3050.0,3080.0,133197300.0,0,,1.0,1.4012409649948814,410247684000.0,3.571428571428571,3.571428571428571,11.688311688311687,0.27272727272479336,58.71378445332647,26.242980914759137,1,17.220641669179575,-0.01646752007463433,-2.235581048566426,6.170286108238538,8.376936498471222,3.571428571428571,0,
ANTM,2026-07-24,3030.0,3040.0,2960.0,2990.0,75686900.0,0,,1.0,0.812736725709449,226303831000.0,6.688963210702341,6.688963210702341,12.040133779264215,0.37499999999531247,53.01224064198513,16.278134281498076,1,16.147686523320235,-0.01820114727102305,-1.6596259820633281,2.5728987993138936,5.4113930285871445,2.6755852842809364,0,
ANTM,2026-07-27,3020.0,3050.0,2940.0,2970.0,98598300.0,0,,1.0,1.044202068657152,292836951000.0,7.4074074074074066,7.4074074074074066,11.447811447811448,0.27272727272479336,51.80824899027094,7.497973949527115,1,15.00395585962762,-0.01091654818002549,-0.6572869789969424,1.4517506404782237,4.921859601343477,3.7037037037037033,0,
ANTM,2026-07-28,2950.0,2960.0,2870.0,2890.0,87944700.0,0,,1.0,0.9383573062774232,254160183000.0,10.380622837370241,10.380622837370241,11.072664359861593,0.22222222221975307,47.19131109302881,-3.92552667522898,0,14.50744481817027,0.008281248444721572,-21.30231257974373,-1.7841971112999149,2.364279471086159,3.1141868512110724,0,
APLN,2026-07-16,135.0,145.0,131.0,136.0,159753900.0,0,,1.0,2.456903353087533,21726530400.0,8.823529411764707,8.823529411764707,35.294117647058826,0.35714285711734695,57.15653141639918,4.092655409448805,1,40.42709771294516,0.07961470446785042,70.33979536533795,14.574557708508843,-0.9035266686097413,10.294117647058822,0,
APLN,2026-07-17,136.0,140.0,135.0,136.0,28619000.0,0,,1.0,0.4371125492647027,3892184000.0,8.823529411764707,8.823529411764707,35.294117647058826,0.19999999996,57.15653141552377,3.9776758052720957,1,39.97583013374148,0.0719443655843418,61.47027338854324,13.855169526998742,-0.07347538574577099,3.6764705882352944,0,
APLN,2026-07-20,140.0,143.0,136.0,138.0,45637900.0,0,,1.0,0.6798017133906619,6298030200.0,7.246376811594203,7.246376811594203,31.15942028985507,0.2857142856734694,58.52473305609871,3.859222477023556,1,39.76348255122756,0.061143365247356696,80.01084697838526,14.617940199335544,2.086107412339098,5.072463768115942,1,
APLN,2026-07-21,140.0,144.0,138.0,140.0,90924300.0,0,,1.0,1.2756119564867419,12729402000.0,5.714285714285714,5.714285714285714,19.28571428571429,0.33333333327777775,59.903701870949945,3.736005456360049,1,39.636138604547064,0.03445065366995044,118.58162080500894,15.273775216138324,4.135673906575426,4.285714285714286,2,
APLN,2026-07-22,140.0,141.0,134.0,134.0,45803900.0,0,,1.0,0.6303810501020118,6137722600.0,8.208955223880597,10.44776119402985,17.91044776119403,0.0,54.09319732025958,3.097205462716001,1,38.90027741531471,0.014779896181518402,-106.29032357454047,9.387755102040817,0.35949670461353334,5.223880597014925,0,
APLN,2026-07-23,134.0,141.0,134.0,136.0,60240500.0,0,,1.0,0.8013233964203994,8192708000.0,6.61764705882353,8.823529411764707,16.911764705882355,0.2857142856734694,55.63786841016251,2.6722171541350885,1,38.21697773959895,-0.007288128145971302,159.2117374777919,10.121457489878543,2.4559288835317092,5.147058823529411,1,
APLN,2026-07-24,136.0,136.0,125.0,127.0,63099500.0,0,,1.0,0.8103779544113197,8013636500.0,14.173228346456693,16.535433070866144,18.11023622047244,0.18181818180165288,47.83735282553773,1.695435631504249,1,36.28414549616989,-0.026824244470697308,92.6802085584897,2.1310816244471296,-3.6711165048543712,8.661417322834646,0,
APLN,2026-07-27,126.0,128.0,123.0,125.0,17945600.0,0,,1.0,0.22960998443131303,2243200000.0,16.0,18.4,17.599999999999998,0.39999999992,46.28439525821249,0.8668647197572079,1,34.231016479825996,-0.02128311181896073,49.41874171808567,-0.19960079840319359,-4.507257448433923,4.0,0,
APLN,2026-07-28,126.0,128.0,124.0,125.0,8455300.0,0,,1.0,0.10860193805516435,1056912500.0,16.0,18.4,17.599999999999998,0.2499999999375,46.284395257403425,0.30028397152804426,1,32.32453953607809,-0.020981725185130518,-159.65336152077984,-1.0684606252473245,-3.8165589412126866,3.2,0,
ARNA,2026-07-20,464.0,470.0,456.0,468.0,8312900.0,0,,1.0,3.7100312185499313,3890437200.0,0.4273504273504274,0.4273504273504274,5.128205128205128,0.8571428570816326,74.78662556861957,1.6552157354590848,1,28.175967878300593,0.5274531330727479,18.692855461044267,3.2201146890163264,4.426990360585499,2.9914529914529915,1,
ARNA,2026-07-21,480.0,484.0,474.0,476.0,8616400.0,0,,1.0,3.2875917867437896,4101406400.0,1.680672268907563,1.680672268907563,7.9831932773109235,0.19999999998,80.06401604512169,2.0246578728416837,1,29.709128941600596,0.34586987471042957,35.74129365046389,4.477611940298503,6.297454220634209,2.100840336134454,2,
ARNA,2026-07-22,478.0,484.0,476.0,478.0,5388700.0,0,,1.0,2.0494691583168994,2575798600.0,1.2552301255230125,1.2552301255230125,5.857740585774058,0.24999999996875,81.12752651747994,2.2321803730131,1,31.13277850037917,0.24389058237808722,43.77122478972409,4.389604717187164,6.810868787987133,1.6736401673640167,3,
ARNA,2026-07-23,500.0,500.0,476.0,484.0,4846600.0,0,,1.0,1.9095273460816387,2345754400.0,3.3057851239669422,3.3057851239669422,9.090909090909092,0.3333333333194444,83.90200751245472,2.5775191737884304,1,33.33660844157072,0.12696539978426588,54.98227951609215,5.217391304347826,8.161258603736474,4.958677685950414,4,
ARNA,2026-07-24,484.0,484.0,476.0,484.0,2701800.0,0,,1.0,1.0364312210615956,1307671200.0,3.3057851239669422,3.3057851239669422,9.090909090909092,0.999999999875,83.90200751024081,2.602354660773357,1,35.38302195839144,0.14997824394565532,54.98227951609215,4.761904761904762,8.112937812723372,1.6528925619834711,0,
ARNA,2026-07-27,486.0,488.0,480.0,484.0,2656400.0,0,,1.0,1.0096694742603456,1285697600.0,3.3057851239669422,3.3057851239669422,9.090909090909092,0.4999999999375,83.90200750785661,2.4190716699148638,1,37.46345959296101,0.15686509322174372,45.87547331431964,4.3778304938537875,8.064660176833081,1.6528925619834711,0,
ARNA,2026-07-28,486.0,490.0,482.0,484.0,5165600.0,0,,1.0,1.8108170165478579,2500150400.0,3.3057851239669422,3.3057851239669422,9.090909090909092,0.24999999996875,83.90200750528899,2.109438492647058,1,39.48275865935788,0.09940486100704131,31.515728150556704,3.9965620971207616,8.016425638278884,1.6528925619834711,0,
ASGR,2026-07-16,1905.0,1945.0,1905.0,1940.0,1494500.0,0,,1.0,0.9832398559186822,2899330000.0,0.25773195876288657,0.25773195876288657,24.484536082474225,0.874999999978125,82.01619517105262,40.47295141601193,1,43.65854441646399,0.41456793545020965,39.09881201033608,18.708887869053083,24.271347127025823,2.0618556701030926,3,
ASGR,2026-07-17,1940.0,1945.0,1915.0,1935.0,1051700.0,0,,1.0,0.6800847115120354,2035039500.0,0.516795865633075,0.516795865633075,21.705426356589147,0.6666666666444444,81.11787723198943,37.43459859613485,1,45.68603824974507,0.4308835463478702,50.58720353847326,16.971437207193592,23.413483002742513,1.550387596899225,0,
ASGR,2026-07-20,1935.0,1935.0,1865.0,1880.0,1708500.0,0,,1.0,1.0601134262419174,3211980000.0,3.4574468085106385,3.4574468085106385,18.617021276595743,0.21428571428265306,71.80160871104353,29.392495746571797,1,46.152290255485845,0.3865874555879111,34.300884618317696,12.47382590487586,19.547246597990593,3.723404255319149,0,
ASGR,2026-07-21,1880.0,1900.0,1875.0,1885.0,668400.0,0,,1.0,0.4156742268297686,1259934000.0,3.183023872679045,3.183023872679045,15.915119363395224,0.399999999984,72.11514356883137,22.397788023230206,1,46.58523854653085,0.3602622374370106,6.48948606560926,11.654079668295573,19.43230057656973,1.3262599469496021,1,
ASGR,2026-07-22,1885.0,1925.0,1850.0,1905.0,1168700.0,0,,1.0,0.7134572182066806,2226373500.0,2.099737532808399,2.099737532808399,12.335958005249344,0.7333333333235555,73.3896912496929,17.33245727840631,1,46.98726195964408,0.3813033973402038,3.7214088469754594,11.533957845433255,20.23478919464781,3.937007874015748,2,
ASGR,2026-07-23,1905.0,1925.0,1885.0,1905.0,1267900.0,0,,1.0,0.7566728832525172,2415349500.0,2.099737532808399,2.099737532808399,9.711286089238845,0.49999999998750005,73.38969124951227,12.426098200693374,1,47.360569414677784,0.37661646795367665,-5.4786959386072684,10.243055555555555,19.803785925413504,2.099737532808399,0,
ASGR,2026-07-24,1905.0,1910.0,1875.0,1890.0,739800.0,0,,1.0,0.43931507703453393,1398222000.0,2.91005291005291,2.91005291005291,8.465608465608465,0.42857142855918373,70.58347372396818,6.890992385754572,1,47.38023679655425,0.3886101618482522,-3.8690400830526923,8.123569794050344,18.48786909911605,1.8518518518518516,0,
ASGR,2026-07-27,1890.0,1950.0,1890.0,1925.0,1708000.0,0,,1.0,0.9732748304746704,3287900000.0,1.2987012987012987,1.2987012987012987,7.792207792207792,0.5833333333236111,73.16214261674648,4.427136915250614,1,47.82747699291658,0.387207685185967,19.91170228622939,8.7724254838254,20.252373813093456,3.116883116883117,1,
ASGR,2026-07-28,1930.0,1940.0,1900.0,1930.0,867700.0,0,,1.0,0.4900543312511999,1674661000.0,1.0362694300518136,1.0362694300518136,5.181347150259067,0.7499999999812501,73.51926808463514,2.0928207806461927,1,48.24277146096732,0.40122947521132174,20.360368907170106,7.670850767085077,20.129465952944113,2.072538860103627,2,
ASII,2026-07-16,4850.0,5150.0,4840.0,5100.0,72624500.0,0,,1.0,1.264640325979069,370384950000.0,0.9803921568627451,0.9803921568627451,10.784313725490197,0.8387096774166494,59.00937428059044,53.17857035957633,1,18.472211449976356,0.053208012663475975,10.273210080150305,6.549670949545597,0.4827110629494631,6.078431372549019,1,
ASII,2026-07-17,5125.0,5200.0,5025.0,5100.0,65960600.0,0,,1.0,1.3387546042104221,336399060000.0,1.9607843137254901,1.9607843137254901,10.0,0.4285714285689796,59.00937428054216,58.34179808106879,1,19.132095330933588,-0.0637917179734375,12.37983897136251,6.227869193917933,0.7407407407407408,3.431372549019608,0,
ASII,2026-07-20,5125.0,5250.0,5050.0,5050.0,67793400.0,0,,1.0,1.3470202323061204,342356670000.0,3.9603960396039604,3.9603960396039604,10.297029702970297,0.0,56.51899823288757,55.785473868964374,1,19.9984934361472,-0.09437775409221638,1.7874016958004522,4.837035499273407,0.06935499851382146,3.9603960396039604,0,
ASII,2026-07-21,5100.0,5150.0,5050.0,5100.0,40894600.0,0,,1.0,0.8260815244085288,208562460000.0,2.941176470588235,2.941176470588235,10.196078431372548,0.499999999995,58.40927374633644,54.77931079935627,1,20.803005962416986,-0.0647443750899161,0.8405032550291761,5.415460934270359,1.3513513513513513,1.9607843137254901,1,
ASII,2026-07-22,5150.0,5300.0,5100.0,5150.0,93334100.0,0,,1.0,1.8127749669745867,480670615000.0,2.912621359223301,2.912621359223301,11.067961165048544,0.24999999999875,60.26937116257104,54.67265030293974,1,22.26672924458808,-0.06065117654628556,14.059394709126519,5.890819368767349,2.7124052652572797,3.8834951456310676,2,
ASII,2026-07-23,5150.0,5175.0,5000.0,5000.0,66257200.0,0,,1.0,1.3152826681952063,331286000000.0,6.0,6.0,11.4,0.0,52.66034888493093,42.247229119897604,1,22.66856944471005,-0.19859158674347416,0.019433395936292504,2.7221366204417055,0.06003602161296778,3.5000000000000004,0,
ASII,2026-07-24,4980.0,4980.0,4900.0,4980.0,73314000.0,0,,1.0,1.4432314494294665,365103720000.0,6.425702811244979,6.425702811244979,11.44578313253012,0.9999999999875,51.722707291392084,30.952014818376657,1,22.195019046411527,-0.08996179198829195,-7.980229656693402,2.0805575484267704,-0.03211819495745069,1.6064257028112447,0,
ASII,2026-07-27,4950.0,4950.0,4900.0,4910.0,21049300.0,0,,1.0,0.4160836607012518,103352063000.0,7.942973523421588,7.942973523421588,9.979633401221996,0.19999999999600002,48.469762085254835,17.69587699898707,1,21.7552936765629,-0.09450220306233105,-2.681393172718101,0.43980771197708907,-1.1037705446342285,1.0183299389002036,0,
ASII,2026-07-28,4920.0,5025.0,4920.0,4970.0,34388400.0,0,,1.0,0.7131086732585803,170910348000.0,6.639839034205232,6.639839034205232,9.25553319919517,0.476190476185941,51.29716459236707,12.161542770328488,1,21.794396435490864,-0.050006589487072955,-3.4873130410964013,1.201384646711464,0.4202699426169923,2.112676056338028,1,
ASRI,2026-07-16,123.0,127.0,121.0,123.0,18262000.0,0,,1.0,1.010575851708425,2246226000.0,7.317073170731707,7.317073170731707,21.138211382113823,0.33333333327777775,60.32315083269859,1.5392298134497735,1,41.96574770787185,0.16470847260489543,114.02681312165332,8.489525909592063,7.453216699691772,4.878048780487805,0,
ASRI,2026-07-20,123.0,125.0,120.0,122.0,8959300.0,0,,1.0,0.48143470152612217,1093034600.0,8.19672131147541,8.19672131147541,20.491803278688526,0.39999999992,58.74030766409107,1.3065748118172662,1,42.42578701632613,0.14535528512464566,97.23998049911235,6.59676714722586,6.961989254401645,4.098360655737705,0,
ASRI,2026-07-21,122.0,125.0,122.0,125.0,8067200.0,0,,1.0,0.4252855990595132,1008400000.0,1.6,5.6000000000000005,9.6,0.9999999996666666,61.96469159053472,1.302949301433883,1,42.30260020786736,0.16464018473678751,115.79157966388564,8.506944444444443,9.655451501429098,2.4,1,
ASRI,2026-07-23,125.0,129.0,123.0,123.0,26601600.0,0,,1.0,1.3302173449408652,3271996800.0,4.878048780487805,7.317073170731707,10.569105691056912,0.0,58.553118844802114,0.9175947056654326,1,42.66295461068179,0.09615892176360491,-454.8813651067778,5.715513536742592,8.045132386928955,4.878048780487805,0,
AUTO,2026-07-16,2600.0,2700.0,2570.0,2640.0,3892600.0,0,,1.0,3.047772658051431,10276464000.0,2.272727272727273,2.272727272727273,13.257575757575758,0.5384615384573965,70.66359729242033,30.472552139282815,1,29.174179766289402,0.1917693947156212,42.128428049374314,8.307692307692308,6.322996375352396,4.924242424242424,4,
AUTO,2026-07-17,2630.0,2660.0,2610.0,2640.0,1117500.0,0,,1.0,0.9005524194035798,2950200000.0,2.272727272727273,2.272727272727273,12.5,0.599999999988,70.66359729225283,32.362111643471785,1,30.858883365655842,0.16924697062607244,42.128428049374314,7.909258123850399,6.280193236714976,1.893939393939394,0,
AUTO,2026-07-20,2640.0,2690.0,2630.0,2640.0,3489100.0,0,,1.0,2.6137734195326936,9211224000.0,2.272727272727273,2.272727272727273,12.121212121212121,0.1666666666638889,70.66359729207244,31.821233053393954,1,32.660587754796666,0.07881682613466388,39.71594882351203,7.448107448107448,6.271636744223501,2.272727272727273,0,
AUTO,2026-07-21,2650.0,2690.0,2630.0,2660.0,1479900.0,0,,1.0,1.0674023585415984,3936534000.0,1.5037593984962405,1.5037593984962405,11.278195488721805,0.4999999999916667,72.19257530666513,30.98918295014274,1,34.33359897328458,0.05970413144363175,42.84614159010038,7.779578606158834,7.059486436448527,2.2556390977443606,1,
AUTO,2026-07-22,2660.0,2670.0,2630.0,2660.0,519300.0,0,,1.0,0.3793556870479945,1381338000.0,1.5037593984962405,1.5037593984962405,11.278195488721805,0.7499999999812501,72.19257530646254,28.671265731910324,1,35.887109390451926,0.09265938775396121,33.299243832899464,7.193229901269394,6.999195494770715,1.5037593984962405,0,
AUTO,2026-07-23,2650.0,2660.0,2600.0,2620.0,764500.0,0,,1.0,0.5569153663475964,2002990000.0,3.0534351145038165,3.0534351145038165,10.305343511450381,0.3333333333277778,64.4064225249573,22.925490675882948,1,36.4293373164691,0.06808920059906161,5.8441027986994944,5.136436597110754,5.35628116454881,2.2900763358778624,0,
AUTO,2026-07-24,2600.0,2600.0,2550.0,2570.0,780000.0,0,,1.0,0.5624337517936585,2004600000.0,5.058365758754864,5.058365758754864,10.505836575875486,0.39999999999200003,56.241008952551034,14.641975289870658,1,35.635428573955465,0.05818072094677174,-0.5277174179423921,2.8000000000000003,3.3622908622908585,1.9455252918287937,0,
AUTO,2026-07-27,2550.0,2630.0,2540.0,2620.0,1984900.0,0,,1.0,1.3836442913955287,5200438000.0,3.0534351145038165,3.0534351145038165,9.16030534351145,0.8888888888790123,61.49778427991673,11.55048335193289,1,35.30160750948396,0.13160641512444082,15.686931233355658,4.320127413896078,5.347808604744672,3.435114503816794,1,
AUTO,2026-07-28,2640.0,2720.0,2640.0,2700.0,3281500.0,0,,1.0,2.0991725492328395,8860050000.0,0.7407407407407408,0.7407407407407408,8.518518518518519,0.7499999999906249,68.10072747261992,13.763516267422034,1,35.95979769927061,0.1807967610650151,34.58532732425776,6.761565836298933,8.46858428410735,2.9629629629629632,2,
BAPA,2026-07-15,268.0,316.0,252.0,312.0,212278200.0,0,,1.0,5.181095820332484,66230798400.0,58.97435897435898,58.97435897435898,87.82051282051282,0.9374999999853515,53.166638344855215,-7.173167904978509,0,70.16271514361026,0.1771039471535041,55.42744302957902,5.192178017532021,19.3390452876377,20.51282051282051,2,
BAPA,2026-07-16,312.0,314.0,266.0,266.0,68250800.0,0,,1.0,1.537726696560174,18154712800.0,86.46616541353383,86.46616541353383,103.00751879699249,0.0,46.55006836819705,-9.35757951450622,0,65.48294627787787,0.08660073894689092,7.209073545387154,-10.738255033557047,1.5267175572519083,18.045112781954884,0,
BAPA,2026-07-17,228.0,242.0,228.0,228.0,30749200.0,0,,1.0,0.669600937944779,7010817600.0,117.54385964912282,117.54385964912282,120.17543859649122,0.0,41.91002464298466,-12.847722842581714,0,61.94981051495185,0.05022129525076595,377.064049490674,-23.361344537815125,-12.910618792971738,6.140350877192982,0,
BAPA,2026-07-20,206.0,236.0,204.0,210.0,54787100.0,1,,1.0,1.1258926161352714,11505291000.0,136.1904761904762,136.1904761904762,139.04761904761904,0.18749999999414066,39.88209312490633,-15.667678599631186,0,59.11916221951565,0.012209961722858879,147.60619341670275,-29.078014184397166,-19.614147909967848,15.238095238095239,0,10.0
BAPA,2026-07-21,212.0,220.0,204.0,212.0,20877800.0,1,,1.0,0.4200348355821883,4426093600.0,133.96226415094338,133.96226415094338,137.73584905660377,0.49999999996875,40.22817119997295,-16.607683945184544,0,56.49070308803918,0.011953531259622585,1309.847509654421,-28.086838534599735,-18.68671371586377,7.547169811320755,1,10.0
BAPA,2026-07-22,212.0,218.0,206.0,210.0,11878200.0,1,,1.0,0.23615258683426762,2494422000.0,71.42857142857143,136.1904761904762,74.28571428571429,0.33333333330555553,39.98031423800927,-16.537514544175302,0,54.04999103738246,0.007876511946274575,-70.21062095211494,-28.425357873210626,-19.280442804428052,5.714285714285714,0,10.0
BAPA,2026-07-23,214.0,220.0,206.0,220.0,36658700.0,0,,1.0,0.7031930816851222,8064914000.0,63.63636363636363,125.45454545454547,70.9090909090909,0.9999999999285715,41.9075945276963,-15.034361271654546,0,51.715907193730864,0.04275923059259775,-28.903803780586802,-24.786324786324787,-15.319476520400311,6.363636363636363,1,
BAPA,2026-07-24,222.0,234.0,187.0,187.0,136839000.0,0,,1.0,2.3203386186253807,25588893000.0,68.98395721925134,165.24064171122996,68.98395721925134,0.0,37.61507998210051,-15.421732442052644,0,49.96110450274144,-0.07821849503853849,-136.14011721824903,-35.50612174512847,-27.737846819692397,25.13368983957219,0,
BAPA,2026-07-27,181.0,183.0,165.0,171.0,26529600.0,0,,1.0,0.47094105222030397,4536561600.0,84.7953216374269,190.05847953216374,88.30409356725146,0.3333333333148148,35.705470641348114,-15.853691538243288,0,48.76830436085854,-0.16015486836396317,-224.5021618600961,-40.10507880910683,-33.57675574891237,10.526315789473683,0,
BAPA,2026-07-28,171.0,183.0,168.0,173.0,27219000.0,0,,1.0,0.48410207814943135,4708887000.0,82.65895953757226,186.7052023121387,87.28323699421965,0.3333333333111111,36.141879311629545,-15.106101754302452,0,47.660704229110124,-0.19464483085130663,-151.9163273518439,-38.18116848311596,-32.45881158741313,8.670520231213873,1,
BCIP,2026-07-23,63.0,64.0,61.0,63.0,18017000.0,0,,1.0,1.0361144872866503,1135071000.0,7.936507936507936,7.936507936507936,17.46031746031746,0.6666666664444444,59.75282995749796,0.7195365631081982,1,34.531041044781034,-0.06154389460158827,30.895132563532478,5.6160938809723415,2.7732463295269216,4.761904761904762,0,
BEEF,2026-07-16,264.0,278.0,260.0,260.0,15358300.0,1,,1.0,0.3408591422337822,3993158000.0,13.076923076923078,13.076923076923078,40.0,0.0,72.13871927754572,7.08181785105451,1,43.29751203265155,0.12079420211428882,-7.8623030012215285,28.553770086526576,45.95262153362525,6.923076923076923,0,4.0
BEEF,2026-07-17,262.0,266.0,252.0,264.0,10425900.0,1,,1.0,0.23282091844334074,2752437600.0,11.363636363636363,11.363636363636363,39.39393939393939,0.8571428570816326,73.06532309896215,5.570012770574895,1,44.11297638548564,0.13104423076757218,-0.95051296915308,27.137009390801826,47.02606371129428,5.303030303030303,1,4.0
BEEF,2026-07-20,270.0,282.0,264.0,270.0,23637100.0,1,,1.0,0.5396753422587043,6382017000.0,8.88888888888889,8.88888888888889,34.074074074074076,0.3333333333148148,74.43858642013771,4.501742616697495,1,45.236208388420266,0.09118428969705233,6.270848294903705,26.70107930549038,49.105367793240546,6.666666666666667,2,2.0
BEEF,2026-07-21,274.0,316.0,272.0,306.0,49354000.0,1,,1.0,1.0849821728903726,15102324000.0,3.2679738562091507,3.2679738562091507,23.52941176470588,0.7727272727097108,80.7728145361026,5.6717415813114656,1,46.86925446011962,0.10883473627698588,13.759536687373755,38.96457765667576,66.81203663323157,14.37908496732026,3,2.0
BEEF,2026-07-22,310.0,324.0,294.0,318.0,32453500.0,1,,1.0,0.7068970023829335,10320213000.0,1.8867924528301887,1.8867924528301887,22.641509433962266,0.7999999999733334,82.34345900107138,6.6387600098974175,1,48.49853239880478,0.15520635416125628,20.320712905604257,39.046786182772195,70.7657609279347,9.433962264150944,4,2.0
BEEF,2026-07-23,320.0,352.0,310.0,352.0,40504700.0,1,,1.0,0.8806422507038885,14257654400.0,0.0,0.0,28.40909090909091,0.9999999999761906,85.86634775053209,8.816718993981741,1,50.35219449058921,0.2253217678885176,32.627720016441636,47.06496762063924,85.49747048903879,11.931818181818182,5,6.0
BEEF,2026-07-24,352.0,360.0,334.0,340.0,24897500.0,1,,1.0,0.5391922197794915,8465150000.0,5.88235294117647,5.88235294117647,31.76470588235294,0.23076923076035502,79.81353990237382,8.683792227944448,1,52.15772497301372,0.22144086292950138,24.71973990441843,36.10888710968774,75.78326956881399,7.647058823529412,0,6.0
BEEF,2026-07-27,340.0,358.0,330.0,340.0,8789800.0,1,,1.0,0.1890550142176262,2988532000.0,5.88235294117647,5.88235294117647,31.76470588235294,0.357142857130102,79.81353990186892,7.855435130528143,1,53.52993474001077,0.21853528013545492,18.976864965110433,30.643611911623438,72.51877410188754,8.235294117647058,0,6.0
BEEF,2026-07-28,344.0,384.0,338.0,374.0,33855900.0,0,,1.0,0.7177858818206662,12662106600.0,2.6737967914438503,2.6737967914438503,35.294117647058826,0.7826086956351608,83.61000743567317,8.786516066116555,1,55.101022223678996,0.2522196345003868,14.558085475432211,37.19735876742479,85.68166021249132,12.299465240641712,1,
BELL,2026-07-16,118.0,119.0,113.0,113.0,21336900.0,0,,1.0,0.4795776226778322,2411069700.0,14.15929203539823,14.15929203539823,32.743362831858406,0.0,55.17637981588103,2.303532044443055,1,26.383669122658755,-0.043382898292990864,-8.178102231809172,9.549200193892384,3.7268221039104112,5.3097345132743365,0,
BELL,2026-07-17,115.0,117.0,111.0,113.0,17702900.0,1,,1.0,0.4077145848205089,2000427700.0,14.15929203539823,14.15929203539823,30.08849557522124,0.33333333327777775,55.1763798149606,1.9822262323009303,1,26.864153232513782,-0.028720294443578293,19.30947700057774,9.178743961352657,4.397634885439769,5.3097345132743365,0,4.0
BELL,2026-07-20,113.0,117.0,113.0,115.0,19918400.0,1,,1.0,0.456188004864564,2290616000.0,6.956521739130435,12.173913043478262,16.52173913043478,0.499999999875,56.73101628045202,1.80163823093502,1,27.310317048807736,-0.024248768306016792,26.20854167272808,10.470701248799237,6.897192786763341,3.4782608695652173,1,4.0
BELL,2026-07-21,115.0,117.0,111.0,116.0,23108700.0,1,,1.0,0.520328399504996,2680609200.0,4.310344827586207,11.206896551724139,14.655172413793101,0.8333333331944445,57.52427957950376,1.6507921868658348,1,27.362898880812683,-0.006495502453483065,22.991179261901966,10.634239389604202,8.269553854769459,5.172413793103448,2,4.0
BELL,2026-07-22,121.0,139.0,119.0,127.0,497630500.0,0,,1.0,7.379409254881793,63199073500.0,9.448818897637794,9.448818897637794,27.559055118110237,0.39999999998,65.10314685835347,2.1609095731860117,1,29.008388284251414,-0.05357717777943382,141.96956674353987,19.13696060037524,18.66940758736685,15.748031496062993,3,
BELL,2026-07-23,127.0,131.0,118.0,120.0,144036400.0,0,,1.0,1.9440540072889,17284368000.0,15.833333333333332,15.833333333333332,29.166666666666668,0.15384615383431952,58.009745312055514,1.9049217376224705,1,30.37542065499343,-0.11921717969360084,115.14279003995527,11.265646731571632,12.317484088356418,10.833333333333334,0,
BELL,2026-07-24,121.0,122.0,112.0,115.0,29022400.0,0,,1.0,0.38606872732100306,3337576000.0,20.869565217391305,20.869565217391305,30.434782608695656,0.29999999997,53.523779261164734,1.3054669219160564,1,30.710966331500867,-0.12210786845106794,106.71731981885866,5.407882676443635,7.9204204204204185,8.695652173913043,0,
BELL,2026-07-27,116.0,117.0,113.0,115.0,13931300.0,0,,1.0,0.18502234470895434,1602099500.0,20.869565217391305,20.869565217391305,26.956521739130434,0.499999999875,53.523779260273244,0.8382709650131734,1,31.022544459686344,-0.11808983626708987,95.41732269202343,4.308390022675737,8.204742190440346,3.4782608695652173,0,
BIPP,2026-07-16,68.0,69.0,66.0,68.0,15378700.0,0,,1.0,0.33822775010598,1045751600.0,14.705882352941178,14.705882352941178,38.23529411764706,0.6666666664444444,59.488489080345786,2.0182514862842784,1,44.37516269317593,0.02187637943913493,259.59238004111876,15.254237288135593,8.039402605656184,4.411764705882353,0,
BIPP,2026-07-21,69.0,71.0,68.0,69.0,18451300.0,0,,1.0,0.4021915606973837,1273139700.0,13.043478260869565,13.043478260869565,28.985507246376812,0.3333333332222222,60.86409085899933,1.3772317120372601,1,46.09795474309998,0.017292701890433703,-10.401976565132491,13.300492610837441,11.90398962049952,4.3478260869565215,1,
BIPP,2026-07-23,69.0,75.0,65.0,67.0,67962600.0,0,,1.0,1.3711836285808217,4553494200.0,16.417910447761194,16.417910447761194,26.865671641791046,0.19999999998,56.420343326537484,0.8660515357300498,1,47.03413974652047,-0.01826619759171966,-14.196409959533696,7.630522088353414,9.40561724363161,14.925373134328357,0,
BIRD,2026-07-20,1610.0,1645.0,1610.0,1640.0,1106800.0,0,,1.0,0.8514108126403883,1815152000.0,0.3048780487804878,0.3048780487804878,7.621951219512195,0.8571428571183675,76.16920368812355,5.832312210992917,1,36.93793210892328,0.11803657144791313,62.812315146052214,6.035727484909685,12.410971744191027,2.1341463414634148,2,
BIRD,2026-07-21,1640.0,1650.0,1625.0,1640.0,1482300.0,0,,1.0,1.1910568289106276,2430972000.0,0.6097560975609756,0.6097560975609756,6.097560975609756,0.599999999976,76.16920368776466,5.841815775088186,1,38.29966438777802,0.16990350113543026,52.77916875312968,5.607236638795611,12.079624906463769,1.524390243902439,0,
BIRD,2026-07-23,1640.0,1645.0,1615.0,1620.0,1385900.0,0,,1.0,1.2794615903027158,2245158000.0,1.8518518518518516,1.8518518518518516,6.172839506172839,0.1666666666611111,68.90738768025581,2.4165446695769575,1,40.05586374223083,0.043074918919152376,-11.781785885085739,3.567318757192172,10.061622214350894,1.8518518518518516,0,
BKDP,2026-07-15,148.0,155.0,136.0,144.0,35465000.0,1,,1.0,1.9974385026617494,5106960000.0,19.444444444444446,19.444444444444446,66.66666666666666,0.4210526315567867,65.74579253952164,4.65819990289007,1,53.24616128145805,0.3234941421033612,582.9219707355287,27.040141155712398,26.00630031501575,13.194444444444445,0,8.0
BKDP,2026-07-16,147.0,162.0,138.0,156.0,44317100.0,1,,0.6,2.2190620994993013,6913467600.0,10.256410256410255,10.256410256410255,61.53846153846154,0.74999999996875,69.57609312086652,6.120001176952856,1,52.50737537818464,0.34307801508095165,2393.9375335074274,35.77023498694516,34.854771784232355,15.384615384615385,1,15.0
BKDP,2026-07-17,164.0,164.0,148.0,151.0,19371300.0,1,,0.6,0.9251009806271926,2925066300.0,13.90728476821192,13.90728476821192,63.576158940397356,0.18749999998828126,66.25186745105673,6.403918184031364,1,51.896355213556774,0.2982995190290078,368.5953248906639,29.94836488812392,29.258688580722485,10.596026490066226,0,15.0
BKDP,2026-07-20,151.0,151.0,142.0,145.0,18716700.0,1,,0.6,0.8556012103954677,2713921500.0,18.620689655172416,18.620689655172416,65.51724137931035,0.3333333332962963,62.39908396244385,5.856263264574235,1,50.75236541663836,0.2712782273802542,42.89206914050437,23.72013651877133,23.048200950441274,6.206896551724138,0,15.0
BKDP,2026-07-21,147.0,159.0,144.0,155.0,26808300.0,0,,1.0,1.1547382807738313,4155286500.0,10.967741935483872,10.967741935483872,61.29032258064516,0.7333333332844444,65.95286366351321,5.823839160127088,1,50.03139523599072,0.28255935290169165,-0.8683589818065272,30.58129738837405,30.38358008075371,9.67741935483871,1,
BKDP,2026-07-22,157.0,160.0,149.0,158.0,9587500.0,0,,1.0,0.40461636144068325,1514825000.0,8.860759493670885,8.860759493670885,60.12658227848101,0.8181818181074381,66.96168870906459,5.656054119770915,1,49.404021750863244,0.28971710299234626,17.46229364743823,31.2837557125052,31.688614769128183,6.962025316455696,2,
BKDP,2026-07-28,146.0,180.0,141.0,169.0,72470300.0,0,,1.0,2.6160882080501686,12247480700.0,6.508875739644971,6.508875739644971,26.035502958579883,0.7179487179303091,67.68508828332355,3.269655926485205,1,46.93291907756182,0.2916410144846578,26.797053557446176,33.33333333333333,36.466408268733844,23.076923076923077,1,
BKSL,2026-07-16,65.0,67.0,63.0,65.0,150203600.0,1,,0.35,1.051446050175175,9763234000.0,4.615384615384616,6.153846153846154,12.307692307692308,0.499999999875,48.73967940146135,1.41826907687381,1,28.59209378155203,-0.025352455243301816,11.75938996697968,4.417670682730924,-10.542251582714005,6.153846153846154,0,30.0
BKSL,2026-07-17,66.0,68.0,64.0,67.0,139037700.0,1,,0.35,0.9550478848969668,9315525900.0,1.4925373134328357,1.4925373134328357,11.940298507462686,0.7499999998125,52.671918943337104,1.5036123412685107,1,27.54753303649324,-0.010673429692971942,15.43592174283816,7.717041800643082,-6.607192640089204,5.970149253731343,1,30.0
BKSL,2026-07-20,68.0,69.0,67.0,69.0,181113000.0,1,,0.35,1.208600157767388,12496797000.0,0.0,0.0,13.043478260869565,0.9999999995,56.28343355169265,1.6348306576682408,1,26.872319199709832,0.0819855672399272,18.05974222100471,10.48839071257005,-2.7621195039458764,2.898550724637681,2,30.0
BKSL,2026-07-21,69.0,72.0,68.0,72.0,243322900.0,0,,1.0,1.5404267625131751,17519248800.0,0.0,0.0,16.666666666666664,0.99999999975,61.080873101201675,1.848015441000196,1,27.03025786433877,0.16337133089565725,22.516356111628227,14.55847255369928,2.330869812393406,5.555555555555555,3,
BKSL,2026-07-22,72.0,73.0,68.0,71.0,245832200.0,0,,1.0,1.5247631778601134,17454086200.0,2.8169014084507045,2.8169014084507045,18.30985915492958,0.59999999988,58.765867493912125,1.8419170629617465,1,27.409668935289318,0.2172817930102117,9.518627873244824,12.075769534333068,1.8067106395182178,7.042253521126761,0,
BKSL,2026-07-23,71.0,75.0,70.0,72.0,304217200.0,0,,1.0,1.756997988085374,21903638400.0,4.166666666666666,4.166666666666666,20.833333333333336,0.39999999992,60.38288363241143,1.8221331607183104,1,28.19718845098685,0.17524945148835727,18.634978322022896,12.852664576802514,4.076322636600163,6.944444444444445,1,
BKSL,2026-07-24,72.0,72.0,67.0,69.0,198547800.0,0,,1.0,1.126112051517574,13699798200.0,8.695652173913043,8.695652173913043,21.73913043478261,0.39999999992,53.592872778574836,1.535384876559216,1,27.67267021419867,0.173622545836424,8.889055033741894,7.476635514018687,0.6124234470691189,7.246376811594203,0,
BKSL,2026-07-27,69.0,70.0,67.0,68.0,99600600.0,0,,1.0,0.5564323160310928,6772840800.0,10.294117647058822,10.294117647058822,20.588235294117645,0.3333333332222222,51.513459720382365,1.2204761835848297,1,27.185617565752505,0.17455964963507634,0.11798536484276773,5.181747873163177,0.05885815185404099,4.411764705882353,0,
BKSL,2026-07-28,68.0,69.0,66.0,66.0,86850100.0,0,,1.0,0.48937214246229294,5732106600.0,13.636363636363635,13.636363636363635,18.181818181818183,0.0,47.540516958657946,0.837825750053475,1,26.32937082126206,0.16812588043588272,-11.775895723381295,1.3824884792626817,-1.9316493313521503,4.545454545454546,0,
BLUE,2026-07-20,2920.0,2960.0,2870.0,2910.0,600300.0,0,,1.0,1.8983618999430716,1746873000.0,4.4673539518900345,9.965635738831615,9.965635738831615,0.44444444443950615,45.52698291940068,3.0078731848032447,1,14.574230129058428,-0.39174038713658343,45.13075965130757,-0.81799591002045,-4.6669840552088475,3.0927835051546393,3,
BLUE,2026-07-27,2930.0,2970.0,2860.0,2860.0,547900.0,0,,1.0,1.8923773011432257,1566994000.0,4.545454545454546,11.888111888111888,6.293706293706294,0.0,43.1322757437721,10.185547981421792,1,10.676538631695877,-0.36393373906224685,-30.551741891196144,-1.6506189821182942,-6.4216643816239385,3.8461538461538463,0,
BLUE,2026-07-28,2870.0,2930.0,2860.0,2870.0,439200.0,0,,1.0,1.4571997345719925,1260504000.0,4.181184668989547,11.498257839721255,5.574912891986063,0.14285714285510204,43.9467199637327,8.16969458017202,1,10.01576777766153,-0.40164382798998854,-17.013468828131295,-1.1367550809507405,-6.0944488005391015,2.4390243902439024,1,
BMTR,2026-07-16,115.0,122.0,115.0,122.0,95389100.0,0,,1.0,3.3858700089093343,11637470200.0,0.0,0.0,10.655737704918032,0.9999999998571428,57.28514565997669,1.4294208404148492,1,42.74406394933841,0.4636533711796503,34.95491094732507,6.318082788671024,-1.1825692531994119,5.737704918032787,4,
BMTR,2026-07-17,122.0,123.0,117.0,120.0,44853700.0,0,,1.0,1.5979404122488683,5382444000.0,2.5,2.5,11.666666666666666,0.49999999991666666,53.88468802872114,1.5792801790785802,1,40.64082102717047,0.4932103464835998,26.362618469510412,4.484109708315199,-2.1526418786692765,5.0,0,
BMTR,2026-07-20,120.0,121.0,118.0,120.0,34803500.0,0,,1.0,1.1953366637971168,4176420000.0,2.5,2.5,11.666666666666666,0.6666666664444444,53.88468802699882,1.6185244793269478,1,38.68780974230023,0.4715787428696226,22.98679729134111,4.484109708315199,-1.5909463670657682,2.5,0,
BMTR,2026-07-21,120.0,123.0,120.0,123.0,49213600.0,0,,1.0,1.6218437574458142,6053272800.0,0.0,0.0,11.38211382113821,0.9999999996666666,58.201081405980894,1.7741442121695834,1,37.37160065705828,0.525460502020954,27.173496453296668,6.863596872284974,1.284584980237156,2.4390243902439024,1,
BMTR,2026-07-22,124.0,124.0,118.0,121.0,43690600.0,0,,1.0,1.3814121828826758,5286562600.0,2.479338842975207,2.479338842975207,12.396694214876034,0.49999999991666666,54.53624555034442,1.6714160154301756,1,35.465680753322786,0.5326367767126173,12.888792936758273,4.716572912159242,0.08271298593878769,4.958677685950414,0,
BMTR,2026-07-23,121.0,124.0,119.0,121.0,40259600.0,0,,1.0,1.3016483668369938,4871411600.0,2.479338842975207,2.479338842975207,11.570247933884298,0.39999999992,54.536245548495316,1.535971355726696,1,33.69589798556839,0.443993996372688,-11.58318362538654,4.580812445980983,0.49833887043188896,4.132231404958678,0,
BMTR,2026-07-24,120.0,120.0,115.0,115.0,44304600.0,0,,1.0,1.364172752847261,5095029000.0,7.82608695652174,7.82608695652174,12.173913043478262,0.0,44.73536529652623,1.0007141114131473,1,31.75776530637025,0.3546287943280125,-10.08876865649316,-0.6050129645635288,-4.038718291054742,4.3478260869565215,0,
BMTR,2026-07-27,115.0,115.0,113.0,115.0,27282900.0,0,,1.0,0.8123297839366951,3137533500.0,7.82608695652174,7.82608695652174,10.434782608695652,0.9999999995,44.73536529508324,0.6235463069629203,1,30.47479409406544,0.37973596518581737,-10.08876865649316,-0.5620406398616564,-3.5881958417169693,1.7391304347826086,0,
BMTR,2026-07-28,115.0,115.0,113.0,113.0,62164400.0,0,,1.0,1.7299987574167124,7024577200.0,9.734513274336283,9.734513274336283,9.734513274336283,0.0,41.829280056110775,0.23618114446779703,1,29.283463682639546,0.2825499422472176,-44.798339807768784,-2.375809935205184,-4.785979103471526,1.7699115044247788,0,
BRIS,2026-07-16,1740.0,1755.0,1730.0,1740.0,11932300.0,1,,1.0,1.221771185785543,20762202000.0,5.459770114942529,6.609195402298851,7.758620689655173,0.399999999984,47.39034489323926,1.8568275569615906,1,16.184284068833453,-0.11377196371789239,-7.1654959846312165,-0.28653295128939826,-3.384805088905643,1.4367816091954022,1,3.0
BRIS,2026-07-17,1745.0,1910.0,1740.0,1910.0,64705100.0,0,,1.0,5.13275290995029,123586741000.0,0.0,0.0,10.209424083769633,0.9999999999941177,61.870430720338845,13.055391545684085,1,17.391927727556684,0.1684959532096702,85.26603509696444,9.220872051465333,5.9046104794121135,8.900523560209423,2,
BRIS,2026-07-20,1910.0,1945.0,1860.0,1865.0,26710600.0,0,,1.0,1.9825250760408577,49815269000.0,4.289544235924933,4.289544235924933,12.332439678284182,0.05882352941107266,57.369185808298504,16.664158949970727,1,18.875189131161115,0.0940011399721398,28.481670370429583,6.358711149130311,3.512007153123279,4.557640750670242,0,
BRIS,2026-07-21,1875.0,1900.0,1865.0,1900.0,14593200.0,0,,1.0,1.0495314822765882,27727080000.0,2.368421052631579,2.368421052631579,12.105263157894736,0.9999999999714286,59.817816297190035,20.39404345974276,1,20.252503291650942,0.14117792285981762,76.17149383482658,7.954545454545454,5.426218970980203,1.8421052631578945,1,
BRIS,2026-07-22,1895.0,1910.0,1875.0,1900.0,13379500.0,0,,1.0,0.9614400006323607,25421050000.0,2.368421052631579,2.368421052631579,12.105263157894736,0.7142857142653062,59.81781629708431,21.724214731506436,1,21.63955763941555,0.2088997307823498,103.09541918865885,7.344632768361582,5.31180375249297,1.8421052631578945,0,
BRIS,2026-07-23,1910.0,1915.0,1885.0,1900.0,13958400.0,0,,1.0,1.002486033790381,26520960000.0,2.368421052631579,2.368421052631579,11.842105263157894,0.49999999998333333,59.81781629697046,21.431048580058086,1,22.98359126608579,0.18174483752713713,70.57321267769888,6.997043502745319,5.220521928076292,1.5789473684210527,0,
BRIS,2026-07-24,1885.0,1890.0,1840.0,1845.0,13626600.0,0,,1.0,0.9654730687669114,25141077000.0,5.420054200542006,5.420054200542006,12.195121951219512,0.09999999999800001,53.75759915517977,16.57695703036457,1,23.108348422489666,0.16001261941321185,-18.491569470522236,3.564412012349144,2.1205881079524316,2.710027100271003,0,
BRIS,2026-07-27,1845.0,1870.0,1820.0,1845.0,10661700.0,0,,1.0,0.7422894446353248,19670836500.0,5.420054200542006,5.420054200542006,11.653116531165312,0.49999999999000005,53.75759915507313,12.590814572625973,1,22.771038200978758,0.1713446068822667,0.8591266878559696,3.159071847917249,2.066568712048945,2.710027100271003,0,
BRIS,2026-07-28,1840.0,1845.0,1785.0,1790.0,14267600.0,0,,1.0,0.9830239651536207,25539004000.0,8.659217877094973,8.659217877094973,12.011173184357542,0.08333333333194445,48.10536072891853,5.818977441936669,1,21.718139274465475,0.08983950393102783,-21.946172704299197,-0.15339562125226608,-0.9681881051175657,3.35195530726257,0,
BRMS,2026-07-16,560.0,580.0,550.0,560.0,338829700.0,1,,0.6,0.7431442209135506,189744632000.0,7.142857142857142,22.321428571428573,22.857142857142858,0.3333333333222222,51.61833562061984,11.782176362771747,1,26.489522325399044,-0.2585269039492262,89.73770944915758,4.790419161676651,-6.134763660744221,5.357142857142857,1,13.0
BRMS,2026-07-17,560.0,560.0,535.0,545.0,441276500.0,1,,0.6,0.9920556569939462,240495692500.0,10.091743119266056,22.93577981651376,23.486238532110093,0.399999999984,49.078890302293175,11.080702662866553,1,24.69741805286597,-0.2429341032662226,55.83839120057944,3.0927835051546433,-7.799018778548472,4.587155963302752,0,13.0
BRMS,2026-07-20,540.0,575.0,540.0,575.0,564581800.0,1,,0.6,1.2253423242270238,324634535000.0,4.3478260869565215,11.304347826086957,22.26086956521739,0.9999999999714286,53.95762564156958,12.197373218554741,1,23.21361844674185,-0.1625953090793458,94.49562707712963,9.388376296014462,-1.8603857313534695,6.086956521739131,1,13.0
BRMS,2026-07-21,575.0,620.0,555.0,620.0,1135656300.0,0,,1.0,2.2463598550216313,704106906000.0,0.0,3.225806451612903,23.870967741935484,0.9999999999846153,60.12851492083259,15.324548331026481,1,22.831124299779773,-0.059571871160317015,975.1522475290908,18.17402077575527,6.291788102177276,10.483870967741936,2,
BRMS,2026-07-22,625.0,630.0,595.0,605.0,709241600.0,0,,1.0,1.3792608958452777,429091168000.0,4.132231404958678,4.132231404958678,26.115702479338843,0.28571428570612245,57.3684057968725,15.683949488393072,1,22.67276879994721,-0.03601057916047466,171.7768699771125,14.713689799014034,4.238456237077881,5.785123966942149,0,
BRMS,2026-07-23,610.0,650.0,605.0,610.0,756721800.0,0,,1.0,1.4074184083052963,461600298000.0,6.557377049180328,6.557377049180328,25.573770491803277,0.11111111110864198,58.05950869982023,15.530329531772807,1,22.907812662589528,-0.08382100843066982,732.1462676529926,14.953359087911059,5.645999307239353,7.377049180327869,1,
BRMS,2026-07-24,605.0,610.0,575.0,585.0,350796900.0,0,,1.0,0.6719135765934807,205216186500.0,11.11111111111111,11.11111111111111,26.666666666666668,0.28571428570612245,53.39835217571667,13.113284214751605,1,22.242848658522938,-0.06950509168353185,225.41297512652966,9.345794392523365,1.9696705595258763,5.982905982905983,0,
BRMS,2026-07-27,575.0,590.0,565.0,575.0,277879600.0,0,,1.0,0.536048136451184,159780770000.0,13.043478260869565,13.043478260869565,20.869565217391305,0.399999999984,51.6133964660217,10.331650371158313,1,21.349185011695212,-0.07419137998167988,1005.6461720114555,6.728538283062645,0.9126009126009206,4.3478260869565215,0,
BRMS,2026-07-28,575.0,575.0,555.0,555.0,188948400.0,0,,1.0,0.37826035359104343,104866362000.0,17.117117117117118,17.117117117117118,20.72072072072072,0.0,48.14696078670919,6.805592785625807,1,20.242195976576873,-0.0936392337478231,-71.27527112831432,2.2476050110538037,-1.8567639257294428,3.6036036036036037,0,
BRPT,2026-07-16,1695.0,1730.0,1675.0,1695.0,116862400.0,1,,1.0,0.5411375189224648,198081768000.0,4.71976401179941,5.783466583363157,17.699115044247787,0.3636363636297521,53.462822455347116,38.10907476479113,1,16.64564092069407,-0.1675973473466645,18.087543746789045,8.682405271814872,-0.5776579387204048,3.2448377581120944,1,8.0
BRPT,2026-07-17,1700.0,1715.0,1660.0,1695.0,140462700.0,1,,1.0,0.6715157560905263,238084276500.0,4.71976401179941,4.71976401179941,17.699115044247787,0.6363636363520662,53.46282245529123,35.52558626220837,1,16.55560518778487,-0.1104395928235693,7.263416040509285,8.693326362568863,0.11822459235828837,3.2448377581120944,0,8.0
BRPT,2026-07-20,1700.0,1800.0,1700.0,1800.0,278158000.0,0,,1.0,1.2939779653264352,500684400000.0,0.0,0.0,16.944444444444446,0.99999999999,58.38056323321081,39.05630515458319,1,17.19884975920748,-0.005005535597370118,5.619091962321402,14.648175045594995,6.771326200621211,5.555555555555555,1,
BRPT,2026-07-21,1815.0,1875.0,1780.0,1860.0,342684500.0,0,,1.0,1.5224234078543764,637393170000.0,0.8064516129032258,0.8064516129032258,20.43010752688172,0.8421052631490304,60.921809056806104,43.273392580141405,1,18.341444537572766,0.019289000903903786,52.441219591119015,17.769032461359455,10.576665228066167,5.10752688172043,2,
BRPT,2026-07-22,1870.0,1925.0,1800.0,1830.0,331295600.0,0,,1.0,1.4115003314492203,606270948000.0,5.191256830601093,5.191256830601093,23.497267759562842,0.23999999999808,58.982580767105254,41.85739725528904,1,19.72967478657124,0.011387029366658028,28.89041315188901,14.719466922894615,8.991211820168813,6.830601092896176,0,
BRPT,2026-07-23,1830.0,1905.0,1765.0,1790.0,342089300.0,0,,1.0,1.4083189834821783,612339847000.0,7.5418994413407825,7.5418994413407825,18.71508379888268,0.17857142857015307,56.404518155890216,36.251345494774995,1,20.53497679913845,-0.03585933025257859,-4.073481189656467,11.472139016027851,7.231570774889401,7.82122905027933,0,
BRPT,2026-07-24,1755.0,1780.0,1690.0,1745.0,205955100.0,0,,1.0,0.8473567680066414,359391649500.0,10.315186246418339,10.315186246418339,17.478510028653297,0.6111111111043209,53.56783400976169,27.91121356375386,1,20.329396178107654,0.012236568432563526,-20.040666277581963,7.725172023788557,4.954188436229949,5.157593123209169,0,
BRPT,2026-07-27,1755.0,1770.0,1715.0,1725.0,114434700.0,0,,1.0,0.4731839597763428,197399857500.0,11.594202898550725,11.594202898550725,15.36231884057971,0.18181818181487605,52.30869653049421,19.826442940904652,1,20.13849988715048,0.022344289622070957,-64.35562160894837,5.443970287830425,4.193355037224847,3.1884057971014492,0,
BRPT,2026-07-28,1715.0,1805.0,1715.0,1745.0,113567800.0,0,,1.0,0.48337222866132773,198175811000.0,10.315186246418339,10.315186246418339,15.18624641833811,0.3333333333296296,53.486129593499115,14.83306295311381,1,20.26861236584295,0.058086646273720254,-131.56615257817265,5.183183967375719,5.826748814408,5.157593123209169,1,
BSDE,2026-07-16,560.0,575.0,555.0,570.0,10890100.0,0,,1.0,0.62856014872901,6207357000.0,2.631578947368421,4.385964912280701,7.894736842105263,0.7499999999625,47.698971590318266,5.601090575657523,1,29.75039272985675,-0.26692943009395137,6.151797006004435,1.876675603217158,-8.46314437128634,3.508771929824561,1,
BSDE,2026-07-17,570.0,585.0,560.0,575.0,18669100.0,0,,1.0,1.2854895183141164,10734732500.0,1.7391304347826086,2.608695652173913,7.82608695652174,0.599999999976,49.074132489104095,6.263182826258539,1,28.038833607816684,-0.04833810164675344,9.525399267458788,2.5869759143621764,-7.078215901745306,4.3478260869565215,2,
BSDE,2026-07-20,575.0,590.0,575.0,580.0,15119400.0,0,,1.0,1.0655309948275296,8769252000.0,1.7241379310344827,1.7241379310344827,8.620689655172415,0.3333333333111111,50.47642921764033,6.847124103622601,1,26.735490449487155,-0.06723272897713906,15.10897639958727,3.34075723830735,-5.645030095981786,2.586206896551724,3,
BSDE,2026-07-21,585.0,595.0,575.0,590.0,21930800.0,0,,1.0,1.5219216735114787,12939172000.0,0.847457627118644,0.847457627118644,9.322033898305085,0.7499999999625,53.24914721484295,7.654953036546338,1,25.807211686815897,-0.06463724576926097,19.90046301646366,5.028927458834001,-3.4843775560281296,3.389830508474576,4,
BSDE,2026-07-22,590.0,605.0,580.0,585.0,14910700.0,0,,1.0,1.0200885061399123,8722759500.0,3.418803418803419,3.418803418803419,11.11111111111111,0.199999999992,51.69080883773063,7.586050543339315,1,25.47595653421449,-0.05748964195601475,18.830381709084048,3.861517976031957,-3.751233958538986,4.273504273504273,0,
BSDE,2026-07-23,590.0,615.0,590.0,595.0,20760600.0,0,,1.0,1.3747394295128688,12352557000.0,3.361344537815126,3.361344537815126,12.605042016806722,0.199999999992,54.55529715973099,7.9112165734702256,1,25.64633761647125,-0.1042196416025749,23.35180287590842,5.403011514614704,-1.5715467328370554,4.201680672268908,1,
BSDE,2026-07-24,595.0,595.0,575.0,575.0,8573200.0,0,,1.0,0.5668542472082765,4929590000.0,6.956521739130435,6.956521739130435,13.043478260869565,0.0,48.376973394058744,6.5337702016670605,1,24.703215416478283,-0.1055635339504461,14.011540053438873,1.6799292661361624,-4.373856643938127,3.4782608695652173,0,
BSDE,2026-07-27,575.0,580.0,555.0,565.0,10512200.0,0,,1.0,0.6863196352755835,5939393000.0,8.849557522123893,8.849557522123893,11.504424778761061,0.399999999984,45.59649282650377,4.78465223058849,1,23.235380032455424,-0.11109932663760791,3.7826901024401534,-0.044228217602830605,-5.502592406756979,4.424778761061947,0,
BSDE,2026-07-28,565.0,570.0,555.0,560.0,6271200.0,0,,1.0,0.43350542348382487,3511872000.0,9.821428571428571,9.821428571428571,11.607142857142858,0.3333333333111111,44.22772295173192,3.2024524847030413,1,21.872390033005626,-0.044387979701913764,-9.380927190535731,-1.0600706713780919,-5.787348586810225,2.6785714285714284,0,
BSSR,2026-07-16,4310.0,4340.0,4270.0,4270.0,817900.0,0,,1.0,0.5414440715217229,3492433000.0,1.639344262295082,1.639344262295082,7.962529274004685,0.0,78.44249765514317,14.69861621320328,1,52.18342972355333,0.09759665564478626,26.11163089278763,4.795255079228753,13.159652231999397,1.639344262295082,0,
BSSR,2026-07-17,4270.0,4280.0,4240.0,4250.0,695700.0,0,,1.0,0.5040372974559045,2956725000.0,2.1176470588235294,2.1176470588235294,7.764705882352942,0.24999999999375003,75.30275395226086,10.383941387004114,1,52.725847737388655,0.05433491061548726,12.09181452910046,3.946331305356806,12.229187225524115,0.9411764705882352,0,
BSSR,2026-07-20,4250.0,4320.0,4250.0,4280.0,1291000.0,0,,1.0,1.0406506686442514,5525480000.0,1.4018691588785046,1.4018691588785046,7.710280373831775,0.4285714285653061,76.8026368344767,7.900760009840781,1,53.46130736739731,-0.07045281323711751,13.544955265133012,4.374538559914855,12.608488158988365,1.6355140186915886,1,
BSSR,2026-07-21,4280.0,4310.0,4280.0,4290.0,497300.0,0,,1.0,0.4465837198547005,2133417000.0,1.1655011655011656,1.1655011655011656,7.226107226107226,0.3333333333222222,77.29756781078204,5.401335009087461,1,54.144234166691064,-0.13139180306679102,6.114942029850423,4.323884415635402,12.449580907180504,0.6993006993006993,2,
BSSR,2026-07-22,4290.0,4320.0,4290.0,4290.0,536100.0,0,,1.0,0.5889202579341096,2299869000.0,1.1655011655011656,1.1655011655011656,6.526806526806526,0.0,77.29756781060443,2.372265435162433,1,54.83875075157996,0.0625519733004556,1.42447483185804,3.974793989335919,12.02549477646347,0.6993006993006993,0,
BSSR,2026-07-23,4290.0,4320.0,4290.0,4300.0,1287300.0,0,,1.0,1.5855205626239341,5535390000.0,0.9302325581395349,0.9302325581395349,6.279069767441861,0.3333333333222222,77.84575925321592,-0.19721649855077317,0,55.483659008976794,-0.12335211191267106,12.887731230775895,3.9149347510874817,11.864117169146919,0.6976744186046512,1,
BSSR,2026-07-24,4300.0,4310.0,4260.0,4270.0,938100.0,0,,1.0,1.163159787231403,4005687000.0,1.639344262295082,1.639344262295082,4.215456674473068,0.19999999999600002,72.2122780611991,-4.896198370652826,0,55.220251144988815,-0.1127488796137349,12.028226237570832,2.8543899795254726,10.67934774206662,1.1709601873536302,0,
BSSR,2026-07-27,4270.0,4270.0,4230.0,4240.0,691500.0,0,,1.0,0.8615534125738196,2931960000.0,2.358490566037736,2.358490566037736,2.8301886792452833,0.24999999999375003,66.99137683429572,-10.672421727945547,0,54.178709172964744,-0.08690986880312528,0.8131488796906887,1.8129427302197143,9.520142626819293,0.9433962264150944,0,
BSSR,2026-07-28,4240.0,4250.0,4200.0,4240.0,593800.0,0,,1.0,0.7607505012523291,2517712000.0,2.358490566037736,2.358490566037736,3.30188679245283,0.7999999999840001,66.99137683412187,-14.8821854829187,0,52.47471902946403,-0.07980910632815999,-1.7500894728769363,1.471820031111643,9.141184956771859,1.179245283018868,0,
BTPS,2026-07-16,1035.0,1050.0,1025.0,1025.0,1276500.0,0,,1.0,0.5446411619011452,1308412500.0,2.4390243902439024,2.4390243902439024,7.804878048780488,0.0,60.353046854333996,4.137991680798059,1,23.44039111537404,-0.1615569465546941,34.44343570780097,2.937484308310319,4.955969690763872,2.4390243902439024,0,
BTPS,2026-07-17,1035.0,1050.0,1025.0,1040.0,1906600.0,0,,1.0,0.852832112935619,1982864000.0,0.9615384615384616,0.9615384615384616,6.730769230769231,0.599999999976,63.70552711298384,4.559986716322015,1,24.4634805051191,-0.06983207523167313,55.55235712229577,4.234527687296417,6.372097780505262,2.403846153846154,1,
BTPS,2026-07-20,1040.0,1060.0,1030.0,1030.0,2274700.0,0,,1.0,1.0073803107569188,2342941000.0,2.912621359223301,2.912621359223301,7.281553398058252,0.0,60.05940775612112,3.8403445953698103,1,25.75585522034807,-0.15994538866812838,39.295986718915884,3.1805659904833457,5.327743123018716,2.912621359223301,0,
BTPS,2026-07-21,1035.0,1045.0,1025.0,1030.0,2605600.0,0,,1.0,1.2079824384499656,2683768000.0,2.912621359223301,2.912621359223301,7.281553398058252,0.2499999999875,60.05940775575095,3.0722949670798325,1,26.550466052067293,-0.09039111802332735,18.058993668082444,3.0257564391097773,5.295440605193207,1.9417475728155338,0,
BTPS,2026-07-22,1030.0,1040.0,1025.0,1025.0,1340200.0,0,,1.0,0.6423273703255488,1373705000.0,3.414634146341464,3.414634146341464,6.829268292682928,0.0,58.130131392474794,1.9880761808768206,1,27.288318967235142,-0.07429865476818859,-64.2624927336534,2.2698927413320034,4.730765300909365,1.4634146341463417,0,
BTPS,2026-07-23,1020.0,1020.0,1000.0,1020.0,3501500.0,0,,1.0,1.6460102526013443,3571530000.0,3.9215686274509802,3.9215686274509802,6.372549019607843,0.99999999995,56.18643011094162,0.7579940043051945,1,26.13942304903211,0.009426523862231516,-87.98554347091805,1.593625498007968,4.187946884576098,1.9607843137254901,0,
BTPS,2026-07-24,1015.0,1015.0,1000.0,1005.0,2061400.0,0,,1.0,0.9687394262942212,2071707000.0,5.472636815920398,5.472636815920398,6.467661691542288,0.3333333333111111,50.70851785765491,-1.1389338390346513,0,25.072591124986438,0.04140712414672213,-228.6105714143376,-0.02486943546381497,2.666258044744103,1.4925373134328357,0,
BTPS,2026-07-27,1005.0,1010.0,960.0,960.0,7079100.0,0,,1.0,2.9409369819990103,6795936000.0,10.416666666666668,10.416666666666668,10.416666666666668,0.0,38.56205684608068,-5.266321589213046,0,24.532395855636274,-0.09180086842636662,-222.3172690124497,-4.453844239860662,-1.8304530115553714,5.208333333333334,0,
BTPS,2026-07-28,970.0,985.0,965.0,970.0,3484400.0,0,,1.0,1.476453190281273,3379868000.0,9.278350515463918,9.278350515463918,10.309278350515463,0.2499999999875,41.89301629220023,-7.053379389618769,0,24.03078596266826,-0.17073817009426837,-166.91523698980805,-3.410505352252925,-0.7266400573124576,2.0618556701030926,1,
BULL,2026-07-16,364.0,368.0,354.0,368.0,85122600.0,1,,1.0,0.5190036604736885,31325116800.0,3.260869565217391,9.239130434782608,21.73913043478261,0.9999999999285715,54.22537999185928,7.490948810394521,1,24.557347419087435,-0.03668009474334022,324.2950831877844,7.132459970887918,-1.8928285790455937,3.804347826086957,1,7.0
BULL,2026-07-17,366.0,368.0,360.0,362.0,68202300.0,1,,1.0,0.440084599216792,24689232600.0,4.972375690607735,8.287292817679557,22.099447513812155,0.24999999996875,52.56816253017024,7.561611962004651,1,23.628991578757216,-0.023050548892781613,248.92885337817523,5.693430656934306,-2.698634555424153,2.209944751381215,0,7.0
BULL,2026-07-20,368.0,390.0,364.0,388.0,303532800.0,0,,1.0,1.8442027311361866,117770726400.0,0.5154639175257731,1.0309278350515463,23.195876288659793,0.9230769230414201,58.48856730301681,8.983733022006678,1,23.62864221038759,0.04709898220791733,648.7782014239212,13.218558505981912,4.898886125229805,6.701030927835052,1,
BULL,2026-07-21,390.0,404.0,384.0,392.0,284530300.0,1,,1.0,1.6545210424524077,111535877600.0,3.061224489795918,3.061224489795918,26.53061224489796,0.39999999998,59.32963479931478,9.753907432221107,1,24.094699829549693,-0.003300113542043829,94.41997473271498,14.319043452901727,6.440751602041933,5.1020408163265305,2,3.0
BULL,2026-07-22,396.0,414.0,384.0,388.0,426252700.0,1,,1.0,2.3386312161864184,165386047600.0,6.701030927835052,6.701030927835052,29.381443298969074,0.1333333333288889,58.062726342794754,9.542308058825878,1,24.835309110505555,-0.028412588951186982,51.25966115927889,12.529002320185612,5.768182313815295,7.731958762886598,0,3.0
BULL,2026-07-23,390.0,406.0,384.0,390.0,287305500.0,1,,1.0,1.5207482086161943,112049145000.0,6.153846153846154,6.153846153846154,27.692307692307693,0.272727272714876,58.539446312558184,9.087601419417203,1,25.523017728535997,-0.08129830371535127,87.80863610555747,12.749349522983527,6.627296587926512,5.641025641025641,1,3.0
BULL,2026-07-24,384.0,438.0,374.0,438.0,1055671300.0,0,,1.0,4.5309493348021155,462384029400.0,0.0,0.0,30.136986301369863,0.9999999999843749,67.9545557646383,11.419256382591554,1,27.033843876932348,0.1772523060282166,411.5968001960627,25.03568369968598,19.947420308905677,14.61187214611872,2,
BULL,2026-07-27,424.0,440.0,408.0,416.0,691148100.0,0,,1.0,2.6235299186291634,287517609600.0,5.769230769230769,5.769230769230769,25.0,0.24999999999218753,61.105414881631944,10.881856349013127,1,28.48393159190796,0.08944373445792678,76.23423662539817,17.613797003109983,14.248050093375808,7.6923076923076925,0,
BULL,2026-07-28,410.0,430.0,410.0,410.0,277351600.0,0,,1.0,1.0402685696526583,113714156000.0,7.317073170731707,7.317073170731707,20.975609756097562,0.0,59.34854007602821,9.570640293363493,1,29.830441612956744,0.07647687378609073,-5.429143809563256,14.269788182831658,12.96010579678202,4.878048780487805,0,
BUVA,2026-07-16,850.0,900.0,830.0,880.0,245409900.0,1,,0.6,1.3486607333483802,215960712000.0,3.4090909090909087,10.227272727272728,17.045454545454543,0.7142857142755101,55.708497255561404,9.853870011647448,1,28.21308145753072,-0.0320762987565916,82.50899415315462,6.893410264196781,7.2516758074344905,7.954545454545454,2,12.0
BUVA,2026-07-17,880.0,960.0,870.0,955.0,575737700.0,1,,0.6,2.9031205090016434,549829503500.0,0.5235602094240838,1.5706806282722512,20.94240837696335,0.9444444444339506,61.63676998794241,14.447386130732482,1,29.23646065501113,0.09959596881760852,234.88187993130475,15.407854984894259,16.80528375733855,9.424083769633508,3,12.0
BUVA,2026-07-20,970.0,995.0,930.0,935.0,350343200.0,1,,0.6,1.676647904452138,327570892000.0,6.417112299465241,6.417112299465241,19.786096256684495,0.07692307692189349,59.35527005285916,15.218353599124987,1,30.516227603110206,0.011244304368658146,164.52640817420064,12.447384245339748,14.76617159690683,6.951871657754011,0,12.0
BUVA,2026-07-21,935.0,1015.0,935.0,1010.0,559467000.0,0,,1.0,2.50644271052891,565061670000.0,0.49504950495049505,0.49504950495049505,20.2970297029703,0.9374999999882813,64.64091045916948,19.58099859614979,1,31.8822869017012,0.05873306677913016,255.89203173053932,20.885697187312985,23.95679921453118,7.920792079207921,1,
BUVA,2026-07-22,1010.0,1010.0,930.0,950.0,399728800.0,0,,1.0,1.7665219551766191,379742360000.0,6.842105263157896,6.842105263157896,21.578947368421055,0.249999999996875,58.12829242968364,17.306126754077543,1,33.01699252383718,0.08853877553647836,212.88370919990504,12.659353691076195,16.750645200934,8.421052631578947,0,
BUVA,2026-07-23,950.0,990.0,910.0,920.0,307274600.0,0,,1.0,1.3354769082149245,282692632000.0,10.326086956521738,10.326086956521738,20.108695652173914,0.1249999999984375,55.137084338607245,12.865326239325771,1,33.53069706723388,0.022219569385299818,153.320717115783,8.458591217211907,13.496175672341474,8.695652173913043,0,
BUVA,2026-07-24,905.0,905.0,835.0,845.0,290475500.0,0,,1.0,1.2291598574071232,245451797500.0,20.118343195266274,20.118343195266274,21.893491124260358,0.14285714285510204,48.42776884410942,4.398640141925888,1,32.29294769036299,-0.007232074477769087,-150.17531928836007,-0.8797653958944283,4.760724026779069,8.284023668639055,0,
BUVA,2026-07-27,840.0,860.0,825.0,845.0,134316400.0,0,,1.0,0.561243470073518,113497358000.0,20.118343195266274,20.118343195266274,22.485207100591715,0.5714285714122449,48.42776884402481,-1.371255972864283,0,30.944441855754775,-0.004167966723403078,-250.8468140743002,-1.486447099970854,5.282830799900321,4.142011834319527,0,
BUVA,2026-07-28,845.0,865.0,825.0,825.0,133049200.0,0,,1.0,0.5534676234261021,109765590000.0,23.03030303030303,23.03030303030303,23.03030303030303,0.0,46.67137029850683,-6.421616790034619,0,29.77114948727307,-0.025191021875393214,-154.00605356117035,-4.486251808972503,3.3575544976196388,4.848484848484849,0,
BYAN,2026-07-17,11675.0,12350.0,11600.0,12000.0,85100.0,0,,1.0,0.839457459926009,1021200000.0,2.9166666666666665,10.0,10.208333333333334,0.5333333333326222,63.69510016273541,-7.922285993360276,0,39.886545689633,0.18547321669394318,61.93460490463198,2.860816457730633,11.577290741571938,6.25,5,
BYAN,2026-07-20,12000.0,12225.0,11750.0,12025.0,115500.0,0,,1.0,1.757188498402529,1388887500.0,2.7027027027027026,5.613305613305614,10.187110187110187,0.5789473684198339,64.01289968994348,10.330133313317049,1,40.581063511948116,-0.3302268454643454,93.0239262035166,3.5968124057721305,11.592188695416576,3.9501039501039505,6,
BYAN,2026-07-23,12000.0,12525.0,12000.0,12175.0,91400.0,0,,1.0,2.1201577360240753,1112795000.0,2.8747433264887063,2.8747433264887063,11.498973305954825,0.33333333333269843,65.94932196802623,26.256830308674978,1,43.40523946582693,-0.3353022071779566,114.10142348754397,4.573759931286236,12.444273964571337,4.312114989733059,1,
CASS,2026-07-16,1850.0,1855.0,1845.0,1850.0,1051700.0,0,,1.0,3.5162153126044684,1945645000.0,5.405405405405405,9.72972972972973,8.108108108108109,0.49999999995,54.78194607921262,3.8124621391301403,1,50.11585937049967,-0.21208107014729155,-23.089021704938634,1.3004791238877482,2.9321760418405414,0.5405405405405406,0,
CASS,2026-07-17,1850.0,1885.0,1850.0,1850.0,615300.0,0,,1.0,1.8864685052044154,1138305000.0,5.405405405405405,5.405405405405405,8.108108108108109,0.0,54.78194607902083,2.2839861009756355,1,50.73365065396441,-0.27746216816700353,-54.61295711899014,1.1067085667440908,2.9608192341941253,1.891891891891892,0,
CASS,2026-07-20,1850.0,1890.0,1815.0,1850.0,939200.0,0,,1.0,2.536527398925102,1737520000.0,5.405405405405405,5.405405405405405,8.108108108108109,0.46666666666044443,54.78194607881428,1.0536082892762195,1,50.23032896082411,-0.2502969402872629,-58.72024312004049,0.9687542638832036,3.029627979505463,4.054054054054054,0,
CASS,2026-07-21,1870.0,1870.0,1850.0,1855.0,747900.0,0,,1.0,1.835224832832337,1387354500.0,2.964959568733154,5.121293800539084,5.121293800539084,0.2499999999875,55.68169172249418,0.3912580414625211,1,49.762958817193834,-0.2730097083922832,-17.304901194596393,0.9386478030199973,3.3311051693404607,1.078167115902965,1,
CASS,2026-07-22,1860.0,1860.0,1850.0,1855.0,722300.0,0,,1.0,1.7220785103770508,1339866500.0,2.964959568733154,5.121293800539084,5.121293800539084,0.49999999995,55.68169172225555,-0.2003221146657559,0,49.328972255251436,-0.20754892036398437,-17.01770109791619,0.7057546145494028,3.2563317561925964,0.5390835579514826,0,
CENT,2026-07-17,76.0,84.0,75.0,81.0,48335700.0,0,,1.0,8.701225642636556,3915191700.0,3.7037037037037033,3.7037037037037033,16.049382716049383,0.6666666665925925,61.02048490753454,1.128506612948633,1,25.456828621229747,0.04252375006845443,65.87074212656627,9.756097560975615,2.9224904701397674,11.11111111111111,2,
CENT,2026-07-23,83.0,89.0,81.0,83.0,19759000.0,0,,1.0,2.900137602054857,1639997000.0,7.228915662650602,7.228915662650602,21.686746987951807,0.24999999996875,63.25382058806588,1.3994125025720527,1,30.31534747246467,0.033001671304811485,71.65511985236391,9.643328929986787,7.596577651024111,9.63855421686747,0,
CITY,2026-07-17,171.0,184.0,168.0,173.0,6096900.0,0,,1.0,1.5562924050051303,1054763700.0,12.138728323699421,13.872832369942195,21.38728323699422,0.31249999998046873,57.21399770401961,1.5221678487241905,1,46.48077314848222,-0.5004208542281173,12.169542854112782,5.423522242535044,6.239253254728565,9.248554913294797,1,
CITY,2026-07-28,183.0,193.0,168.0,168.0,9716900.0,0,,1.0,2.9635401814375,1632439200.0,14.880952380952381,15.476190476190476,17.261904761904763,0.0,51.955142694188474,-0.07332288373763518,0,52.05657075507826,-0.5902906625209353,1.6085547957887878,0.8706094265986122,5.408457773873764,14.880952380952381,0,
CLEO,2026-07-16,384.0,384.0,378.0,380.0,3498800.0,0,,1.0,1.035397588471776,1329544000.0,3.684210526315789,3.684210526315789,5.263157894736842,0.33333333327777775,50.82572221017442,0.7242124906210423,1,13.532183244973139,0.08090810106837804,-52.7929136661099,0.5091959609394124,-0.0796965336774398,1.5789473684210527,0,
CLEO,2026-07-17,382.0,382.0,378.0,380.0,3331000.0,0,,1.0,0.9596423020467661,1265780000.0,3.684210526315789,3.684210526315789,5.263157894736842,0.499999999875,50.82572220957272,0.553172985736012,1,12.80554280255875,0.08593473649881603,10.418756973262804,0.4748931967492473,0.011202169630359362,1.0526315789473684,0,
CLEO,2026-07-20,380.0,384.0,378.0,382.0,4412600.0,0,,1.0,1.258554769778827,1685613200.0,3.1413612565445024,3.1413612565445024,5.2356020942408374,0.6666666665555555,52.04841364690437,0.5412429867034462,1,11.939679033609641,0.0884044287283006,15.068786265402961,1.0752049568885858,0.6817326381497935,1.5706806282722512,1,
CLEO,2026-07-21,382.0,384.0,378.0,384.0,3808600.0,0,,1.0,1.0676706272838257,1462502400.0,1.0416666666666665,2.604166666666667,3.6458333333333335,0.9999999998333333,53.29893285919886,0.628431531489623,1,11.135662676728327,0.17652291961160235,73.56330110186641,1.5160024017581113,1.2903881966827055,1.5625,2,
CLEO,2026-07-22,382.0,382.0,376.0,382.0,4550200.0,0,,1.0,1.2244540991172206,1738176400.0,1.0471204188481675,3.1413612565445024,3.1413612565445024,0.9999999998333333,51.842932009856554,0.5164721138566037,1,10.603510077037818,0.2320828146894876,2.247601644586569,0.8467630883526882,0.833563297356796,1.5706806282722512,0,
CLEO,2026-07-23,382.0,382.0,376.0,380.0,4381500.0,0,,1.0,1.1404008776518906,1664970000.0,1.5789473684210527,3.684210526315789,3.1578947368421053,0.6666666665555555,50.36135177163911,0.28438256477384927,1,10.109368377325202,0.23246489022811073,-6.366316317661711,0.2845966360874792,0.3972403472396501,1.5789473684210527,0,
COCO,2026-07-16,128.0,138.0,125.0,133.0,677402000.0,1,,1.0,1.9055766943941401,90094466000.0,62.40601503759399,62.40601503759399,68.42105263157895,0.6153846153372781,40.65987119420973,2.7218082568948354,1,21.851470252417396,-0.19473335350307064,-54.29252811948372,-13.201937680806466,-37.503433442251996,9.774436090225564,1,5.0
COCO,2026-07-17,132.0,136.0,128.0,131.0,273326600.0,1,,1.0,0.7412387558740741,35805784600.0,64.8854961832061,64.8854961832061,69.46564885496184,0.374999999953125,40.25087348335491,2.06845433234178,1,20.430711254716957,-0.19649464949971335,-67.22310665729748,-12.857930186489053,-37.05303172551423,6.106870229007633,0,5.0
COCO,2026-07-20,131.0,133.0,128.0,130.0,327570200.0,1,,0.6,0.8545895370367921,42584126000.0,66.15384615384615,66.15384615384615,70.0,0.39999999992,40.03403372363098,1.6743855791394644,1,19.111435042566548,-0.19382028074024146,-94.18070544199901,-11.94155616499559,-36.04618554040878,3.8461538461538463,0,13.0
COCO,2026-07-21,129.0,145.0,125.0,144.0,1391916200.0,1,,0.6,3.0771117923006575,200435932800.0,50.0,50.0,63.19444444444444,0.9499999999525,44.53873596913142,2.4169381771985954,1,18.082818086623625,-0.025592765740735206,260.8279943286514,-0.9487098630765979,-27.780340593349113,13.88888888888889,1,13.0
COCO,2026-07-22,141.0,142.0,131.0,135.0,730666000.0,1,,0.6,1.5020993162699,98639910000.0,60.0,60.0,67.4074074074074,0.36363636360330576,42.336926487472525,2.3596622252049393,1,17.12767377039091,-0.040337455276249344,2692.087866623467,-5.7125794248543045,-30.858473271804538,8.148148148148149,0,13.0
COCO,2026-07-23,135.0,155.0,134.0,141.0,1623508600.0,0,,1.0,2.8626265593613724,228914712600.0,31.20567375886525,53.191489361702125,42.5531914893617,0.3333333333174603,44.3133779295797,2.755958543082805,1,16.75780629272433,-0.08276377582925953,259.0567209621489,0.08572799303004441,-26.329090154764916,14.893617021276595,1,
COCO,2026-07-24,139.0,142.0,120.0,120.0,1799840600.0,0,,1.0,2.7422230173250397,215980872000.0,42.5,80.0,42.5,0.0,39.2433829626969,1.6864123546595877,1,15.766898471370386,-0.2077689822284512,41.77334480481749,-13.28178185102071,-35.85346907921621,18.333333333333332,0,
COCO,2026-07-27,112.0,117.0,106.0,110.0,1152610700.0,0,,1.0,1.6242956714072916,126787177000.0,41.81818181818181,96.36363636363636,45.45454545454545,0.36363636360330576,37.068466029954834,0.45232248702560085,1,15.024025256638408,-0.2081682904811035,-1359.8453819899908,-21.270891010986944,-39.74309440683497,10.0,0,
COCO,2026-07-28,111.0,119.0,110.0,112.0,826403300.0,0,,1.0,1.112446633814048,92557169600.0,38.392857142857146,92.85714285714286,43.75,0.22222222219753085,37.81081106397819,-0.05542610953010296,0,14.24248036815715,-0.2230347250648422,-85.57883459374112,-20.9305694572797,-37.103983524715666,8.035714285714286,1,
CPIN,2026-07-16,3070.0,3120.0,3070.0,3110.0,7163200.0,0,,1.0,0.542360151005568,22277552000.0,2.2508038585209005,10.610932475884244,4.823151125401929,0.7999999999840001,42.25577231984092,20.96512748716887,1,19.724301783172216,-0.35737579998568125,-1.9159814704518612,-1.097153760534266,-11.834236382466225,1.607717041800643,1,
CPIN,2026-07-17,3120.0,3130.0,3090.0,3120.0,10363200.0,0,,1.0,0.9651210871581675,32333184000.0,1.9230769230769231,10.256410256410255,4.807692307692308,0.7499999999812501,42.91287909561201,23.086173185343,1,18.590302155097778,-0.1371842982788936,-0.4752091174666428,-0.4625937151060775,-11.17762928658787,1.282051282051282,2,
CPIN,2026-07-20,3130.0,3160.0,3100.0,3110.0,11179500.0,0,,1.0,1.0463973492577545,34768245000.0,2.2508038585209005,9.32475884244373,4.823151125401929,0.1666666666638889,42.39335010193908,23.72147297928433,1,17.371819139684316,-0.11948742934131841,-6.055085526161457,-0.6865719303847997,-10.994611640496144,1.929260450160772,0,
CPIN,2026-07-21,3120.0,3140.0,3100.0,3130.0,18892400.0,0,,1.0,1.695058352754344,59133212000.0,1.2779552715654952,8.626198083067091,4.472843450479233,0.7499999999812501,43.85731280070344,25.25269643840207,1,16.240370625371817,-0.05771989908793761,6.452223940869513,-0.015971889474524836,-10.040968601772832,1.2779552715654952,1,
CPIN,2026-07-22,3150.0,3220.0,3120.0,3210.0,21587200.0,0,,1.0,1.8521828175963886,69294912000.0,0.3115264797507788,5.919003115264798,5.919003115264798,0.899999999991,49.396920535671505,31.036702055754475,1,16.161006525538482,0.06779032147207363,21.398339551181635,2.3923444976076556,-7.4003292775485745,3.115264797507788,2,
CPIN,2026-07-23,3210.0,3310.0,3200.0,3310.0,21563000.0,0,,1.0,1.772711764778421,71373530000.0,0.0,2.719033232628399,7.250755287009064,0.999999999990909,55.33019658751745,40.38867636201746,1,16.95617659107193,0.14188931018548515,28.925464829082358,5.414012738853503,-4.242936673156613,3.3232628398791544,3,
CPIN,2026-07-24,3300.0,3300.0,3160.0,3230.0,14477700.0,0,,1.0,1.1546366264579802,46762971000.0,2.476780185758514,5.263157894736842,7.430340557275541,0.49999999999642863,50.25374010233317,39.90750492251273,1,17.110851968424093,0.14835173248519043,18.074672389297884,2.7517098775250517,-6.15246796378162,4.3343653250774,0,
CPIN,2026-07-27,3200.0,3220.0,3110.0,3140.0,10222700.0,0,,1.0,0.8138314810686876,32099278000.0,5.414012738853503,8.280254777070063,7.643312101910828,0.27272727272479336,45.22651028867314,32.55919811685395,1,16.57766427530762,0.16849474530981068,17.573999167001983,-0.17485296455253535,-8.322276082660093,3.5031847133757963,0,
CPIN,2026-07-28,3140.0,3170.0,3110.0,3130.0,4537700.0,0,,1.0,0.38830955229347114,14203001000.0,5.7507987220447285,5.7507987220447285,7.667731629392971,0.3333333333277778,44.69154221439738,26.32311839431995,1,16.08256141741375,0.0803166636250509,7.186258187920953,-0.06385696040868455,-8.160782094013882,1.9169329073482428,0,
CSIS,2026-07-17,165.0,186.0,163.0,177.0,9716900.0,0,,1.0,4.6247828466719,1719891300.0,5.084745762711865,5.084745762711865,21.468926553672315,0.608695652147448,67.92262964395152,2.5840408494310427,1,25.29223809120539,0.16269348226549465,701.1407671877038,14.2503036173764,16.51359626169314,12.994350282485875,3,
CSIS,2026-07-20,177.0,186.0,176.0,180.0,5772700.0,0,,1.0,2.442116752192434,1039086000.0,3.3333333333333335,3.3333333333333335,20.555555555555554,0.39999999996,69.46053716652186,3.012874834325164,1,27.388747990393952,0.12383615473249683,222.47628703691348,15.034349413462303,18.569888105809433,5.555555555555555,4,
CSMI,2026-07-16,75.0,82.0,75.0,77.0,41492700.0,0,,1.0,1.2394986286940943,3194937900.0,18.181818181818183,18.181818181818183,28.57142857142857,0.2857142856734694,51.12437999109125,1.3977443862458827,1,30.998769775178644,-0.09348367516590601,73.41322167092657,6.722106722106713,-6.097560975609756,9.090909090909092,1,
CSMI,2026-07-17,78.0,80.0,76.0,76.0,15465200.0,0,,1.0,0.4593385906848586,1175355200.0,19.736842105263158,19.736842105263158,25.0,0.0,49.87535632300886,1.2168140604788449,1,32.31725921047482,-0.10852868308720083,3.053777741854103,5.044920525224611,-6.473049470834365,5.263157894736842,0,
CSMI,2026-07-21,78.0,79.0,75.0,77.0,13364300.0,0,,1.0,0.39156421322894197,1029051100.0,18.181818181818183,18.181818181818183,24.675324675324674,0.499999999875,51.00807341188048,1.0517885208469049,1,34.41791923884612,-0.10456386009369806,2.1461812410518313,5.407255304585904,-3.82213339995004,5.194805194805195,0,
CSMI,2026-07-22,78.0,84.0,76.0,78.0,78744200.0,0,,1.0,2.085040986319535,6142047600.0,11.538461538461538,16.666666666666664,19.230769230769234,0.24999999996875,52.35307834187773,0.9892764168821653,1,35.68120750104309,-0.14320227603201657,32.661429117437855,5.906313645621173,-1.8621036738802264,10.256410256410255,1,
CSMI,2026-07-23,79.0,81.0,77.0,77.0,13401300.0,0,,1.0,0.3518337027666411,1031900100.0,12.987012987012985,18.181818181818183,18.181818181818183,0.0,50.8496860537201,0.8438855764935531,1,36.85426088736885,-0.15957732040170758,13.219704264470208,3.773584905660373,-2.309058614564823,5.194805194805195,0,
CTRA,2026-07-16,565.0,580.0,565.0,575.0,17291100.0,0,,1.0,0.7863197257287546,9942382500.0,0.8695652173913043,0.8695652173913043,8.814646406840735,0.6666666666222222,58.51385572679373,7.163076623748999,1,24.529480499600616,-0.20873136129008832,25.024134036263924,7.605784822936664,0.7073965556954432,2.608695652173913,5,
CTRA,2026-07-17,580.0,580.0,565.0,570.0,24848300.0,0,,1.0,1.2540494437140572,14163531000.0,1.7543859649122806,1.7543859649122806,8.89196675900276,0.3333333333111111,56.6374656277779,7.147366713921184,1,25.120792420465058,-0.08005507003213216,11.928317472995687,6.126529517549011,0.08317351880984752,2.631578947368421,0,
CTRA,2026-07-20,575.0,585.0,570.0,570.0,12748100.0,0,,1.0,0.6789260824227267,7266417000.0,2.631578947368421,2.631578947368421,9.649122807017543,0.0,56.63746562738672,6.816300791169565,1,25.888305235889824,-0.07382249654097572,8.295243741882373,5.54269787164381,0.41873786155838566,2.631578947368421,0,
CTRA,2026-07-21,575.0,585.0,575.0,585.0,10848500.0,0,,1.0,0.6041028431005954,6346372500.0,0.0,0.0,9.401709401709402,0.9999999999,60.989898824616326,7.246660080675564,1,26.60099570735568,-0.07225064893917041,6.032676132871454,7.578918680813366,3.319038744872376,1.7094017094017095,1,
CTRA,2026-07-22,590.0,590.0,570.0,580.0,14218800.0,0,,1.0,0.7999889724984802,8246904000.0,1.7241379310344827,1.7241379310344827,10.344827586206897,0.499999999975,58.868775648428,6.838835916350271,1,27.262779716573974,-0.03942104955616097,-4.747497435634536,5.892301870841033,2.6598417945670527,3.4482758620689653,0,
CTRA,2026-07-23,580.0,605.0,580.0,585.0,34174800.0,0,,1.0,1.904722094264649,19992258000.0,3.418803418803419,3.418803418803419,12.82051282051282,0.199999999992,60.35367031574471,6.549622965835995,1,28.544696538720473,-0.16296523657546877,2.797877517582444,6.400800839027082,3.787716280933928,4.273504273504273,1,
CTRA,2026-07-24,580.0,580.0,565.0,570.0,13209500.0,0,,1.0,0.7415039571763853,7529415000.0,6.140350877192982,6.140350877192982,12.280701754385964,0.3333333333111111,54.04958200729687,5.058633055080032,1,28.32840009371979,-0.15753068525175032,7.401219276737457,3.2904154796706386,1.3845606988642383,2.631578947368421,0,
CTRA,2026-07-27,580.0,580.0,565.0,570.0,7215300.0,0,,1.0,0.4087322886498658,4112721000.0,6.140350877192982,6.140350877192982,10.526315789473683,0.3333333333111111,54.049582006891555,3.8382880920754543,1,28.127553394790585,-0.13619428373659306,7.401219276737457,2.8675646635428396,1.6439491244589586,2.631578947368421,0,
CTRA,2026-07-28,570.0,575.0,560.0,560.0,6115300.0,0,,1.0,0.35450295211401506,3424568000.0,8.035714285714286,8.035714285714286,9.821428571428571,0.0,50.01071310227338,2.204625765398119,1,27.49442427059178,-0.11603797410177931,0.27820555653011736,0.6989303937949309,0.15267764324458824,2.6785714285714284,0,
CTTH,2026-07-16,111.0,147.0,105.0,137.0,193047300.0,1,,1.0,7.537777267573165,26447480100.0,7.2992700729927,18.97810218978102,30.656934306569344,0.7619047618866214,55.516748485736976,2.7696999325989395,1,21.986986753657956,-0.01590224656925875,105.41683596315701,13.269946258784618,-8.12768240343348,30.656934306569344,1,6.0
CTTH,2026-07-17,129.0,138.0,123.0,125.0,50987300.0,1,,1.0,2.091379544781949,6373412500.0,17.599999999999998,27.200000000000003,33.6,0.13333333332444444,48.54733457375526,3.026016432282029,1,22.00947988662172,0.004239693989019599,74.26385812699527,4.036620890553469,-15.300176175633561,12.0,0,6.0
CTTH,2026-07-20,128.0,153.0,128.0,134.0,176036000.0,0,,1.0,5.5842952244530695,23588824000.0,14.17910447761194,14.17910447761194,35.82089552238806,0.2399999999904,53.284110142467604,3.6905841950603495,1,22.86320006767279,-0.10303428840918177,198.62248234159227,11.759799833194323,-8.357269867323211,18.65671641791045,1,
CTTH,2026-07-21,136.0,143.0,131.0,137.0,37148500.0,0,,1.0,1.152842702148967,5089344500.0,11.678832116788321,11.678832116788321,35.03649635036496,0.49999999995833333,54.7785646587381,4.184880629319523,1,23.65594023579164,-0.0817800128882874,240.1201617625181,14.40501043841336,-5.46508418437758,8.75912408759124,2,
CTTH,2026-07-22,138.0,140.0,133.0,136.0,11054200.0,1,,0.35,0.34779052088191964,1503371200.0,12.5,12.5,35.294117647058826,0.4285714285102041,54.156646455026305,4.2817336129575105,1,24.392056106187713,-0.05418319774792117,240.43476468932258,12.769485903814267,-5.292479108635094,5.147058823529411,0,21.0
CTTH,2026-07-23,136.0,138.0,132.0,133.0,15285800.0,1,,0.35,0.5070998557901403,2033011400.0,15.037593984962406,15.037593984962406,36.09022556390977,0.16666666663888888,52.2404694280386,3.987005283416103,1,24.957506405937675,-0.08444117271349558,40.409565003750735,10.099337748344373,-6.482913795528054,4.511278195488721,0,21.0
CTTH,2026-07-24,132.0,133.0,121.0,122.0,13782200.0,1,,0.35,0.45831259810954617,1681428400.0,25.40983606557377,25.40983606557377,39.34426229508197,0.08333333332638888,45.836471828753005,2.9426630169441124,1,24.27718440809768,-0.0953034414857855,60.6782011918799,0.9098428453267116,-13.241359692789079,9.836065573770492,0,21.0
CTTH,2026-07-27,122.0,140.0,115.0,127.0,51724400.0,0,,1.0,1.5985566002223943,6568998800.0,20.47244094488189,20.47244094488189,37.79527559055118,0.4799999999808,48.902697169724966,2.497599101368987,1,24.131008946232253,-0.08962342832308819,10.56927349266438,4.526748971193416,-8.71190339275446,19.68503937007874,1,
CTTH,2026-07-28,130.0,131.0,122.0,122.0,8514400.0,0,,1.0,0.2655392331067021,1038756800.0,25.40983606557377,25.40983606557377,39.34426229508197,0.0,46.0926507714483,1.8076130603317524,1,23.995274588785787,-0.10265116313908487,0.6195452708659629,-0.16366612111293194,-11.285631180919145,7.377049180327869,0,
DEWA,2026-07-16,362.0,378.0,354.0,370.0,586030100.0,1,,1.0,0.9392693238246121,216831137000.0,2.1621621621621623,4.357455799358294,22.162162162162165,0.6666666666388888,59.21413823717496,9.820191769163317,1,22.81028659382734,-0.07625257579493822,176.84278608089082,13.0829142571031,4.363532431876088,6.486486486486487,6,6.0
DEWA,2026-07-17,370.0,374.0,362.0,364.0,371196100.0,1,,1.0,0.6188271571750303,135115380400.0,3.8461538461538463,3.8461538461538463,22.52747252747253,0.16666666665277777,57.24036457231813,9.391183113847719,1,22.646684803771336,-0.04177643951209793,183.62951169424198,11.286880325349077,3.5678875339005387,3.296703296703297,0,6.0
DEWA,2026-07-20,368.0,400.0,364.0,398.0,983502900.0,1,,1.0,1.5708884231111522,391434154200.0,0.5025125628140703,0.5025125628140703,26.13065326633166,0.94444444441821,64.46810651633848,10.855137134604231,1,23.357183460124116,0.055150273616036534,368.41324877341015,20.727968787026228,13.98454929431525,9.045226130653267,1,7.0
DEWA,2026-07-21,400.0,450.0,392.0,440.0,2196964900.0,1,,1.0,3.0691682123698283,966664556000.0,2.272727272727273,2.272727272727273,35.0,0.827586206882283,70.99119831526215,13.91462085634732,1,25.169174893036086,0.12068271309518702,1309.2695420082455,31.912342179440135,26.242338699985513,13.18181818181818,2,7.0
DEWA,2026-07-22,442.0,448.0,424.0,440.0,1098397600.0,1,,1.0,1.500092055649986,483294944000.0,2.272727272727273,2.272727272727273,35.0,0.6666666666388888,70.99119831492797,15.10171237595901,1,26.85173836645434,0.19120083588691783,346.92598279379644,29.589858405711063,26.429046033687527,5.454545454545454,0,7.0
DEWA,2026-07-23,438.0,486.0,436.0,472.0,2109888300.0,0,,1.0,2.6328687502783144,995867277600.0,2.9661016949152543,2.9661016949152543,33.89830508474576,0.7199999999856,75.04018665994856,17.06074082340399,1,29.052102361367854,0.2326264480267864,314.38117685554914,36.057710863720374,35.62159786636135,10.59322033898305,1,
DEWA,2026-07-24,468.0,472.0,438.0,442.0,1067827300.0,0,,1.0,1.3029570933886239,471979666600.0,9.95475113122172,9.95475113122172,36.199095022624434,0.11764705882006922,65.7716450909275,15.405328837890556,1,31.095297499501832,0.19534111967571366,353.7890697560041,24.93440729605698,27.291681617270307,7.6923076923076925,0,
DEWA,2026-07-27,440.0,456.0,430.0,442.0,818276900.0,0,,1.0,0.9686808060056685,361678389800.0,9.95475113122172,9.95475113122172,31.674208144796378,0.46153846152071004,65.77164509063589,13.450653097996181,1,32.533136496332446,0.17648401863418933,148.78263338837496,22.587031555259752,27.583110527614433,5.88235294117647,0,
DEWA,2026-07-28,444.0,456.0,442.0,444.0,612874500.0,0,,1.0,0.728258065708995,272116278000.0,9.45945945945946,9.45945945945946,29.72972972972973,0.14285714284693876,66.09542796225722,11.5078505352296,1,33.86827270767516,0.1689979755489803,37.83588631114469,20.44634398039365,28.4396371576931,3.153153153153153,1,
DILD,2026-07-17,116.0,117.0,112.0,115.0,30700600.0,0,,1.0,3.398277538654651,3530569000.0,6.086956521739131,6.086956521739131,12.173913043478262,0.59999999988,50.837414750739434,0.7604834563193887,1,22.667945121426975,-0.02938736818258923,-16.202709687135165,1.7699115044247788,-1.3891270794031936,4.3478260869565215,0,
DILD,2026-07-20,115.0,117.0,114.0,115.0,16473500.0,0,,1.0,1.7222929962942495,1894452500.0,6.086956521739131,6.086956521739131,9.565217391304348,0.3333333332222222,50.837414748936695,0.656653867096006,1,22.20178126747063,-0.025831380433707134,-23.80771753167347,1.7699115044247788,-1.1687865245788926,2.608695652173913,0,
DILD,2026-07-21,116.0,116.0,114.0,116.0,15290000.0,0,,1.0,1.5024967092963664,1773640000.0,3.4482758620689653,5.172413793103448,7.758620689655173,0.9999999995,52.64581587024314,0.6274433872043303,1,21.768914831654023,0.050845739872096146,-18.738155277136553,2.6094648385670083,-0.137741046831953,1.7241379310344827,1,
DILD,2026-07-23,115.0,118.0,115.0,116.0,12356100.0,0,,1.0,1.1702957918564891,1433307600.0,2.586206896551724,5.172413793103448,6.0344827586206895,0.3333333332222222,52.64581586591174,0.5256020326266344,1,21.877498915469946,0.019727634053489373,-12.015696988551614,2.3830538393645218,0.19001554672654936,2.586206896551724,0,
DILD,2026-07-24,116.0,116.0,113.0,115.0,9413200.0,0,,1.0,0.8660729811764466,1082518000.0,3.4782608695652173,6.086956521739131,6.086956521739131,0.6666666664444444,50.33337743092915,0.4018498744547724,1,21.17250930644492,0.03850304031774784,3.697158620863203,1.3662406346408085,-0.5362394049472449,2.608695652173913,0,
DIVA,2026-07-16,113.0,118.0,112.0,115.0,9092600.0,0,,1.0,1.7316566396422644,1045649000.0,2.608695652173913,4.3478260869565215,13.043478260869565,0.49999999991666666,52.88400605296237,2.142382779129534,1,19.982411362260056,-0.2573872154810879,14.858690941009387,5.3113553113553085,-6.927808352217547,5.217391304347826,3,
DIVA,2026-07-17,115.0,121.0,114.0,118.0,13781000.0,0,,1.0,2.3766060975010364,1626158000.0,2.5423728813559325,2.5423728813559325,15.254237288135593,0.5714285713469388,56.90973679671119,2.3720743256455767,1,20.773268244337252,-0.20565597993213713,15.015339428262772,7.910379515317792,-3.7206266318537877,5.932203389830509,4,
DIVA,2026-07-20,119.0,125.0,117.0,119.0,14166800.0,0,,1.0,2.2556192253374237,1685849200.0,5.042016806722689,5.042016806722689,17.647058823529413,0.24999999996875,58.192063046641415,2.4937423954545404,1,22.074121955062502,-0.24111484817300333,24.52808346377135,8.57664233576643,-2.1059559065482083,6.722689075630252,5,
DIVA,2026-07-21,122.0,125.0,117.0,120.0,14300700.0,0,,1.0,2.1451859807707736,1716084000.0,4.166666666666666,4.166666666666666,16.666666666666664,0.374999999953125,59.49032644275125,2.5356416582082097,1,23.28205754359309,-0.2484894453283631,23.497702778890428,9.239872553482027,-0.6293474660483647,6.666666666666667,6,
DIVA,2026-07-24,116.0,116.0,110.0,113.0,9972200.0,1,,1.0,1.3864585259510855,1126858600.0,10.619469026548673,10.619469026548673,15.929203539823009,0.49999999991666666,46.85828951373674,1.6652987544025952,1,23.84882868977788,-0.19852031550487803,8.238878796483466,1.7559657811796514,-4.463983767331756,5.3097345132743365,0,4.0
DIVA,2026-07-27,113.0,152.0,110.0,133.0,204714900.0,0,,1.0,11.794418713447596,27227081700.0,14.285714285714285,14.285714285714285,33.08270676691729,0.5476190476060091,67.2563294346177,2.4467455305470223,1,26.0114177025805,-0.026688836430905347,75.69209738319961,18.485523385300667,12.903225806451616,31.57894736842105,1,
DIVA,2026-07-28,133.0,144.0,123.0,125.0,60475700.0,0,,1.0,2.977370767111499,7559462500.0,21.6,21.6,33.6,0.0952380952335601,57.7135408352391,2.3040708822296003,1,28.019536071611505,-0.1406792564153368,46.680704508512854,10.277900308778126,6.691703653123936,16.8,0,
DKFT,2026-07-16,660.0,675.0,655.0,675.0,1712400.0,0,,1.0,0.4820219927460249,1155870000.0,0.0,5.9259259259259265,10.37037037037037,0.99999999995,55.34125649630282,6.612128355573979,1,24.14602086243712,0.09589443518158218,8.634053406101282,4.6917409848778595,-0.044424700133267374,2.9629629629629632,3,
DKFT,2026-07-20,665.0,680.0,660.0,675.0,4767100.0,0,,1.0,1.570949091046898,3217792500.0,0.7407407407407408,5.9259259259259265,11.11111111111111,0.7499999999625,55.03284486322916,8.036165134228174,1,21.11628816208337,-0.04008564922163446,11.369199708540656,4.895104895104895,0.7913991339405636,2.9629629629629632,1,
DKFT,2026-07-21,675.0,675.0,620.0,630.0,28929500.0,0,,1.0,6.922067372284691,18225585000.0,7.936507936507936,9.523809523809524,11.904761904761903,0.18181818181487605,45.031520822456116,5.338863326579636,1,20.77806579466437,-0.20924889919125952,-17.250539418187337,-1.71606864274571,-5.646248315111584,8.73015873015873,0,
DKFT,2026-07-22,630.0,655.0,620.0,650.0,12272900.0,0,,1.0,2.702237350979962,7977385000.0,4.615384615384616,6.153846153846154,11.538461538461538,0.8571428571183675,49.43026195149041,4.737537749968153,1,20.464002167775302,-0.05916858262913067,-10.62403669707495,1.5228426395939088,-2.2997144145498205,5.384615384615385,1,
DKFT,2026-07-23,650.0,675.0,645.0,650.0,10587000.0,0,,1.0,2.14818346911238,6881550000.0,4.615384615384616,4.615384615384616,10.76923076923077,0.1666666666611111,49.430261951277416,4.194300866342006,1,19.340142570774237,-0.1333748528383966,-12.43682875316873,1.7214397496087637,-1.9755692957321702,4.615384615384616,0,
DKFT,2026-07-24,650.0,655.0,625.0,640.0,11587500.0,0,,1.0,2.174584154764708,7416000000.0,6.25,6.25,10.9375,0.49999999998333333,47.2382261898461,3.0682139269392694,1,18.95882780352402,-0.08974167835523228,-22.231081280704213,0.19569471624266144,-3.162354365259491,4.6875,0,
DKFT,2026-07-27,635.0,650.0,630.0,645.0,3218000.0,0,,1.0,0.6027295143607142,2075610000.0,5.426356589147287,5.426356589147287,9.30232558139535,0.7499999999625,48.46872251113333,2.5861110794813538,1,18.604749805363106,-0.08657556044894166,-24.818296404207572,1.0180109631949883,-2.0947176684881534,3.10077519379845,1,
DKFT,2026-07-28,650.0,655.0,635.0,655.0,4828000.0,0,,1.0,0.8921287377985965,3162340000.0,3.816793893129771,3.816793893129771,9.16030534351145,0.99999999995,50.9334079850689,2.8461116615318804,1,18.052495712561356,-0.017430198622882937,6.728531488793744,2.3037875829754,-0.2892373268381759,3.0534351145038165,2,
DMAS,2026-07-16,138.0,140.0,137.0,140.0,94641400.0,0,,1.0,1.2306502005921052,13249796000.0,0.0,1.4285714285714286,3.571428571428571,0.9999999996666666,57.44198759401663,0.12557068810755706,1,22.582195400836405,-0.0018203810404124013,9.756210648415543,2.003027781306795,2.4905591023625746,2.142857142857143,1,
DMAS,2026-07-17,140.0,140.0,138.0,139.0,34174400.0,0,,1.0,0.4553850409750461,4750241600.0,0.7194244604316548,2.158273381294964,2.877697841726619,0.49999999975,54.54527593471775,0.14947328976052082,1,21.00217937598395,0.045669041512524745,0.46054837681254535,1.174236480399369,1.6914824287666597,1.4388489208633095,0,
DMAS,2026-07-20,139.0,141.0,138.0,138.0,65099500.0,0,,1.0,0.8746292034082049,8983731000.0,2.1739130434782608,2.898550724637681,3.6231884057971016,0.0,51.735638349199164,0.08885320830024662,1,20.033105221437868,0.0023143751838807392,-0.5361282754457533,0.4161115600743567,0.9082123825561619,2.1739130434782608,0,
DMAS,2026-07-21,138.0,140.0,138.0,138.0,56339800.0,0,,1.0,0.7848914135653373,7774892400.0,2.1739130434782608,2.898550724637681,3.6231884057971016,0.0,51.73563834632925,0.042048900763970165,1,19.13325064935936,-0.036844733796825846,-0.5361282754457533,0.4184100418409959,0.895997559423827,1.4492753623188406,0,
DMAS,2026-07-22,139.0,139.0,137.0,138.0,59147100.0,0,,1.0,0.9508154345407432,8162299800.0,2.1739130434782608,2.898550724637681,3.6231884057971016,0.49999999975,51.73563834323859,0.006261773858270703,1,17.812147033956368,0.09177923929844388,-0.5361282754457533,0.29069767441860883,0.8312599061015005,1.4492753623188406,0,
DMAS,2026-07-23,138.0,141.0,137.0,139.0,99954300.0,0,,1.0,1.818161809257838,13893647700.0,1.4388489208633095,2.158273381294964,3.597122302158273,0.499999999875,54.65303471452979,0.043059414629817994,1,17.495641366593514,-0.055036970722325856,0.0709705885114013,1.090909090909091,1.5083825907571835,2.877697841726619,1,
DMAS,2026-07-24,139.0,140.0,137.0,137.0,53848000.0,0,,1.0,1.0229684417237308,7377176000.0,2.9197080291970803,2.9197080291970803,3.64963503649635,0.0,48.35731056735164,-0.068128344122583,0,17.201743246899436,-0.04038849039778404,-2.0543569799485706,-0.399854598327889,0.0243204039303362,2.18978102189781,0,
DMAS,2026-07-27,137.0,139.0,136.0,138.0,37346600.0,0,,1.0,0.7164554193708047,5153830800.0,2.1739130434782608,2.1739130434782608,3.6231884057971016,0.6666666664444444,51.37350322489883,-0.07463356856994668,0,16.32354251175761,-0.013628919673405647,9.710226427164605,0.2542680711950558,0.7160513409394003,2.1739130434782608,1,
DMAS,2026-07-28,139.0,140.0,138.0,139.0,44237000.0,0,,1.0,0.8694401999690841,6148943000.0,1.4388489208633095,1.4388489208633095,3.597122302158273,0.49999999975,54.25101041237509,-0.015014688938148613,0,16.014057860527224,-0.01396295632709813,14.857456618787431,0.8342401160681943,1.392461423994758,1.4388489208633095,2,
DMMX,2026-07-27,175.0,216.0,175.0,216.0,10609100.0,0,,1.0,12.919571584273546,2291565600.0,0.0,0.0,28.240740740740737,0.9999999999756098,77.96118572359586,4.215929369062336,1,20.201115967004146,0.5818293948921959,526.9335629215093,32.55599877262965,31.221869712415856,18.98148148148148,1,
DMMX,2026-07-28,258.0,270.0,185.0,189.0,77774600.0,0,,1.0,16.540009910233696,14699399400.0,42.857142857142854,42.857142857142854,60.84656084656085,0.04705882352885813,59.73994277696903,4.373592684180971,1,23.70988498187621,-0.6470677505375052,-3193.0932223657132,14.858705560619864,15.12613210982571,44.97354497354497,0,
DPUM,2026-07-21,97.0,101.0,96.0,100.0,12488100.0,0,,1.0,0.6826146204517093,1248810000.0,6.0,11.0,13.0,0.79999999984,41.07965037853557,2.8331179842540912,1,25.36112122514374,-0.2142643097061128,285.26978489850273,3.199174406604741,-28.21249102656138,5.0,1,
DPUM,2026-07-23,100.0,109.0,98.0,102.0,39746800.0,0,,1.0,2.1288653733727934,4054173600.0,6.862745098039216,7.8431372549019605,13.725490196078432,0.36363636360330576,44.257407584652675,2.88484912384825,1,23.137974449578703,-0.20666115570366314,631.9327449634083,5.480868665977246,-24.65652238144482,10.784313725490197,1,
DSFI,2026-07-16,74.0,92.0,74.0,80.0,123565800.0,0,,1.0,10.418104189641738,9885264000.0,15.0,15.0,33.75,0.3333333333148148,63.956938006117674,1.7013628492793398,1,34.75088018625172,-0.39807545886617995,2288.4078911603547,14.285714285714285,5.485232067510544,22.5,5,
DSFI,2026-07-17,81.0,83.0,77.0,80.0,13413600.0,0,,1.0,1.0797756987678886,1073088000.0,15.0,15.0,32.5,0.49999999991666666,63.956938003845146,1.8779171366229819,1,36.6720682827747,-0.38006965006181676,1493.0087879163761,13.636363636363628,6.185293336872838,7.5,0,
DSFI,2026-07-22,80.0,84.0,79.0,83.0,17419100.0,0,,1.0,1.2932676816347983,1445785300.0,10.843373493975903,10.843373493975903,28.915662650602407,0.79999999984,68.19177691839911,1.8750401200632767,1,41.80693750575564,-0.32500060386216,324.95257719602733,15.19777931991673,11.889997303855477,6.024096385542169,1,
DSSA,2026-07-16,800.0,815.0,795.0,810.0,139313700.0,1,,1.0,0.20811522504092525,112844097000.0,6.790123456790123,12.345679012345679,12.962962962962962,0.7499999999625,50.15602645996776,4.40531053574434,1,20.201991620082346,-0.008116688386082586,45.757226934843224,-0.24630541871921183,0.47633224173861666,2.4691358024691357,1,3.0
DSSA,2026-07-17,810.0,815.0,795.0,800.0,197502200.0,1,,1.0,0.3734967714305876,158001760000.0,3.75,13.750000000000002,8.75,0.2499999999875,48.70208463749408,3.6341719479902324,1,19.669091910841995,-0.16190788303408585,-11.750704301708275,-1.173563928350834,0.9387301907742069,2.5,0,3.0
DSSA,2026-07-20,800.0,820.0,790.0,815.0,268674200.0,1,,1.0,0.572942119804084,218969473000.0,1.8404907975460123,11.65644171779141,8.588957055214724,0.8333333333055556,50.99677711888906,3.9914548280776163,1,19.174256466547384,-0.16347548184378996,-9.189960008623686,0.897554936552151,4.747705832455088,3.6809815950920246,1,3.0
DSSA,2026-07-21,820.0,985.0,815.0,940.0,1987169500.0,0,,1.0,4.345869324163974,1867939330000.0,4.787234042553192,4.787234042553192,23.93617021276596,0.7352941176427336,65.03383788847049,12.048126751096875,1,21.152081600255066,-0.05756291028521242,229.3098547754644,15.585613280049184,21.973373472088863,18.085106382978726,2,
DSSA,2026-07-22,950.0,970.0,885.0,905.0,1106413300.0,0,,1.0,2.307338146965934,1001304036500.0,8.83977900552486,8.83977900552486,24.861878453038674,0.23529411764429065,59.863089803260934,14.269996180271644,1,22.988633510126487,-0.0746052794328084,113.86341297483872,10.466890448581019,18.13696055139285,9.392265193370166,0,
DSSA,2026-07-23,900.0,955.0,865.0,875.0,1128043400.0,0,,1.0,2.2492676278546044,987037975000.0,12.571428571428573,12.571428571428573,24.0,0.11111111110987654,55.7699889308888,13.004814489540896,1,24.147374447259235,-0.19574486348955614,-16.044140627099576,6.5124771758977475,15.092205298187464,10.285714285714285,0,
DSSA,2026-07-24,855.0,905.0,850.0,870.0,565736100.0,0,,1.0,1.1578962729498838,492190407000.0,13.218390804597702,13.218390804597702,24.137931034482758,0.3636363636297521,55.09385933320924,11.186140619717769,1,24.821748794216713,-0.21671303150883472,-60.47050093341457,5.550500454959054,14.933417882054528,6.321839080459771,0,
DSSA,2026-07-27,870.0,875.0,840.0,855.0,249524100.0,0,,1.0,0.5218578881261065,213343105500.0,15.204678362573098,15.204678362573098,22.807017543859647,0.42857142855918373,53.01726047736292,8.4522143490647,1,25.179067312177494,-0.21319029136086515,-90.90430304234788,3.5422343324250685,13.491557820962088,4.093567251461988,0,
DSSA,2026-07-28,845.0,860.0,825.0,830.0,249927100.0,0,,1.0,0.5316181053534541,207439493000.0,18.67469879518072,18.67469879518072,23.49397590361446,0.14285714285306123,49.65779430247957,4.6305015932781615,1,25.10712625604695,-0.2030828934214563,-104.55035770853107,0.3021148036253776,10.775965619411155,4.216867469879518,0,
DWGL,2026-07-28,228.0,286.0,224.0,286.0,12532300.0,0,,1.0,14.566175017724914,3584237800.0,0.0,0.0,23.076923076923077,0.999999999983871,74.59982281477687,5.6508223029024744,1,22.592594262297467,0.8052932376034304,176.44108156852795,25.54872695346795,18.4166942696257,21.678321678321677,1,
ECII,2026-07-17,134.0,177.0,130.0,157.0,31721000.0,0,,1.0,7.016375819924595,4980197000.0,12.738853503184714,12.738853503184714,31.210191082802545,0.5744680850941603,66.3313092911122,3.183487498430795,1,37.712197782123376,0.14170085622782552,359.73909244117095,21.04857363145722,10.438942037141253,29.936305732484076,1,
ECII,2026-07-27,146.0,190.0,146.0,159.0,31496300.0,0,,1.0,4.961738923585758,5007911700.0,19.49685534591195,19.49685534591195,38.9937106918239,0.2954545454478306,61.07522571692829,2.4251423313557003,1,40.17523160893719,0.003952955771418027,83.16878193953416,14.060258249641317,14.011186003155021,27.67295597484277,1,
ELSA,2026-07-16,650.0,655.0,640.0,645.0,13356600.0,0,,1.0,0.5274223823407522,8615007000.0,3.875968992248062,3.875968992248062,20.155038759689923,0.3333333333111111,62.89379486484155,12.831087916209007,1,40.98739737541756,0.06403693081826264,19.38017279875478,10.920034393809114,8.713919683703203,2.3255813953488373,0,
ELSA,2026-07-17,650.0,650.0,635.0,640.0,12606300.0,1,,1.0,0.49918714736540115,8068032000.0,4.6875,4.6875,18.75,0.3333333333111111,61.238708197764865,10.679137258012126,1,40.064885608137175,0.08365284656479365,-56.31651590813503,9.354976505766768,8.12598223685177,2.34375,0,10.0
ELSA,2026-07-20,650.0,660.0,645.0,655.0,22372600.0,1,,1.0,0.8683764877030521,14654053000.0,2.2900763358778624,2.2900763358778624,16.793893129770993,0.6666666666222222,64.27595127784856,9.650242716809037,1,39.576853986713964,0.11064251979014034,13.97220414197699,11.016949152542372,10.709370161387215,2.2900763358778624,1,10.0
ELSA,2026-07-21,655.0,660.0,650.0,660.0,19868000.0,1,,1.0,0.778370331193285,13112880000.0,1.5151515151515151,1.5151515151515151,12.121212121212121,0.9999999999,65.25331915824415,8.71902285117108,1,39.12368176682099,0.12163587028359955,-1.2097688666738124,11.01766190075694,11.550212983017722,1.5151515151515151,2,10.0
ELSA,2026-07-22,660.0,695.0,660.0,690.0,55707000.0,0,,1.0,2.0221335910594447,38437830000.0,0.7246376811594203,0.7246376811594203,15.217391304347828,0.8571428571183675,70.4730888425674,9.4734088427158,1,39.778472967291634,0.19677256670884116,67.92393544344885,14.665558786871625,16.425115948033906,5.072463768115942,3,
ELSA,2026-07-23,695.0,705.0,690.0,700.0,54908700.0,1,,0.6,1.9287833202484892,38436090000.0,0.7142857142857143,0.7142857142857143,12.857142857142856,0.6666666666222222,71.98389649982835,9.946808678310664,1,40.626172140489146,0.261049304411244,117.52629153224117,14.801148011480114,17.967164412505838,2.142857142857143,4,11.0
ELSA,2026-07-24,700.0,705.0,665.0,665.0,28121600.0,1,,0.6,0.9610857600621184,18700864000.0,6.015037593984962,6.015037593984962,10.526315789473683,0.0,60.34559819457622,7.324809772519291,1,39.8023505317503,0.21292083217611493,94.53802562200009,7.86699107866991,12.010623507573303,6.015037593984962,0,11.0
ELSA,2026-07-27,665.0,670.0,650.0,655.0,20147400.0,1,,0.6,0.6846469433450356,13196547000.0,7.633587786259542,7.633587786259542,10.687022900763358,0.2499999999875,57.48582531616468,4.478871291068561,1,38.228941107371206,0.20411193401831879,75.03484115445377,5.178643115214773,10.306144942984913,3.0534351145038165,0,11.0
ELSA,2026-07-28,660.0,690.0,655.0,685.0,40390400.0,0,,1.0,1.3216810150043177,27667424000.0,2.9197080291970803,2.9197080291970803,10.218978102189782,0.8571428571183675,63.13072785888127,4.184258918964758,1,37.424630343824894,0.24375116570069721,114.53321991913106,8.55784469096672,15.220910808126012,5.109489051094891,1,
EMTK,2026-07-16,515.0,535.0,510.0,530.0,35118000.0,0,,1.0,0.7602315634429021,18612540000.0,0.9433962264150944,14.150943396226415,8.11320754716981,0.799999999968,47.47791960232698,7.67800594837135,1,22.908972919979618,-0.45898927177223725,6.900686700710248,2.5740274820979203,-10.324899323911508,4.716981132075472,1,
EMTK,2026-07-17,525.0,545.0,520.0,535.0,42204000.0,0,,1.0,1.1215488237409914,22579140000.0,1.8691588785046727,13.084112149532709,9.906542056074766,0.599999999976,49.020191984784155,8.451536825391102,1,22.553123543083423,-0.26857519537778424,14.02419373886298,3.6922182382013666,-8.666437501960212,4.672897196261682,2,
EMTK,2026-07-20,540.0,550.0,530.0,540.0,31837100.0,0,,1.0,0.8358383639599034,17192034000.0,1.8518518518518516,12.037037037037036,10.74074074074074,0.499999999975,50.582911373876165,9.040688276538152,1,22.40360398245605,-0.25938880584653384,15.790602706824608,4.762828596372093,-6.9621917682512535,3.7037037037037033,3,
EMTK,2026-07-21,540.0,555.0,535.0,550.0,50936000.0,0,,1.0,1.297888396020057,28014800000.0,0.9090909090909091,10.0,11.454545454545455,0.7499999999625,53.64352090718626,9.781872744738386,1,22.447507068838153,-0.21221448137133905,19.251840030152543,6.65115377157261,-4.570834023567094,3.6363636363636362,4,
EMTK,2026-07-22,560.0,565.0,530.0,540.0,83587500.0,0,,1.0,2.3772713660063634,45137250000.0,4.62962962962963,4.62962962962963,13.518518518518519,0.28571428570612245,50.289304464602694,9.280846305078189,1,22.84453282290646,-0.1022642133223527,10.444126131215157,4.509386491194108,-5.68901397511058,6.481481481481481,0,
EMTK,2026-07-23,540.0,570.0,530.0,535.0,89056900.0,0,,1.0,2.4878734297126845,47645441500.0,6.5420560747663545,6.5420560747663545,13.084112149532709,0.12499999999687501,48.651271304040755,8.325426160906332,1,23.38655465965942,-0.17850935238973328,-6.834767205425567,3.4916336202727445,-5.87722763378983,7.476635514018691,0,
EMTK,2026-07-24,535.0,535.0,510.0,515.0,45654900.0,0,,1.0,1.299999031868056,23512273500.0,10.679611650485436,10.679611650485436,13.592233009708737,0.199999999992,42.664914304594255,6.15904526098376,1,22.70849608176043,-0.18128885516068688,-20.68407873448288,-0.47347569813509427,-8.726095549335538,4.854368932038835,0,
EMTK,2026-07-27,515.0,520.0,500.0,520.0,37232000.0,0,,1.0,1.0388775479454042,19360640000.0,9.615384615384617,9.615384615384617,13.461538461538462,0.99999999995,44.503396857489115,4.928626771558676,1,21.558913412919484,-0.1257054092526614,-20.87502253831835,0.39579109952697256,-7.170201292918795,3.8461538461538463,1,
EMTK,2026-07-28,520.0,530.0,515.0,515.0,17189300.0,0,,1.0,0.4965900296030556,8852489500.0,10.679611650485436,10.679611650485436,13.592233009708737,0.0,43.0178960370122,3.699941983266383,1,20.921003519670236,-0.10147729730462664,-34.633192114970335,-0.8471313053523253,-7.373127626741692,2.912621359223301,0,
ENRG,2026-07-16,1385.0,1415.0,1350.0,1395.0,66441900.0,1,,0.6,0.8432998481113683,92686450500.0,6.093189964157706,6.093189964157706,30.107526881720432,0.6923076922970414,58.16401944186754,46.73856137267667,1,40.34998130287126,-0.02905087581918808,889.5449270399331,15.504036431380666,2.9824302377085554,4.659498207885305,1,12.0
ENRG,2026-07-17,1400.0,1410.0,1355.0,1365.0,35254500.0,1,,1.0,0.44580240512891844,48122392500.0,8.424908424908425,8.424908424908425,28.57142857142857,0.18181818181487605,55.844246728917085,43.50410922484695,1,39.296374139601866,-0.024542926928737906,1287.0774282632738,13.160621761658032,1.4794439075161767,4.029304029304029,0,8.0
ENRG,2026-07-20,1410.0,1435.0,1405.0,1425.0,85647600.0,1,,1.0,1.040459836608606,122047830000.0,3.8596491228070176,3.8596491228070176,26.31578947368421,0.6666666666444444,59.33727561045036,43.37538847588048,1,38.52952533967886,-0.002770513843522678,330.1276002270076,18.012422360248447,6.510202556244854,2.1052631578947367,1,8.0
ENRG,2026-07-21,1425.0,1475.0,1425.0,1430.0,94894000.0,1,,1.0,1.1124155239020048,135698420000.0,3.4965034965034967,3.4965034965034967,24.825174825174827,0.09999999999800001,59.62391935917499,41.59119495982064,1,38.14492317633026,-0.045110065682577756,35.46534608673916,18.035493190260006,7.300967959780892,3.4965034965034967,2,8.0
ENRG,2026-07-22,1460.0,1560.0,1455.0,1510.0,169273300.0,0,,1.0,1.901301602983796,255602683000.0,3.3112582781456954,3.3112582781456954,26.158940397350992,0.5238095238045352,63.99701681466916,43.554443597512986,1,38.399299529605834,0.0145213849698874,269.0468103316176,22.814152094347296,13.508231226039245,6.95364238410596,3,
ENRG,2026-07-23,1560.0,1610.0,1530.0,1555.0,145935700.0,0,,1.0,1.5599403968483871,226930013500.0,3.536977491961415,3.536977491961415,27.652733118971064,0.31249999999609374,66.21374413344572,45.430712018720975,1,38.94793568962813,-0.013868257845784517,221.3351065926217,24.499599679743795,16.926084668020145,5.144694533762058,4,
ENRG,2026-07-24,1555.0,1590.0,1430.0,1450.0,128022400.0,0,,1.0,1.3238533751811514,185632480000.0,11.03448275862069,11.03448275862069,25.517241379310345,0.12499999999921876,57.342016223132156,37.47791047926864,1,38.005690483612426,-0.03576415560250161,212.8065333597995,14.218196140212683,9.293736338282955,11.03448275862069,0,
ENRG,2026-07-27,1440.0,1460.0,1375.0,1415.0,85637900.0,0,,1.0,0.8881465822111617,121177628500.0,13.780918727915195,13.780918727915195,22.614840989399294,0.4705882352885813,54.71056863209594,28.163154035534983,1,36.44688242481109,-0.05591569742180403,76.00892098144725,10.159595173219152,6.970063501663143,6.007067137809187,0,
ENRG,2026-07-28,1410.0,1415.0,1290.0,1290.0,111891300.0,0,,1.0,1.1647534442141996,144339777000.0,24.8062015503876,24.8062015503876,24.8062015503876,0.0,46.502761203843626,12.675266299477546,1,34.066142455104796,-0.09886905762588179,-2.9270882595250085,-0.6163328197226503,-2.00546946216956,9.689922480620156,0,
ENZO,2026-07-23,67.0,71.0,66.0,67.0,18849900.0,0,,1.0,1.0517969502190512,1262943300.0,10.44776119402985,10.44776119402985,11.940298507462686,0.19999999996,47.38970213810748,0.4001242838338215,1,22.7210138323259,-0.33341507969701495,-4.2576512785270015,1.0558069381598838,-3.290993071593535,7.462686567164178,0,
EPAC,2026-07-16,69.0,70.0,66.0,70.0,83083900.0,1,,0.6,0.21394124333734219,5815873000.0,15.714285714285714,21.428571428571427,21.428571428571427,0.99999999975,50.224819166616456,-0.25432040089995844,0,37.261469908921065,-0.08556665206641381,-28.208245294615097,-1.8232819074333761,1.5081206496519812,5.714285714285714,1,11.0
EPAC,2026-07-17,69.0,75.0,68.0,68.0,2129403100.0,1,,0.6,4.489438912875116,144799410800.0,19.11764705882353,25.0,22.058823529411764,0.0,47.49566915916993,-0.4637194352034173,0,37.12887293716791,-0.31614638898022746,-145.19722471387354,-4.628330995792423,-1.0765202211230651,10.294117647058822,0,11.0
EPAC,2026-07-20,69.0,74.0,68.0,71.0,1051303900.0,0,,1.0,2.0212053512313837,74642576900.0,12.676056338028168,19.718309859154928,19.718309859154928,0.49999999991666666,51.7324878753314,-0.39087302132804913,0,37.00574717768285,-0.2839737753680468,-88.9921594558577,-0.6298110566829991,3.468376566598652,8.450704225352112,1,
EPAC,2026-07-21,71.0,73.0,67.0,68.0,868828600.0,0,,1.0,1.5612074568238508,59080344800.0,14.705882352941178,25.0,17.647058823529413,0.16666666663888888,47.59627920005499,-0.5269544621504234,0,36.55925189945618,-0.3174534862586374,-154.16033680321738,-4.695164681149257,-0.5557180462123361,8.823529411764707,0,
EPAC,2026-07-22,68.0,69.0,66.0,66.0,109285800.0,0,,1.0,0.19886551859829815,7212862800.0,18.181818181818183,28.78787878787879,18.181818181818183,0.0,45.01244239879083,-0.7218355210715081,0,35.81153927020789,-0.3088035551940842,-166.57301876824437,-7.627711686494056,-3.055229142185661,4.545454545454546,0,
EPAC,2026-07-23,66.0,67.0,63.0,65.0,177446800.0,0,,1.0,0.3202689809810219,11534042000.0,18.461538461538463,30.76923076923077,21.53846153846154,0.499999999875,43.734043474981675,-0.8778921813621507,0,34.18664865012709,-0.3082589948040779,-176.20797532523952,-8.835904628330994,-4.214559386973179,6.153846153846154,0,
EPAC,2026-07-24,64.0,64.0,58.0,61.0,123783600.0,0,,1.0,0.22410635099525048,7550799600.0,26.229508196721312,39.34426229508197,31.147540983606557,0.49999999991666666,38.96674227945944,-1.1908858103333226,0,32.07507054252797,-0.3127910800394311,-26.461743297966827,-13.719943422913724,-9.70988750740083,9.836065573770492,0,
EPAC,2026-07-27,61.0,61.0,59.0,61.0,37625200.0,0,,1.0,0.07439298587310905,2295137200.0,26.229508196721312,39.34426229508197,31.147540983606557,0.9999999995,38.96674227831585,-1.3278519227471597,0,30.114319442614498,-0.38259475857316105,-675.0158947406743,-12.482065997130563,-9.307166220636343,3.278688524590164,0,
EPAC,2026-07-28,61.0,63.0,59.0,60.0,34915500.0,0,,1.0,0.07514106017492497,2094930000.0,25.0,35.0,28.333333333333332,0.2499999999375,37.77291143472827,-1.408098628752943,0,28.13862898079545,-0.3261107678612032,-65.57211425576752,-13.357400722021662,-10.367493277561993,6.666666666666667,0,
ERAA,2026-07-16,360.0,362.0,356.0,360.0,18906900.0,0,,1.0,0.5355996321291792,6806484000.0,1.1111111111111112,1.1111111111111112,8.459319975713413,0.6666666665555555,61.526758881413016,3.2745620527069534,1,22.466512599769693,0.03487069466789628,32.65382512220978,4.97290970876436,4.127911580760083,1.6666666666666667,0,
ERAA,2026-07-17,360.0,368.0,356.0,368.0,24004000.0,1,,1.0,0.6678790360995241,8833472000.0,0.0,0.0,8.695652173913043,0.9999999999166667,65.78715454125674,3.6599690173756003,1,23.226345506817555,0.07543405432934247,33.02639692143169,7.00071167142107,6.516615552849577,3.260869565217391,1,5.0
ERAA,2026-07-20,368.0,372.0,366.0,366.0,25804700.0,1,,1.0,0.7229999593736822,9444520200.0,1.639344262295082,1.639344262295082,9.836065573770492,0.0,63.882578618686544,3.5727003285419405,1,24.265737989165604,0.03981135913542652,14.880917578626807,6.119734071366062,6.035901156783158,1.639344262295082,0,5.0
ERAA,2026-07-21,368.0,372.0,366.0,366.0,26571400.0,1,,1.0,0.7362382038729298,9725132400.0,1.639344262295082,1.639344262295082,9.836065573770492,0.0,63.88257861769069,3.3132348871191413,1,25.230888151345937,-0.023180772395585435,2.0964549908732826,5.821962599971036,6.111328516967249,1.639344262295082,0,5.0
ERAA,2026-07-22,368.0,410.0,366.0,398.0,188305600.0,0,,1.0,4.23859400811634,74945628800.0,3.015075376884422,3.015075376884422,18.592964824120603,0.7272727272561984,76.50460884703946,4.994055174023586,1,28.060206307203902,0.08560067925247149,71.6041354872365,14.103181488113032,15.207214833737378,11.055276381909549,1,
ERAA,2026-07-23,408.0,426.0,398.0,406.0,211886200.0,0,,1.0,3.954283342574281,86025797200.0,4.926108374384237,4.926108374384237,22.167487684729064,0.28571428570408164,78.52514834344805,6.259891195440116,1,31.101133415497163,-0.0003564682982694937,157.4862591750445,15.230716309770006,17.2714032849273,6.896551724137931,2,
ERAA,2026-07-24,400.0,410.0,394.0,398.0,78823300.0,0,,1.0,1.401956983848378,31371673400.0,7.035175879396985,7.035175879396985,22.110552763819097,0.249999999984375,71.86916891526894,6.163915723529644,1,33.40724705096009,-0.030759403723766895,129.08700376651782,11.936324940589158,14.755706760814737,4.0201005025125625,0,
ERAA,2026-07-27,398.0,404.0,388.0,394.0,39834800.0,0,,1.0,0.710352890322461,15694911200.0,8.121827411167512,8.121827411167512,19.796954314720814,0.3749999999765625,68.73214526730094,5.4606362276089175,1,34.799415330495584,-0.039719054538008086,110.5052606375567,9.848707275922628,13.426351609102088,4.060913705583756,0,
ERAA,2026-07-28,392.0,394.0,384.0,386.0,57126300.0,0,,1.0,1.0055307774745461,22050751800.0,10.362694300518134,10.362694300518134,18.65284974093264,0.19999999998,62.82568755521942,4.145860858356583,1,35.6109503967287,-0.04269560505589119,88.08252165192458,6.726982039100254,11.002405116116918,2.5906735751295336,0,
ESIP,2026-07-16,128.0,131.0,128.0,131.0,26302100.0,0,,1.0,0.2504860875373265,3445575100.0,6.870229007633588,19.083969465648856,14.50381679389313,0.9999999996666666,50.88788572795471,0.27394071745556037,1,15.017916782588392,-0.10593923466014844,2.3942651240754635,-0.38022813688212925,-3.378079362737876,2.2900763358778624,3,
ESIP,2026-07-17,133.0,134.0,128.0,130.0,23465500.0,0,,1.0,0.27000072777251843,3050515000.0,4.615384615384616,20.0,11.538461538461538,0.33333333327777775,50.09042610934883,0.3637560483753084,1,14.579815383814788,-0.04381323986733513,2.075909092492904,-0.9900990099009986,-3.6323202372127543,4.615384615384616,0,
ESIP,2026-07-20,129.0,133.0,129.0,131.0,20721500.0,0,,1.0,0.3524263914583605,2714516500.0,3.816793893129771,19.083969465648856,11.450381679389313,0.499999999875,50.91873950234104,0.47585297871141896,1,14.17300694209644,-0.2772256781735277,3.3417765661015992,0.4986574606827815,-1.5925480769230802,3.0534351145038165,1,
ESIP,2026-07-21,131.0,135.0,130.0,134.0,44844500.0,1,,1.0,0.8750308542304687,6009163000.0,1.4925373134328357,14.17910447761194,11.194029850746269,0.79999999984,53.41648953362322,0.7225900400174082,1,14.065574849647666,-0.18120931426151377,4.031993940656158,3.076923076923077,1.4690292291382687,3.731343283582089,2,7.0
ESIP,2026-07-22,135.0,139.0,130.0,132.0,60280600.0,1,,1.0,1.3467478028714173,7957039200.0,5.303030303030303,7.575757575757576,13.636363636363635,0.22222222219753085,51.53363207713858,0.7200473145807904,1,14.47803573192574,-0.0815748600712098,0.23715918914916997,1.4604150653343626,0.8711600183402004,6.8181818181818175,0,7.0
ESIP,2026-07-23,132.0,137.0,130.0,130.0,61961900.0,1,,1.0,1.3917290569000051,8055047000.0,6.923076923076923,9.230769230769232,13.846153846153847,0.0,49.64895522468908,0.5597530085544076,1,14.861035122612524,-0.19929118098819854,-2.322279358540669,0.1926782273603083,0.07698229407235899,5.384615384615385,0,7.0
ESIP,2026-07-24,134.0,151.0,133.0,139.0,530964800.0,0,,1.0,7.7140935444519965,73804107200.0,8.633093525179856,8.633093525179856,21.58273381294964,0.3333333333148148,57.229310972821025,1.0097044720274297,1,16.648041122307024,-0.2422932701436528,13.837569534189312,6.676899462778195,7.435461431442267,12.949640287769784,1,
ESIP,2026-07-27,142.0,144.0,134.0,137.0,69617600.0,0,,1.0,1.0618075830652476,9537611200.0,10.218978102189782,10.218978102189782,20.437956204379564,0.29999999997,55.239096688071314,1.1142633394444545,1,18.30740383630906,-0.26089725021830285,11.134571560977676,5.021080873898055,6.349945660611713,7.2992700729927,0,
ESIP,2026-07-28,137.0,137.0,130.0,131.0,47918800.0,0,,1.0,0.7249646434724618,6277362800.0,15.267175572519085,15.267175572519085,19.083969465648856,0.1428571428367347,49.65965251812922,0.739045383601233,1,19.083905618010572,-0.25649995161520356,8.336015520855147,0.3062787136294071,2.231933822381781,5.343511450381679,0,
EXCL,2026-07-16,2550.0,2630.0,2500.0,2600.0,6884000.0,0,,1.0,1.4411728685180976,17898400000.0,1.153846153846154,3.8461538461538463,8.461538461538462,0.7692307692248521,53.79892417469577,27.26273174679642,1,18.04394612805352,0.2387985225442096,67.20133345030266,4.312938816449348,-3.0140256639809078,5.0,4,
EXCL,2026-07-17,2600.0,2600.0,2570.0,2580.0,3073000.0,0,,1.0,0.7305673367694325,7928340000.0,1.937984496124031,4.651162790697675,7.751937984496124,0.3333333333222222,52.06910248722105,27.823415912359316,1,18.184807176340982,0.08688090255399436,56.417931397491,3.510531594784353,-3.3780241180435855,1.1627906976744187,0,
EXCL,2026-07-20,2580.0,2660.0,2560.0,2600.0,6975500.0,0,,1.0,1.5795844009388509,18136300000.0,2.307692307692308,2.307692307692308,8.846153846153847,0.399999999996,53.673249862710314,28.481612442887382,1,18.899994584365878,0.08945183846136036,78.14446977969041,4.1458041257760865,-2.16736905478627,3.8461538461538463,1,
EXCL,2026-07-21,2580.0,2600.0,2560.0,2570.0,6154100.0,0,,1.0,1.3530282143791537,15816037000.0,3.501945525291829,3.501945525291829,8.949416342412452,0.24999999999375003,50.92031624969798,25.910625538020234,1,19.564097177531853,0.01447104348287346,41.49992686482097,2.8617170302181307,-2.9456193353474323,1.556420233463035,0,
EXCL,2026-07-22,2580.0,2590.0,2520.0,2550.0,8271000.0,0,,1.0,1.7287867766936715,21091050000.0,4.313725490196078,4.313725490196078,9.019607843137255,0.4285714285653061,49.11182125796288,22.029545478829114,1,19.509645531960796,0.03854318268094706,-22.417872193607213,1.9388366979812115,-3.3578412794663803,2.7450980392156863,0,
EXCL,2026-07-23,2550.0,2590.0,2500.0,2540.0,10683700.0,0,,1.0,2.1473133710389956,27136598000.0,4.724409448818897,4.724409448818897,9.05511811023622,0.44444444443950615,48.1902267548423,18.11874388902457,1,19.136911215950185,0.051655000900097316,-226.88299738948086,1.4985014985014986,-3.326482454137173,3.543307086614173,0,
EXCL,2026-07-24,2540.0,2550.0,2400.0,2410.0,8346800.0,0,,1.0,1.5793123478619546,20115788000.0,10.37344398340249,10.37344398340249,10.78838174273859,0.06666666666622223,38.164032245575285,6.694908160776585,1,18.134819037329045,-0.004534488714360952,-213.2087473228232,-3.561424569827931,-7.839388145315487,6.224066390041494,0,
EXCL,2026-07-27,2410.0,2450.0,2350.0,2370.0,4837600.0,0,,1.0,0.9063054134587551,11465112000.0,12.236286919831224,12.236286919831224,13.080168776371309,0.199999999998,35.70265070454542,-3.1107647742706526,0,17.771904122136686,-0.002670103067695744,-703.3631504509302,-5.143085851510906,-8.909216696133452,4.219409282700422,0,
EXCL,2026-07-28,2370.0,2490.0,2370.0,2440.0,7592700.0,0,,1.0,1.411519967578189,18526188000.0,9.01639344262295,9.01639344262295,12.704918032786885,0.5833333333284723,42.67088371373427,-4.361141959093995,0,16.89151483662907,0.003396444245419004,-211.63608773623946,-2.478017585931255,-5.7915057915057915,4.918032786885246,1,
FAST,2026-07-21,268.0,298.0,268.0,284.0,5724000.0,0,,1.0,3.469532485952756,1625616000.0,4.929577464788732,4.929577464788732,11.971830985915492,0.5333333333155555,61.72605586247137,1.6345738875746632,1,28.459599537221145,0.18085352177077546,41.93869639610736,10.807647288333978,13.382305972532743,10.56338028169014,2,
FILM,2026-07-16,1580.0,1590.0,1555.0,1555.0,2139500.0,0,,1.0,0.7144467170346869,3326922500.0,12.540192926045016,18.64951768488746,12.540192926045016,0.0,39.66790548752167,16.339549925459153,1,25.667753520047025,-0.23315304670548645,-43.76754886509791,-5.038167938931298,-19.638242894056848,2.2508038585209005,0,
FILM,2026-07-17,1565.0,1570.0,1495.0,1505.0,3217000.0,0,,1.0,1.046541322441756,4841585000.0,16.27906976744186,22.591362126245848,16.943521594684384,0.13333333333155556,37.394558861979206,10.841677618364201,1,25.774881556081368,-0.2425212664407196,-75.35975223017552,-7.569476431751881,-21.22481025909448,4.983388704318937,0,
FILM,2026-07-20,1510.0,1540.0,1445.0,1450.0,3849800.0,0,,1.0,1.2101779682728289,5582210000.0,20.689655172413794,27.241379310344826,21.03448275862069,0.0526315789468144,35.01724904951473,4.27782205355652,1,26.283617462477125,-0.26993406425581307,-106.50914495435104,-10.507637710229902,-23.146234165474112,6.551724137931035,0,
FILM,2026-07-21,1455.0,1455.0,1305.0,1315.0,17943100.0,0,,1.0,4.570238724425793,23595176500.0,32.31939163498099,40.3041825095057,33.07984790874524,0.06666666666622223,29.979291577187055,-7.725246137881172,0,27.675007580570224,-0.45554645021469303,-223.8497058804155,-17.773956542129124,-29.47549072187064,11.406844106463879,0,
FILM,2026-07-22,1315.0,1345.0,1140.0,1195.0,23111200.0,0,,1.0,4.685071493803396,27617884000.0,40.1673640167364,54.39330543933054,44.76987447698745,0.26829268292552055,26.350268881769466,-21.533414404036364,0,29.725261565558874,-0.44097855219526283,-602.0747732962781,-24.41492726122707,-35.07199130671013,17.154811715481173,0,
FILM,2026-07-23,1235.0,1280.0,1200.0,1200.0,20019900.0,0,,1.0,3.574481077206141,24023880000.0,39.58333333333333,49.166666666666664,44.583333333333336,0.0,26.748156403413404,-27.72285044460017,0,31.62906883733405,-0.5994708787338242,-452.6319180465175,-22.68041237113402,-33.93889347646573,6.666666666666667,1,
FILM,2026-07-24,1200.0,1205.0,1055.0,1060.0,15739200.0,0,,1.0,2.5158125416592734,16683552000.0,58.01886792452831,65.09433962264151,58.490566037735846,0.033333333333111115,23.00117238179891,-38.00292753037152,0,33.915065904360866,-0.6383003584567634,-1358.0062846827568,-30.377668308702795,-40.83170527490929,14.150943396226415,0,
FILM,2026-07-27,1065.0,1175.0,980.0,1040.0,23173700.0,0,,1.0,3.1454572231146725,24100648000.0,61.057692307692314,68.26923076923077,66.82692307692307,0.3076923076907298,22.515923662221113,-42.56330452937118,0,36.258012618217116,-0.5960735341878227,-6983.609040074549,-30.388219544846052,-41.11318724874016,18.75,0,
FILM,2026-07-28,1040.0,1055.0,1005.0,1005.0,9204600.0,0,,1.0,1.192571401918562,9250623000.0,62.68656716417911,74.12935323383084,65.17412935323384,0.0,21.654941465068816,-44.15987640160492,0,38.43360599536935,-0.6144387522165914,-272.36550275243997,-31.46948516876918,-42.241379310344826,4.975124378109453,0,
FPNI,2026-07-23,336.0,340.0,326.0,332.0,3209300.0,0,,1.0,1.5330489488442296,1065487600.0,2.4096385542168677,13.253012048192772,9.036144578313253,0.4285714285408163,49.358066156589075,3.4206039727847743,1,17.693771034314473,-0.29193096872712504,32.44021473889702,2.311248073959938,-2.2379269729093116,4.216867469879518,0,
GDST,2026-07-16,100.0,100.0,91.0,93.0,17971800.0,0,,1.0,1.8849992893939287,1671377400.0,12.903225806451612,12.903225806451612,27.956989247311824,0.22222222219753085,61.22679797181633,1.9692951101804255,1,31.339386038910842,0.3403741506109761,550.2359675528512,11.711711711711711,7.539315448658644,9.67741935483871,0,
GDST,2026-07-17,95.0,100.0,91.0,92.0,15573300.0,0,,1.0,1.5285849598303893,1432743600.0,14.130434782608695,14.130434782608695,28.26086956521739,0.11111111109876542,59.59239111151238,1.8849481956269414,1,33.6076326810894,0.2615303185282106,493.990855649902,9.916367980884107,6.703781025284158,9.782608695652174,0,
GDST,2026-07-27,90.0,116.0,89.0,103.0,143103200.0,0,,1.0,8.12133030204317,14739629600.0,12.62135922330097,12.62135922330097,33.00970873786408,0.5185185184993141,69.51945830944709,1.427631939019264,1,43.43470452359402,0.16654835735878654,156.6708410997204,18.322802986789206,20.46783625730994,26.21359223300971,1,
GDST,2026-07-28,103.0,119.0,96.0,97.0,93795000.0,0,,1.0,4.2095432020668255,9098115000.0,22.68041237113402,22.68041237113402,34.02061855670103,0.04347826086767486,59.88231897906646,1.2907178281919411,1,45.728873575972266,-0.06046508387827606,58.99066338373634,10.352673492605225,13.503393400421256,23.711340206185564,0,
GEMS,2026-07-23,6650.0,6725.0,6500.0,6700.0,232200.0,0,,1.0,3.051849904711795,1555740000.0,1.4925373134328357,1.4925373134328357,7.08955223880597,0.8888888888849383,58.2320871841913,79.36920548177221,1,24.293437635945583,-0.11971288661758982,14.15276263938961,5.8660873000197515,0.1569624037670977,3.3582089552238807,1,
GIAA,2026-07-23,54.0,56.0,53.0,55.0,73932000.0,0,,1.0,1.9522786023985732,4066260000.0,1.8181818181818181,1.8181818181818181,7.2727272727272725,0.6666666664444444,54.2139513252704,0.48849029171627656,1,19.5986096691985,0.05472116435950559,25.830736027381523,4.068117313150423,-0.5065123010130267,5.454545454545454,1,
GJTL,2026-07-16,1120.0,1135.0,1115.0,1130.0,3010700.0,0,,1.0,1.2038586494726842,3402091000.0,0.4424778761061947,6.1946902654867255,3.5398230088495577,0.7499999999625,53.992008825764515,-0.5597078565126264,0,16.058525063525444,-0.14281288214694338,30.672738550731758,0.3106968486462494,1.3309406415518723,1.7699115044247788,2,
GJTL,2026-07-17,1135.0,1150.0,1125.0,1145.0,3522400.0,0,,1.0,1.4109918282326546,4033148000.0,0.43668122270742354,4.366812227074235,4.8034934497816595,0.799999999968,58.09736775410071,1.2803168531625753,1,15.94512441016191,-0.17308130373186995,38.70850488934637,1.8909899888765296,2.588082257314912,2.1834061135371177,3,
GJTL,2026-07-20,1150.0,1155.0,1140.0,1150.0,1938400.0,0,,1.0,0.791115863538227,2229160000.0,0.43478260869565216,3.4782608695652173,5.217391304347826,0.6666666666222222,59.39792513484111,2.6773800711446376,1,16.06221581081615,-0.15147742437296072,44.94370818322182,2.472711071508131,2.9643671701551444,1.3043478260869565,4,
GJTL,2026-07-21,1150.0,1150.0,1135.0,1140.0,6877700.0,0,,1.0,2.5590584873436786,7840578000.0,1.3157894736842104,4.385964912280701,5.263157894736842,0.3333333333111111,55.67597361270548,2.760199997273967,1,15.854103970991162,-0.1675397536954162,22.820380854348947,1.7175998215480703,1.9993300789271122,1.3157894736842104,0,
GJTL,2026-07-22,1140.0,1150.0,1135.0,1145.0,2003900.0,1,,0.6,0.781230811814951,2294465500.0,0.8733624454148471,1.3100436681222707,5.240174672489083,0.6666666666222222,57.12268437816017,2.9659100349525107,1,15.660857262582246,-0.07569031982086401,14.060435995841702,2.1637296453267902,2.461331608125976,1.3100436681222707,1,12.0
GJTL,2026-07-23,1145.0,1160.0,1140.0,1140.0,3859700.0,1,,0.6,1.456935893612764,4400058000.0,1.7543859649122806,1.7543859649122806,5.263157894736842,0.0,55.182993825975,2.5929250065901637,1,15.980569130302127,-0.10504525281391121,-14.495918358307458,1.6722408026755853,1.9782002727595387,1.7543859649122806,0,12.0
GJTL,2026-07-24,1140.0,1145.0,1115.0,1115.0,3819400.0,1,,0.6,1.4221087004278161,4258631000.0,4.0358744394618835,4.0358744394618835,4.484304932735426,0.0,46.65284409102774,0.5945145365967957,1,14.928682320389187,-0.12872136562431466,-55.70658591499031,-0.6238859180035651,-0.20695131486788515,2.690582959641256,0,12.0
GJTL,2026-07-27,1160.0,1215.0,1150.0,1205.0,34081500.0,0,,1.0,7.924105845398383,41068207500.0,0.8298755186721992,0.8298755186721992,8.71369294605809,0.8461538461408283,66.64327008234224,5.0197551887111596,1,16.299357200935848,0.1939166093045764,125.78129108022364,6.968486462494451,7.729853127319496,5.394190871369295,1,
GJTL,2026-07-28,1210.0,1230.0,1190.0,1200.0,13794100.0,0,,1.0,2.8251835618682857,16552920000.0,2.5,2.5,10.0,0.24999999999375003,65.18193370099064,7.165118389867769,1,17.92319706551566,0.09280653841320205,60.900406775140034,6.10079575596817,7.174921169620545,3.3333333333333335,0,
GMFI,2026-07-23,53.0,55.0,52.0,55.0,119036200.0,0,,1.0,2.411122956004716,6546991000.0,0.0,0.0,7.2727272727272725,0.9999999996666666,61.37881224720594,0.3373335591918167,1,34.967375921138974,0.5670771280275247,36.36865112406328,5.062082139446034,4.682146935668064,5.454545454545454,1,
GMFI,2026-07-27,54.0,55.0,53.0,55.0,77368600.0,0,,1.0,1.4059419704532414,4255273000.0,0.0,0.0,7.2727272727272725,0.9999999995,59.691085329246626,0.34530087219213623,1,38.41849341557205,0.5747830828231861,32.01530553242668,4.463437796771133,4.801829268292689,3.6363636363636362,1,
GMFI,2026-07-28,54.0,56.0,54.0,55.0,82248200.0,0,,1.0,1.4600644980965047,4523651000.0,1.8181818181818181,1.8181818181818181,9.090909090909092,0.49999999975,59.69108532334181,0.34640429457573063,1,40.47248637917466,0.5614963775390861,10.879179310859737,4.068117313150423,4.841784216545938,3.6363636363636362,0,
GOLD,2026-07-24,260.0,322.0,260.0,286.0,4855800.0,0,,1.0,10.355063655556245,1388758800.0,12.587412587412588,12.587412587412588,27.27272727272727,0.4193548387029137,67.43338752105441,3.5763342751460154,1,50.1145244408299,-0.2222614399670283,153.06417421468487,13.447044823482749,11.076588472891089,21.678321678321677,1,
GPRA,2026-07-16,100.0,103.0,98.0,99.0,63747400.0,1,,0.6,1.9074954162137738,6310992600.0,5.05050505050505,5.05050505050505,8.031293923671507,0.19999999996,45.56704783871591,0.31228933210580234,1,22.89363524272988,-0.06526641814379774,-58.03523379413373,-0.06680001820743708,-3.0624867061477534,5.05050505050505,0,14.0
GPRA,2026-07-17,99.0,105.0,99.0,103.0,73710800.0,0,,1.0,2.136325102779279,7592212400.0,1.9417475728155338,1.9417475728155338,8.690272800422129,0.6666666665555555,56.98902063880989,0.5093604510637961,1,23.82201394833151,-0.02761028453729301,-5.145221725210273,3.7624507981786253,1.0693780941511581,5.825242718446602,1,
GPRA,2026-07-20,105.0,108.0,102.0,105.0,93429000.0,1,,1.0,2.527176978126147,9810045000.0,2.857142857142857,2.857142857142857,11.381886087768441,0.49999999991666666,61.35541148219668,0.7417458203541494,1,25.345677191576247,-0.08541973502914525,73.04650486486432,5.512043979604851,3.17143925830991,5.714285714285714,2,8.0
GPRA,2026-07-21,106.0,106.0,101.0,102.0,93280200.0,1,,1.0,2.3880440353556738,9514580400.0,5.88235294117647,5.88235294117647,9.803921568627452,0.19999999996,52.71125576695319,0.6633045446926378,1,26.249290615876255,-0.13053543048019625,25.704632621667283,2.293341406206806,0.36019427149802435,4.901960784313726,0,8.0
GPRA,2026-07-22,103.0,104.0,101.0,103.0,58089500.0,1,,1.0,1.3912204825629524,5983218500.0,4.854368932038835,4.854368932038835,9.70873786407767,0.6666666664444444,54.98773655027923,0.6479140210168921,1,27.088360224154833,-0.1006175644474597,59.909411085791135,3.0393976017014044,1.6010934324953165,2.912621359223301,1,8.0
GPRA,2026-07-23,104.0,110.0,102.0,110.0,90065600.0,1,,0.6,2.0477775968961933,9907216000.0,0.0,0.0,10.909090909090908,0.999999999875,66.97321206164578,1.054278539665055,1,28.99887163681035,-0.01900074392218098,100.80227852549652,9.49492799599631,8.504133204850122,7.2727272727272725,2,12.0
GPRA,2026-07-24,109.0,109.0,100.0,100.0,90722900.0,1,,0.6,1.9203080692059276,9072290000.0,10.0,10.0,12.0,0.0,47.510585719267795,0.6163854495850096,1,29.84991161731977,-0.086730782117398,39.29453946412133,-0.6056234375052019,-1.2052946515078216,9.0,0,12.0
GPRA,2026-07-27,100.0,101.0,98.0,98.0,52662300.0,1,,0.6,1.061591168173008,5160905400.0,12.244897959183673,12.244897959183673,12.244897959183673,0.0,44.71199709755137,0.1814195691277513,1,29.80518500878114,-0.13023423125945965,-166.6612688507736,-2.592087196544388,-2.99082447641408,3.061224489795918,0,12.0
GPRA,2026-07-28,100.0,102.0,98.0,102.0,129870200.0,0,,1.0,2.3536430712212892,13246760400.0,7.8431372549019605,7.8431372549019605,11.76470588235294,0.99999999975,50.93671889924569,0.15358252816373305,1,29.97981860945892,-0.01611316026775752,91.97475751102719,1.1840794576639617,1.0874386083139875,3.9215686274509802,1,
GZCO,2026-07-21,153.0,160.0,152.0,157.0,12978500.0,0,,1.0,2.275610369776822,2037624500.0,1.910828025477707,1.910828025477707,16.560509554140125,0.624999999921875,60.69965643109257,2.789115562777665,1,21.58915920693656,0.013883979310213897,12.182670083870999,9.98248686514886,5.101084482527785,5.095541401273886,2,
GZCO,2026-07-23,155.0,163.0,154.0,158.0,17061300.0,0,,1.0,2.7507932515574813,2695685400.0,3.1645569620253164,3.1645569620253164,15.822784810126583,0.4444444443950617,60.811830207723105,2.678590295803109,1,22.059799340733946,-0.0018548670424460996,12.81817998109433,9.79847116052814,6.727911375303977,5.69620253164557,1,
GZCO,2026-07-24,158.0,158.0,150.0,152.0,7399700.0,0,,1.0,1.1567082811946778,1124754400.0,7.236842105263158,7.236842105263158,16.447368421052634,0.24999999996875,53.33845076933949,2.1641820322997356,1,21.588230113136213,-0.0033447386715710578,9.495227552883115,5.190311418685121,3.1347536979237383,5.263157894736842,0,
HEAL,2026-07-16,895.0,910.0,880.0,910.0,3310100.0,0,,1.0,0.38534162821127715,3012191000.0,2.7472527472527473,2.7472527472527473,9.89010989010989,0.9999999999666667,54.24096813011026,6.8449870340039185,1,20.55488834965145,-0.21595293770290874,-23.49846722743468,3.733257338273012,0.010990218705354736,3.296703296703297,1,
HEAL,2026-07-17,910.0,910.0,875.0,885.0,6078700.0,0,,1.0,1.0844857715545269,5379649500.0,5.649717514124294,5.649717514124294,7.344632768361582,0.28571428570612245,49.096219987995106,4.850122082003154,1,19.42073432310856,-0.02821951125036993,-32.6062527531472,0.883442576232545,-2.4363355749090534,3.954802259887006,0,
HEAL,2026-07-20,890.0,915.0,880.0,885.0,6830200.0,0,,1.0,1.201164550328288,6044727000.0,5.649717514124294,5.649717514124294,6.779661016949152,0.14285714285306123,49.096219987794505,3.370521610516688,1,18.587606383575228,-0.05240198031032086,-22.191004643058815,0.8259755055539733,-2.1342474842419503,3.954802259887006,0,
HEAL,2026-07-21,885.0,885.0,840.0,840.0,16984500.0,0,,1.0,2.675815805186682,14266980000.0,10.714285714285714,11.30952380952381,10.714285714285714,0.0,40.981611197780154,-0.5880349376077803,0,18.381989931311463,-0.18666277531275047,-29.185112795398293,-4.10958904109589,-6.790945406125171,5.357142857142857,0,
HEAL,2026-07-22,845.0,850.0,825.0,830.0,11363300.0,0,,1.0,1.7950423197343601,9431539000.0,11.44578313253012,12.650602409638553,12.048192771084338,0.199999999992,39.4222970250394,-3.6578805695634684,0,18.677753084793636,-0.14857388760889306,-36.293611025576425,-5.359179019384264,-7.541494931491595,3.0120481927710845,0,
HEAL,2026-07-23,835.0,840.0,820.0,820.0,14447600.0,0,,1.0,2.231311974560362,11847032000.0,11.585365853658537,14.02439024390244,11.585365853658537,0.0,37.87051577213866,-6.001435986018391,0,19.108449244020882,-0.30144266569511147,-59.29516615691094,-6.178489702517163,-8.277404921700224,2.4390243902439024,0,
HEAL,2026-07-24,825.0,830.0,805.0,820.0,10929900.0,0,,1.0,1.6605351894630251,8962518000.0,11.585365853658537,14.02439024390244,13.414634146341465,0.599999999976,37.87051577197813,-7.1150585937504145,0,19.957441703567333,-0.24655833334380745,-48.35430795061907,-5.990255087417598,-7.906558849955074,3.048780487804878,0,
HEAL,2026-07-27,815.0,815.0,770.0,775.0,24781700.0,0,,1.0,3.225740108831973,19205817500.0,18.064516129032256,20.64516129032258,18.70967741935484,0.11111111110864198,31.416521779469676,-10.25498342149295,0,21.60062059309332,-0.33669026940722574,-76.35502656383115,-10.765687967760506,-12.518342928095718,5.806451612903226,0,
HEAL,2026-07-28,780.0,785.0,760.0,765.0,17994500.0,0,,1.0,2.175041625494444,13765792500.0,19.607843137254903,22.22222222222222,20.26143790849673,0.199999999992,30.185412454337268,-12.243363761584883,0,23.332823892912085,-0.34054857347417944,-65.0186797967168,-11.662817551963048,-13.186563776668184,3.2679738562091507,0,
HELI,2026-07-27,189.0,240.0,188.0,200.0,15163600.0,0,,1.0,10.55215150850895,3032720000.0,20.0,20.0,33.5,0.23076923076479292,69.27747348805158,0.9569771415747124,1,20.113913761302435,-0.310471990562475,472.69954808838605,10.011001100110004,12.24604332697272,26.0,1,
HEXA,2026-07-20,4510.0,4550.0,4510.0,4550.0,372200.0,0,,1.0,1.6059370483032314,1693510000.0,0.0,0.8791208791208791,6.373626373626373,0.9999999999750001,64.12223167775053,22.33891537048413,1,23.450128330701553,0.36892881649790504,561.1626468769291,3.3034396639800208,3.4184925902354677,0.8791208791208791,4,
HOKI,2026-07-22,54.0,57.0,54.0,55.0,31200100.0,0,,1.0,1.2993923694260618,1716005500.0,3.6363636363636362,5.454545454545454,10.909090909090908,0.3333333332222222,55.520157858440356,0.5830490818969378,1,34.171226071826226,-0.39430117609605064,61.09156953874829,4.265402843601896,-1.8207782934666246,5.454545454545454,2,
HOKI,2026-07-23,55.0,56.0,54.0,55.0,19710800.0,1,,1.0,0.8088034953993218,1084094000.0,3.6363636363636362,5.454545454545454,10.909090909090908,0.49999999975,55.52015785269667,0.598112920495447,1,34.82907746993599,-0.40134654897911826,54.75781887013511,4.364326375711569,-1.4690075241848806,3.6363636363636362,0,8.0
HOKI,2026-07-28,54.0,59.0,53.0,57.0,174810400.0,0,,1.0,5.356775903051802,9964192800.0,3.508771929824561,3.508771929824561,12.280701754385964,0.6666666665555555,62.89564502668956,0.5826940361810853,1,35.413418126886114,-0.19868621232505077,232.7637658254655,7.750472589792063,3.223469757334301,10.526315789473683,1,
HRTA,2026-07-16,1835.0,2020.0,1810.0,1960.0,27198100.0,0,,1.0,2.5882850034092564,53308276000.0,3.061224489795918,11.73469387755102,17.346938775510203,0.7142857142823129,52.19755357975158,34.583781017122305,1,37.24894904262639,-0.03398837131441785,17.139183898361907,6.348345089527943,-7.666272230394222,10.714285714285714,1,
HRTA,2026-07-17,1950.0,1950.0,1880.0,1910.0,13145600.0,0,,1.0,1.2073325688926522,25108096000.0,5.7591623036649215,14.659685863874344,17.801047120418847,0.4285714285653061,49.157244789164785,37.13860254109359,1,34.58895985349073,-0.03293666761965677,3.7872098088827,4.229195088676671,-9.306332602878902,3.664921465968586,0,
HRTA,2026-07-20,1910.0,1945.0,1885.0,1930.0,8368600.0,0,,1.0,0.7511941901521444,16151398000.0,4.66321243523316,9.32642487046632,17.616580310880828,0.7499999999875,50.40169927800789,39.035162884126265,1,32.11896989215047,-0.003919011672643055,12.626695217701641,5.81140350877193,-7.587991183086731,3.1088082901554404,1,
HRTA,2026-07-21,1930.0,1970.0,1910.0,1945.0,12589200.0,0,,1.0,1.090535344816011,24485994000.0,3.8560411311053984,4.884318766066838,17.480719794344473,0.5833333333236111,51.3632244604478,40.01165969318298,1,30.076488605604567,0.011825769075184374,13.97601242613973,6.941580756013746,-6.246077366060056,3.0848329048843186,2,
HRTA,2026-07-22,1975.0,2040.0,1950.0,2020.0,20532700.0,0,,1.0,1.6917317083419499,41476054000.0,0.9900990099009901,0.9900990099009901,17.82178217821782,0.7777777777691358,55.96040797152224,44.09815409051333,1,28.843356441749464,0.08153953831485647,32.80490405054305,10.83676268861454,-2.0735755160153992,4.455445544554455,3,
HRTA,2026-07-23,2020.0,2060.0,1960.0,1965.0,16614900.0,0,,1.0,1.3663147723651612,32648278500.0,4.8346055979643765,4.8346055979643765,16.28498727735369,0.0499999999995,52.07328607823513,41.52290902698037,1,27.877483922701984,-0.026070623161960974,8.253878900890124,7.656485412957129,-4.1400967788845815,5.089058524173027,0,
HRTA,2026-07-24,1950.0,1950.0,1865.0,1920.0,8419100.0,0,,1.0,0.7414256885670416,16164672000.0,7.291666666666667,7.291666666666667,16.666666666666664,0.6470588235217993,49.0699925042568,35.45075085962268,1,25.923809370503783,0.035427495779122034,10.599276313501301,4.8034934497816595,-5.709268585432467,4.427083333333334,0,
HRTA,2026-07-27,1925.0,1970.0,1910.0,1930.0,9495700.0,0,,1.0,0.8372828361295077,18326701000.0,6.7357512953367875,6.7357512953367875,16.580310880829018,0.3333333333277778,49.763379020343535,30.934279947963418,1,24.31051334017374,0.04941557365913579,11.970427252675435,4.862809019288237,-4.589780834231813,3.1088082901554404,1,
HRTA,2026-07-28,1930.0,1945.0,1890.0,1895.0,4962800.0,0,,1.0,0.4547649614355133,9404506000.0,8.70712401055409,8.70712401055409,13.192612137203167,0.09090909090743803,47.334360140884804,24.687344184651366,1,22.594410372921978,0.02633918467187647,0.023528921213854068,2.3770934629929767,-5.661924351381856,2.9023746701846966,0,
HRUM,2026-07-16,795.0,825.0,790.0,825.0,7455700.0,0,,1.0,1.239137787328741,6150952500.0,0.0,5.454545454545454,12.727272727272727,0.9999999999714286,60.738942346855495,12.300404533218241,1,20.679132087892224,-0.08710831575560547,108.15926648556227,8.516935218678066,4.735305319283985,4.242424242424243,6,
HRUM,2026-07-17,825.0,835.0,810.0,830.0,5363600.0,0,,1.0,0.9330344756203949,4451788000.0,0.6024096385542169,4.819277108433735,13.855421686746988,0.799999999968,61.48943334944154,13.827795719800873,1,20.45704425914813,-0.11917625109484639,138.95663920607146,9.138724523339908,5.7863879683915345,3.0120481927710845,7,
HRUM,2026-07-20,830.0,860.0,830.0,845.0,5362200.0,0,,1.0,1.0301661037658638,4531059000.0,1.7751479289940828,1.7751479289940828,16.56804733727811,0.49999999998333333,63.729412730718764,15.105104964675876,1,20.850896213945887,-0.17059208021816707,188.30477330623492,11.07459743674006,8.097735704234355,3.5502958579881656,8,
HRUM,2026-07-21,845.0,860.0,840.0,845.0,6521400.0,0,,1.0,1.2492804291084982,5510583000.0,1.7751479289940828,1.7751479289940828,16.56804733727811,0.2499999999875,63.72941273045263,15.167016485183002,1,21.21661588625809,-0.19282125533999442,242.7666374091328,10.892388451443571,8.277806253203488,2.366863905325444,0,
HRUM,2026-07-22,845.0,855.0,825.0,830.0,7159400.0,0,,1.0,1.4167869684253642,5942302000.0,3.614457831325301,3.614457831325301,16.867469879518072,0.1666666666611111,59.70203283662334,13.472061098207533,1,20.960338315386938,-0.1425549070151472,200.6060716365754,8.425865447419987,6.587902915114929,3.614457831325301,0,
HRUM,2026-07-23,835.0,875.0,835.0,850.0,16293300.0,0,,1.0,2.907625304600844,13849305000.0,2.941176470588235,2.941176470588235,16.470588235294116,0.37499999999062505,63.05452205771304,12.967700613213959,1,21.233263517364946,-0.18511147158493624,1012.5783918829344,10.533159947984396,9.352888202753126,4.705882352941177,1,
HRUM,2026-07-24,850.0,850.0,800.0,810.0,10151100.0,0,,1.0,1.7510500849555382,8222391000.0,8.024691358024691,8.024691358024691,17.28395061728395,0.19999999999600002,53.47301914144853,9.377405515312393,1,20.2332392876822,-0.19896017391084378,59.31821594834058,4.854368932038835,4.435275915420317,6.172839506172839,0,
HRUM,2026-07-27,810.0,820.0,790.0,800.0,4389600.0,0,,1.0,0.753406729959743,3511680000.0,9.375,9.375,12.5,0.3333333333222222,51.3713559449896,5.934272498748138,1,18.98695315483356,-0.1909236204559773,-42.61651598868141,3.1592520954223082,3.399250355434917,3.75,0,
HRUM,2026-07-28,800.0,810.0,790.0,800.0,4213200.0,0,,1.0,0.7694281427857892,3370560000.0,9.375,9.375,11.875,0.499999999975,51.37135594477217,3.3885237767707004,1,17.829687460045538,-0.1416500504854785,-42.61651598868141,2.498398462524023,3.653796320290237,2.5,0,
IATA,2026-07-16,59.0,59.0,56.0,57.0,125355700.0,0,,1.0,2.1023440279666965,7145274900.0,19.298245614035086,29.82456140350877,21.052631578947366,0.3333333332222222,34.56793996625525,-0.4466362197749765,0,15.861619708943689,-0.2075881819992737,-8178.894908899709,-10.44776119402985,-14.10488245931284,5.263157894736842,0,
IATA,2026-07-17,58.0,58.0,55.0,57.0,165495200.0,0,,1.0,2.6164775357031087,9433226400.0,15.789473684210526,29.82456140350877,19.298245614035086,0.6666666664444444,34.56793996458053,-0.4910537557688226,0,16.6858646719744,-0.20109830568474799,-8178.894908899709,-9.523809523809524,-13.479052823315113,5.263157894736842,0,
IATA,2026-07-20,57.0,60.0,56.0,58.0,128229400.0,0,,1.0,1.903360828760699,7437305200.0,13.793103448275861,27.586206896551722,18.96551724137931,0.499999999875,37.8125040354922,-0.41274590754733675,0,16.647650271136662,-0.20014707476131313,-12.751083578198868,-7.05128205128205,-11.31498470948013,6.896551724137931,1,
IATA,2026-07-21,58.0,60.0,58.0,60.0,156427000.0,0,,1.0,2.220580891139623,9385620000.0,8.333333333333332,18.333333333333332,16.666666666666664,0.9999999995,43.81336373421266,-0.19686279765594228,0,16.612165470358764,-0.035457621854690084,43.739585579580876,-3.147699757869254,-7.777436212726717,3.3333333333333335,2,
IATA,2026-07-22,60.0,61.0,58.0,59.0,160425700.0,0,,1.0,2.1076206790680185,9465116300.0,10.16949152542373,15.254237288135593,16.94915254237288,0.3333333332222222,41.64928696958287,-0.09707142969189952,0,16.175074779690316,-0.045903670807539355,-0.4751085359055358,-4.298459042984589,-8.86623416743898,5.084745762711865,0,
IATA,2026-07-23,59.0,63.0,58.0,58.0,290384400.0,0,,1.0,3.2294775500049573,16842295200.0,12.068965517241379,17.24137931034483,17.24137931034483,0.0,39.54574808773666,-0.07505409947942043,0,15.01977897314627,-0.20833277028338096,-45.88059933114948,-5.228758169934645,-9.937888198757772,8.620689655172415,0,
IATA,2026-07-24,58.0,60.0,57.0,58.0,135018300.0,0,,1.0,1.4099457354112976,7831061400.0,8.620689655172415,17.24137931034483,13.793103448275861,0.3333333332222222,39.54574808558572,-0.03894948693552225,0,14.294451219873036,-0.21596180932937273,-45.88059933114948,-4.683648315529994,-9.5163806552262,5.172413793103448,0,
IATA,2026-07-27,58.0,60.0,57.0,59.0,82543400.0,0,,1.0,0.8309212794915704,4870060600.0,6.779661016949152,15.254237288135593,13.559322033898304,0.6666666664444444,42.890913169292205,0.0679985353851631,1,13.620932591833604,-0.19433405290668299,-90.56295403915023,-2.5598678777869486,-7.552491382011908,5.084745762711865,1,
IATA,2026-07-28,59.0,60.0,57.0,58.0,105322300.0,0,,1.0,1.0295754032651843,6108693400.0,8.620689655172415,17.24137931034483,13.793103448275861,0.3333333332222222,40.47877202332544,0.08595313238358693,1,12.99552243722556,-0.18330520763627614,-611.182735751536,-3.893951946975976,-8.69017632241814,5.172413793103448,0,
ICBP,2026-07-16,6625.0,6700.0,6600.0,6700.0,1186500.0,0,,1.0,0.3457439833553338,7949550000.0,2.2388059701492535,2.2388059701492535,5.347807720474738,0.99999999999,57.8644012436074,12.961403155197623,1,32.20591524212988,0.08727854923044374,-2.552322478018053,2.492223879808268,3.203012008064856,1.4925373134328357,1,
ICBP,2026-07-17,6775.0,6850.0,6625.0,6850.0,3779700.0,0,,1.0,1.273215714345867,25890945000.0,0.0,0.0,4.014598540145985,0.9999999999955556,63.13197055301292,21.464981226930334,1,33.163090601459274,0.09133456816444342,10.564617246381166,4.462121936890719,5.412786381634608,3.2846715328467155,2,
ICBP,2026-07-20,6850.0,6950.0,6850.0,6900.0,3538400.0,0,,1.0,1.1789872118671736,24414960000.0,0.7246376811594203,0.7246376811594203,5.434782608695652,0.499999999995,64.7154383795698,28.275332236112774,1,34.46738769259518,0.1246917480661699,25.824120847234255,4.764012855802916,6.1823643184455985,1.4492753623188406,3,
ICBP,2026-07-21,6950.0,7025.0,6850.0,7000.0,3888200.0,0,,1.0,1.2905859782125237,27217400000.0,0.35714285714285715,0.35714285714285715,6.428571428571428,0.8571428571379592,67.70312158344265,36.793829461480016,1,35.954393354867825,0.144290654113425,29.425703516569623,5.758405376298177,7.648421714422134,2.5,4,
ICBP,2026-07-22,7000.0,7100.0,6975.0,7075.0,4595100.0,0,,1.0,1.505346402316774,32510332500.0,0.35335689045936397,0.35335689045936397,7.420494699646643,0.7999999999935999,69.77053008569492,44.25710376674647,1,37.58708790812675,0.22491194988799493,47.84205382966799,6.230496401137313,8.719306053169156,1.76678445229682,5,
ICBP,2026-07-23,7075.0,7125.0,7025.0,7125.0,5277300.0,0,,1.0,1.7413843168829106,37600762500.0,0.0,0.0,7.719298245614035,0.99999999999,71.09876699707014,48.97143512998355,1,39.184162995398246,0.2731873255551048,57.44328896737413,6.455882074693091,9.339462637453511,1.4035087719298245,6,
ICBP,2026-07-24,7100.0,7100.0,6900.0,6975.0,3966600.0,0,,1.0,1.265127968781645,27667035000.0,2.1505376344086025,2.1505376344086025,7.885304659498208,0.374999999998125,62.26056347189126,38.84050070281009,1,39.192085175698104,0.26102314776064534,32.94024632793487,3.7283994202136697,6.902671876503555,2.867383512544803,0,
ICBP,2026-07-27,6975.0,7050.0,6875.0,6950.0,1978400.0,0,,1.0,0.6498083485789546,13749880000.0,2.5179856115107913,2.5179856115107913,7.913669064748201,0.4285714285689796,60.90173380929168,27.824604221526954,1,38.93023920029773,0.3139981351880361,17.757521090407586,2.9322299783539023,6.39356576898008,2.5179856115107913,0,
ICBP,2026-07-28,6975.0,7025.0,6900.0,6950.0,3002700.0,0,,1.0,1.0822100482952495,20868765000.0,2.5179856115107913,2.5179856115107913,7.553956834532374,0.39999999999679997,60.90173380923442,18.363525859828997,1,38.68709650885452,0.25219758832514666,8.198976641454998,2.6204963785622906,6.267920822049029,1.7985611510791366,0,
ICON,2026-07-27,103.0,115.0,96.0,107.0,55683000.0,0,,1.0,5.197604265016864,5958081000.0,7.476635514018691,9.345794392523365,17.75700934579439,0.5789473683905817,51.036592991553,0.3068873466910371,1,14.035722918861936,-0.1720658078360064,66.38515852139001,1.4218009478672986,-0.8157211716722241,17.75700934579439,1,
IMPC,2026-07-16,1465.0,1465.0,1420.0,1450.0,5497000.0,1,,1.0,0.41293399103293965,7970650000.0,10.344827586206897,18.620689655172416,16.551724137931036,0.6666666666518519,41.69203077328587,14.399105824075704,1,28.89141909644098,-0.04338487826762022,-0.5809911143325012,-1.8280297901150981,-14.504716981132077,3.103448275862069,0,10.0
IMPC,2026-07-17,1460.0,1460.0,1400.0,1445.0,6132900.0,1,,1.0,0.5037347452044623,8862040500.0,10.726643598615917,19.031141868512112,16.608996539792386,0.7499999999875,41.3022312448882,14.614958371125695,1,28.66931976205441,-0.11637582573131983,-2.000697010789865,-1.348352961256187,-13.952242005597567,4.1522491349480966,0,10.0
IMPC,2026-07-20,1445.0,1520.0,1445.0,1515.0,11597500.0,0,,1.0,0.9890279511792435,17570212500.0,4.9504950495049505,13.531353135313532,15.181518151815181,0.9333333333208889,48.55412652276692,19.189581093346092,1,27.45894698422033,-0.05917471054179116,-0.8202193794665571,3.749357986646122,-8.844765342960288,4.9504950495049505,1,
IMPC,2026-07-21,1515.0,1575.0,1500.0,1575.0,14516100.0,0,,1.0,1.1972530012565459,22862857500.0,0.0,9.206349206349207,13.65079365079365,0.9999999999866667,53.820558737874315,25.574473660506385,1,25.542044227247853,-0.00848889042175793,14.397639633043505,7.987658553308194,-4.354162871196942,4.761904761904762,2,
IMPC,2026-07-22,1580.0,1635.0,1535.0,1560.0,20231900.0,1,,0.6,1.6983756558237144,31561764000.0,4.807692307692308,4.807692307692308,17.628205128205128,0.2499999999975,52.37701033407744,27.91468749183373,1,24.424496985935665,0.04694738500050461,-3.741457855063257,6.757912745936697,-4.464449751975019,6.41025641025641,0,19.0
IMPC,2026-07-23,1560.0,1645.0,1535.0,1560.0,27958600.0,1,,0.6,2.237839144455908,43615416000.0,5.448717948717949,5.448717948717949,18.269230769230766,0.22727272727066114,52.37701033397658,28.490738911841767,1,23.50530826812481,-0.03135634592406601,-0.16957127225032284,6.593782029381619,-3.84022683843925,7.051282051282051,0,19.0
IMPC,2026-07-24,1540.0,1550.0,1465.0,1465.0,12873800.0,1,,0.6,1.0941098682186485,18860117000.0,12.286689419795222,12.286689419795222,19.453924914675767,0.0,43.75659184644913,21.803235722881375,1,21.972371850754815,-0.011279582093837203,-4.92382684038776,-0.22135194959986376,-9.006211180124224,5.802047781569966,0,19.0
IMPC,2026-07-27,1465.0,1540.0,1465.0,1530.0,7213000.0,0,,1.0,0.685971767977396,11035890000.0,7.516339869281046,7.516339869281046,16.013071895424837,0.866666666655111,49.83965835501181,21.07477941746957,1,20.54893089176839,-0.014525171174490762,-7.406500788722088,3.6585365853658534,-4.315196998123827,4.901960784313726,1,
IMPC,2026-07-28,1530.0,1550.0,1485.0,1490.0,7872800.0,0,,1.0,0.7862719992969013,11730472000.0,10.40268456375839,10.40268456375839,16.44295302013423,0.07692307692189349,46.50621379108695,17.370636749853375,1,19.08285470672467,-0.06641269094474224,-20.084285535840685,0.5737428282146473,-6.123991935483874,4.3624161073825505,0,
INCO,2026-07-16,4930.0,5125.0,4880.0,4960.0,10728300.0,0,,1.0,0.8939944551894475,53212368000.0,3.326612903225806,7.862903225806452,14.415322580645162,0.3265306122435652,56.67843733098776,76.41224563217665,1,21.824546586018517,-0.20202354762107333,23.504072236298477,6.54065084308882,1.4829209405478847,4.939516129032258,1,
INCO,2026-07-17,4950.0,4950.0,4870.0,4910.0,9152000.0,0,,1.0,0.7630262427835783,44936320000.0,4.378818737270876,8.961303462321792,13.54378818737271,0.49999999999375,54.99255105587585,72.32312402023388,1,21.612695697995864,-0.1947624700015451,14.083190428435477,5.6538813276669,0.9183523091866496,1.6293279022403258,0,
INCO,2026-07-20,4900.0,5000.0,4900.0,4920.0,9256800.0,0,,1.0,0.7977988308982432,45543456000.0,4.166666666666666,6.707317073170732,13.516260162601625,0.199999999998,55.27905857458937,67.14761153752178,1,21.59231700138333,-0.18436414691649955,16.96290618222299,6.16031934405006,1.6554871955566886,2.0325203252032518,1,
INCO,2026-07-21,4950.0,5050.0,4910.0,4940.0,11237700.0,0,,1.0,0.9627533527636847,55514238000.0,3.7449392712550607,3.7449392712550607,13.461538461538462,0.2142857142841837,55.88393007366369,62.04761286929068,1,21.751678941980863,-0.18099863574142977,14.785309281113005,6.614869968706162,2.234378237733038,2.834008097165992,2,
INCO,2026-07-22,4950.0,5025.0,4920.0,5000.0,12866600.0,0,,1.0,1.130820496549954,64333000000.0,2.5,2.5,13.3,0.7619047618975057,57.730986790546226,59.673582646602796,1,21.89965788682143,-0.0736534411074934,23.404691469179074,7.434464976364417,3.872423175732646,2.1,3,
INCO,2026-07-23,5000.0,5275.0,5000.0,5075.0,25171600.0,0,,1.0,2.1810786771736503,127745870000.0,3.9408866995073892,3.9408866995073892,13.30049261083744,0.272727272726281,59.986201483256046,59.95384401365803,1,22.88255955762857,-0.11585459992312613,35.64186567869797,8.411214953271028,5.824467464402083,5.41871921182266,4,
INCO,2026-07-24,5025.0,5025.0,4820.0,4870.0,22204100.0,0,,1.0,1.8293513839948126,108133967000.0,8.316221765913758,8.316221765913758,13.860369609856264,0.2439024390232005,51.8440045186979,43.87747935615155,1,22.753291763231296,-0.1588464965125846,24.59639171314072,3.56744111861343,1.934259229919595,4.209445585215605,0,
INCO,2026-07-27,4870.0,4870.0,4750.0,4770.0,9019900.0,0,,1.0,0.735576485919711,43024923000.0,10.58700209643606,10.58700209643606,11.0062893081761,0.16666666666527777,48.393310902026506,24.992697037133635,1,22.260586206799534,-0.17842425990659344,13.03931390812477,1.0432664301223322,0.2627271901479794,2.515723270440252,0,
INCO,2026-07-28,4620.0,4800.0,4620.0,4750.0,4743100.0,0,,1.0,0.4082816679542661,22529725000.0,11.052631578947368,11.052631578947368,13.789473684210526,0.7222222222182099,47.709358130986196,10.386074124121087,1,21.146443074570566,-0.1033133466356043,1.628166950199836,-0.047345994002840765,0.2741715199104598,3.7894736842105265,0,
INDF,2026-07-16,6775.0,6775.0,6675.0,6750.0,4840400.0,0,,1.0,0.6324253205308275,32672700000.0,1.4814814814814816,1.4814814814814816,4.619968620470657,0.7499999999925,61.43533327193603,27.652359383898798,1,31.573797433159154,-0.47951994304597634,-10.947796367860255,2.9348582922112985,4.672657864892487,1.4814814814814816,0,
INDF,2026-07-17,6750.0,6750.0,6675.0,6700.0,4332200.0,0,,1.0,0.7552024544689899,29025740000.0,2.2388059701492535,2.2388059701492535,4.2969932943975815,0.33333333332888887,58.155346292026316,18.922384826025166,1,31.911986343699116,-0.280392561049262,-47.48104887966666,1.9720544877197772,3.9146100352075193,1.1194029850746268,0,
INDF,2026-07-20,6725.0,6875.0,6725.0,6800.0,9576600.0,0,,1.0,1.6195565777680063,65120880000.0,1.1029411764705883,1.1029411764705883,4.411764705882353,0.4999999999966667,62.4709018172286,18.108071397073076,1,33.00325678955044,-0.2209094919159527,5.692364061927496,3.2131178756039005,5.473931483614863,2.2058823529411766,1,
INDF,2026-07-21,6875.0,6900.0,6800.0,6850.0,6085000.0,0,,1.0,1.0538156004540844,41682250000.0,0.7299270072992701,0.7299270072992701,4.744525547445255,0.499999999995,64.44535898242592,19.065673518941068,1,34.150457893480294,-0.2006426081489194,14.692014295582185,3.6701565422837055,6.194080400654962,1.4598540145985401,2,
INDF,2026-07-22,6850.0,6950.0,6825.0,6900.0,7297400.0,0,,1.0,1.2471587122001906,50352060000.0,0.7246376811594203,0.7246376811594203,5.434782608695652,0.5999999999951999,66.35181136042033,21.040224368223903,1,35.474085392439775,-0.1691304121167077,46.87827172424902,4.085281371380742,6.881052890673524,1.8115942028985508,3,
INDF,2026-07-23,6950.0,7000.0,6875.0,6925.0,7430400.0,0,,1.0,1.2903483492505352,51455520000.0,1.083032490974729,1.083032490974729,5.054151624548736,0.39999999999679997,67.29605590144317,21.905273237193697,1,36.94328904350533,-0.10413023828331956,65.57844084722558,4.083505994892616,7.187560320116236,1.8050541516245486,4,
INDF,2026-07-24,6900.0,6900.0,6775.0,6850.0,3847000.0,0,,1.0,0.6999464168911425,26351950000.0,2.18978102189781,2.18978102189781,4.744525547445255,0.5999999999951999,61.70198617990497,15.597867537936608,1,36.82837349290332,-0.01937693488206274,60.23246631235448,2.6418072406277973,5.924427176670153,1.824817518248175,0,
INDF,2026-07-27,6800.0,6925.0,6800.0,6875.0,5749000.0,0,,1.0,1.022369785229433,39524375000.0,1.8181818181818181,1.8181818181818181,4.7272727272727275,0.5999999999951999,62.81169261321244,11.471766584622017,1,36.88100695676314,0.019804835672288627,65.85908959118585,2.5918288129428073,6.200377015863996,1.8181818181818181,1,
INDF,2026-07-28,6900.0,6925.0,6800.0,6850.0,5868800.0,0,,1.0,1.030598527891995,40201280000.0,2.18978102189781,2.18978102189781,4.744525547445255,0.39999999999679997,60.910998394390276,5.712132549771965,1,36.929880887490114,-0.010249922952293919,37.88417532124626,1.8725119409171906,5.712346051366192,1.824817518248175,0,
INDO,2026-07-16,169.0,174.0,167.0,173.0,40766500.0,0,,1.0,1.492061784054467,7052604500.0,0.5780346820809248,0.5780346820809248,9.826589595375722,0.8571428570204082,62.121113139457094,0.902128886713053,1,18.752668065373836,0.19189770162232217,11.512375390915292,5.519975602317787,7.466766057895398,4.046242774566474,1,
INDO,2026-07-17,173.0,173.0,169.0,171.0,17868100.0,0,,1.0,0.6613519701186655,3055445100.0,1.7543859649122806,1.7543859649122806,8.187134502923977,0.499999999875,58.87846390589124,0.8255257699569898,1,19.150728547271264,0.18519279783205364,3.563866647088466,4.2365132581529945,6.0267857142857135,2.3391812865497075,0,
INDO,2026-07-20,171.0,174.0,170.0,171.0,22987700.0,0,,1.0,0.859977598690339,3930896700.0,1.7543859649122806,1.7543859649122806,8.187134502923977,0.2499999999375,58.87846390423634,0.7167294537549709,1,19.721627560583073,0.20747450038601153,9.176411457526026,3.9197812215132104,5.869242199108463,2.3391812865497075,0,
INDO,2026-07-21,171.0,173.0,170.0,172.0,17561800.0,0,,1.0,0.6678350046194158,3020629600.0,1.1627906976744187,1.1627906976744187,5.813953488372093,0.6666666664444444,60.086608040458174,0.6556424389119728,1,20.25174807294404,0.17213452748292613,8.096423403630727,4.337276311798608,6.382978723404251,1.744186046511628,1,
INDO,2026-07-22,172.0,174.0,169.0,174.0,28817300.0,0,,1.0,1.0886637648024167,5014210200.0,0.0,0.0,5.747126436781609,0.9999999998,62.461999733429195,0.6899842942141312,1,20.74400283442208,0.25963098309307525,13.863005431140419,5.167724388032646,7.51359367276322,2.8735632183908044,2,
INDO,2026-07-23,174.0,179.0,172.0,174.0,41368100.0,0,,1.0,1.557516293114159,7198049400.0,2.8735632183908044,2.8735632183908044,8.045977011494253,0.2857142856734694,62.461999731427554,0.6531309183453713,1,22.182906703599947,0.18813185888968162,5.27497160940011,4.850858692377229,7.261743311552214,4.022988505747127,0,
INDO,2026-07-24,174.0,180.0,171.0,173.0,56118000.0,0,,1.0,2.08236662053657,9708414000.0,4.046242774566474,4.046242774566474,8.670520231213873,0.22222222219753085,60.37829205359017,0.5082793844245335,1,23.519031724979396,0.16834176527841482,-1.8634488757484535,3.7170263788968754,6.435338993478533,5.202312138728324,0,
INDO,2026-07-27,173.0,175.0,170.0,172.0,32113700.0,0,,1.0,1.1772628584468776,5523556400.0,4.651162790697675,4.651162790697675,7.55813953488372,0.39999999992,58.28438309354402,0.3021715825410922,1,24.337796912622448,0.15453798460893123,-8.00810978828715,2.6865671641791042,5.625153524932447,2.9069767441860463,0,
INDO,2026-07-28,172.0,176.0,171.0,173.0,36095000.0,0,,1.0,1.286412109487766,6244435000.0,4.046242774566474,4.046242774566474,7.514450867052023,0.39999999992,59.786265934158706,0.19542066765725385,1,25.298709560119374,0.11547096840345575,-4.316892497910455,2.792632204396903,6.0308899240009834,2.8901734104046244,1,
INDS,2026-07-21,266.0,308.0,262.0,280.0,12287100.0,0,,1.0,6.729467950806875,3440388000.0,10.0,10.0,19.28571428571429,0.3913043478175804,59.502663568129634,4.279193951756753,1,26.54804299103822,-0.21824779931426302,17.694658539932302,9.06144766191283,0.5362875864052159,16.428571428571427,2,
INTP,2026-07-16,4590.0,4710.0,4590.0,4700.0,783200.0,0,,1.0,0.42732314676138466,3681040000.0,0.2127659574468085,0.2127659574468085,11.914893617021278,0.9166666666590277,69.68688076692264,56.43142742391524,1,29.29401582086871,0.08580236757436592,9.764366475775873,9.480549732122059,8.0340751702343,2.553191489361702,3,
INTP,2026-07-17,4720.0,4720.0,4620.0,4700.0,1136700.0,0,,1.0,0.679588432588199,5342490000.0,0.425531914893617,0.425531914893617,11.914893617021278,0.799999999992,69.68688076684197,55.979651650291814,1,30.623227307845013,0.24414844185546694,8.059335011353037,8.620291194823203,7.993274528548025,2.127659574468085,0,
INTP,2026-07-20,4700.0,4750.0,4650.0,4660.0,789700.0,0,,1.0,0.5284660298127914,3680002000.0,1.9313304721030045,1.9313304721030045,10.085836909871244,0.099999999999,66.37684940505156,49.79889355031831,1,32.01196804340944,0.27786160153418044,4.584338091633957,6.8807339449541285,7.109130135299119,2.1459227467811157,0,
INTP,2026-07-21,4670.0,4700.0,4610.0,4660.0,1493700.0,0,,1.0,1.0422023213544367,6960642000.0,1.9313304721030045,1.9313304721030045,8.798283261802576,0.5555555555493827,66.37684940496669,42.79053067086369,1,32.69853765429815,0.20977433824600467,2.129522640283094,6.307744952663397,7.077224623788998,1.9313304721030045,0,
INTP,2026-07-22,4670.0,4670.0,4610.0,4620.0,774900.0,0,,1.0,0.560674632891609,3580038000.0,2.813852813852814,2.813852813852814,7.575757575757576,0.1666666666638889,62.911246946366155,32.98059628417117,1,33.33606657869481,0.2349727286997227,-3.6047589830649214,4.785665683828533,6.212286806204061,1.2987012987012987,0,
INTP,2026-07-23,4630.0,4670.0,4620.0,4630.0,3986800.0,0,,1.0,2.721198015139,18458884000.0,2.591792656587473,2.591792656587473,7.559395248380129,0.19999999999600002,63.42536960698614,25.044657863562406,1,33.928057722777424,0.1267902429753547,11.592968215299349,4.455724760293289,6.480549456093118,1.079913606911447,1,
INTP,2026-07-24,4630.0,4640.0,4590.0,4630.0,913200.0,0,,1.0,0.6265996061452318,4228116000.0,2.591792656587473,2.591792656587473,6.047516198704104,0.7999999999840001,63.42536960689146,18.0040603352234,1,33.97139347038323,0.1503262722874711,11.592968215299349,3.893189722876697,6.46349930121428,1.079913606911447,0,
INTP,2026-07-27,4630.0,4660.0,4550.0,4560.0,801300.0,0,,1.0,0.5733420626147055,3653928000.0,4.166666666666666,4.166666666666666,5.701754385964912,0.09090909090826446,57.00971744905705,7.385453526407062,1,33.367249445145305,0.12139440831620486,11.11726020826992,1.865296548642913,4.870867570385244,2.4122807017543857,0,
INTP,2026-07-28,4560.0,4600.0,4550.0,4580.0,228800.0,0,,1.0,0.19571279489504373,1047904000.0,3.711790393013101,3.711790393013101,4.8034934497816595,0.599999999988,58.30735640515699,0.8076215345600417,1,32.80625856456724,-0.020867161416656378,12.172445280721659,1.8343524180100057,5.338183224947324,1.0917030567685588,1,
IPCC,2026-07-27,1150.0,1150.0,1130.0,1140.0,2487100.0,0,,1.0,3.3540113009588235,2835294000.0,9.649122807017543,9.649122807017543,10.526315789473683,0.499999999975,40.95095811310478,-5.735774998607816,0,26.661168405122385,0.16113608092969095,-569.0278601066974,-3.9595619208087616,-0.9629052192739114,1.7543859649122806,0,
IPCC,2026-07-28,1135.0,1160.0,1130.0,1145.0,950400.0,0,,1.0,1.2667270885536048,1088208000.0,9.170305676855897,9.170305676855897,10.480349344978166,0.49999999998333333,42.11618464165755,-8.968227815855183,0,26.10344881699123,0.1764815421240602,-5070.990237098952,-3.7208324574311544,-0.46467690952062085,2.6200873362445414,1,
ISAT,2026-07-16,1900.0,1925.0,1875.0,1885.0,16165600.0,0,,1.0,0.7786280904042044,30472156000.0,8.753315649867375,8.753315649867375,12.73209549071618,0.19999999999600002,51.48027545294504,16.02157413307938,1,23.972666254965084,0.028981425745926822,6.421409760362728,3.557203680813075,-3.772003339937647,2.6525198938992043,0,
ISAT,2026-07-17,1895.0,1930.0,1865.0,1900.0,13763100.0,0,,1.0,0.7694414922908258,26149890000.0,3.9473684210526314,7.894736842105263,8.68421052631579,0.5384615384532544,52.895143042286925,16.103229613385313,1,23.591592022686324,-0.040007570770527905,20.249869513326264,3.9103089964451736,-2.877115205118251,3.421052631578948,1,
ISAT,2026-07-20,1915.0,1955.0,1905.0,1910.0,8443900.0,0,,1.0,0.48053357842126004,16127849000.0,2.356020942408377,7.329842931937172,7.591623036649215,0.09999999999800001,53.861100778010524,16.151502546717147,1,23.569847439233776,-0.0249760125518473,19.89865428977705,3.973870440936309,-2.2266964555370343,2.6178010471204187,2,
ISAT,2026-07-21,1930.0,1980.0,1925.0,1945.0,15518600.0,0,,1.0,0.883386201822433,30183677000.0,1.7994858611825193,5.3984575835475574,8.740359897172237,0.3636363636297521,57.171483416226195,17.734950453424737,1,23.867324407347795,-0.0560745273463666,18.039606579218056,5.362946912242687,-0.24089433821845654,2.827763496143959,3,
ISAT,2026-07-22,1945.0,1960.0,1910.0,1925.0,12862800.0,0,,1.0,0.7519702036746736,24760890000.0,2.857142857142857,6.493506493506493,8.831168831168831,0.299999999994,54.753946957938304,16.647216286903493,1,23.814111187247942,-0.044945863329665936,3.9635906744511735,3.8435603506405935,-1.1115948202712864,2.5974025974025974,0,
ISAT,2026-07-23,1930.0,1975.0,1920.0,1935.0,15972300.0,0,,1.0,1.0004315579743959,30906400500.0,2.3255813953488373,5.943152454780361,8.785529715762273,0.27272727272231406,55.7612295010618,15.81884530990948,1,23.97023485271045,-0.005507373722468232,20.08991364334747,3.9065646395489324,-0.2854875447040496,2.842377260981912,1,
ISAT,2026-07-24,1935.0,1950.0,1900.0,1950.0,14581600.0,0,,1.0,0.9080523511335863,28434120000.0,1.5384615384615385,5.128205128205128,8.461538461538462,0.9999999999800001,57.29692700491661,15.479496701646761,1,23.65617218687574,0.04256904455096588,19.193013885970636,4.1527573774869815,0.80853615666164,2.564102564102564,2,
ISAT,2026-07-27,1920.0,1950.0,1885.0,1915.0,9435000.0,0,,1.0,0.5795712646908415,18068025000.0,3.3942558746736298,7.049608355091384,7.5718015665796345,0.4615384615313609,52.69993081537606,12.238282959913052,1,23.026615049330392,0.04675820794286685,10.544567826931187,1.8075491759702287,-0.6474775354348692,3.3942558746736298,0,
ISAT,2026-07-28,1920.0,1980.0,1920.0,1950.0,19838400.0,0,,1.0,1.1833245153436003,38684880000.0,1.5384615384615385,5.128205128205128,6.666666666666667,0.4999999999916667,56.46175437552503,11.787489096003469,1,22.919676893344043,0.04741661088221435,11.65808322679245,3.06553911205074,1.4937802529537316,3.076923076923077,1,
ISSP,2026-07-28,412.0,432.0,412.0,428.0,2909800.0,0,,1.0,2.676650369559516,1245394400.0,0.9345794392523363,0.9345794392523363,9.345794392523365,0.79999999996,70.51144219325283,2.434413260476349,1,32.37748341470553,0.042207076421062945,19.52658262193437,7.917297024710029,9.472170969387946,4.672897196261682,2,
ITMG,2026-07-16,24025.0,24075.0,23700.0,23825.0,1228300.0,0,,1.0,1.11131216806753,29264247500.0,1.4690451206715633,1.4690451206715633,7.555089192025184,0.33333333333244447,64.27281886036442,225.23274556402225,1,28.785258085945657,0.01818282933502765,14.783563761837645,4.759810926679124,3.7087015191746833,1.5739769150052465,0,
ITMG,2026-07-17,23875.0,24050.0,23600.0,23850.0,2118500.0,0,,1.0,1.8641465271086575,50526225000.0,1.3626834381551363,1.3626834381551363,7.547169811320755,0.555555555554321,64.58999851853247,199.79940063482775,1,28.944656519584804,0.08369642193273734,21.710464996492536,4.496412727969768,4.028089765118968,1.8867924528301887,1,
ITMG,2026-07-20,23900.0,24600.0,23900.0,24325.0,1425800.0,0,,1.0,1.226990697314182,34682585000.0,1.1305241521068858,1.1305241521068858,9.146968139773895,0.6071428571419898,70.03352689282917,202.85807836845677,1,29.899871765905704,0.08986969962534216,24.174236060749934,6.164757228587016,6.208793607824303,2.877697841726619,2,
ITMG,2026-07-21,24575.0,24775.0,24100.0,24175.0,1360800.0,0,,1.0,1.163643826479566,32897340000.0,2.481902792140641,2.481902792140641,9.824198552223372,0.1111111111109465,66.55406971309506,183.26626850329723,1,31.005846745439605,0.05701178100072419,9.725275037343739,5.0915611585067655,5.565380668544355,2.792140641158221,0,
ITMG,2026-07-22,24175.0,24500.0,24175.0,24275.0,1087800.0,0,,1.0,0.9629914881750693,26406345000.0,2.059732234809475,2.059732234809475,8.444902162718847,0.30769230769136097,67.70598608426852,166.04132192869278,1,32.032823512149655,0.1172355436514284,12.124916911974172,5.001351716680183,5.990481596297428,1.3388259526261586,1,
ITMG,2026-07-23,24325.0,24450.0,24250.0,24400.0,895900.0,0,,1.0,0.8452963349105775,21859960000.0,1.5368852459016393,1.5368852459016393,7.479508196721311,0.74999999999625,69.13689497924459,152.41983940921767,1,32.986444795523276,0.12114392157509427,23.051349990872833,4.974455498789998,6.508359160155397,0.819672131147541,2,
ITMG,2026-07-24,24400.0,24700.0,24325.0,24500.0,1324600.0,0,,1.0,1.221200918251633,32452700000.0,1.1224489795918366,1.1224489795918366,7.448979591836736,0.4666666666654222,70.27173385808308,139.8281617300857,1,34.20986855793931,0.1143028470473653,21.136759527300523,4.8520836676830905,6.893542757417102,1.530612244897959,3,
ITMG,2026-07-27,24500.0,24650.0,24350.0,24350.0,985700.0,0,,1.0,0.8927633366542878,24001795000.0,1.7453798767967144,1.7453798767967144,4.825462012320329,0.0,66.33177102759763,112.26890970561675,1,35.3459049087542,0.07242496016554868,6.617768481312268,3.7108023212479373,6.202023726448011,1.2320328542094456,0,
ITMG,2026-07-28,24425.0,24575.0,24175.0,24225.0,988600.0,0,,1.0,0.9064319442534261,23948835000.0,2.2703818369453046,2.2703818369453046,4.8503611971104235,0.1249999999996875,63.154047690083246,78.11253162277819,1,35.6963237799751,0.026022215456975573,8.392893094423194,2.6972603465635103,5.631499771077245,1.6511867905056758,0,
JAST,2026-07-16,85.0,89.0,84.0,85.0,13558300.0,0,,1.0,0.6617580126808928,1152455500.0,21.176470588235293,21.176470588235293,36.470588235294116,0.19999999996,53.48605076101236,1.3248447644686556,1,30.341704640488928,-0.17638531379081887,-55.920630485179665,5.7871810827629195,0.9980988593155934,5.88235294117647,0,
JAYA,2026-07-20,125.0,137.0,123.0,126.0,11824900.0,0,,1.0,6.796251541023552,1489937400.0,8.73015873015873,8.73015873015873,14.285714285714285,0.21428571427040816,55.93225047634882,0.9316047942159245,1,27.29814554960077,-0.3033006880010309,118.90545624658199,4.261481175010348,1.0262989095574095,11.11111111111111,3,
JPFA,2026-07-16,2030.0,2040.0,2010.0,2030.0,8436000.0,0,,1.0,0.5833869568479677,17125080000.0,3.9408866995073892,3.9408866995073892,7.8817733990147785,0.6666666666444444,48.82254727526606,21.203097985468958,1,20.207531755097722,0.02923487449869295,10.86242131148333,2.241249055653488,-6.9391418980098125,1.477832512315271,0,
JPFA,2026-07-17,2030.0,2090.0,2000.0,2070.0,10164700.0,0,,1.0,0.7026798713086614,21040929000.0,1.932367149758454,1.932367149758454,7.729468599033816,0.7777777777691358,52.12670991800547,22.128936913812325,1,19.804416044113765,0.06746661894162916,10.191410260438909,3.889585947302384,-4.750734179388939,4.3478260869565215,1,
JPFA,2026-07-20,2070.0,2140.0,2050.0,2080.0,15535200.0,0,,1.0,1.0560684576432606,32313216000.0,2.8846153846153846,2.8846153846153846,9.134615384615383,0.3333333333296296,52.94464067057292,22.570897581924115,1,20.14916643514294,0.07767305413572938,14.823146382606689,3.9350405996252342,-3.9571501131273874,4.326923076923077,2,
JPFA,2026-07-21,2080.0,2110.0,2050.0,2080.0,12169100.0,0,,1.0,0.8575604441603706,25311728000.0,2.8846153846153846,2.8846153846153846,9.134615384615383,0.4999999999916667,52.94464067047551,21.996784142885748,1,20.469291798241464,0.06726533362357075,19.60519274862008,3.4697176968038796,-3.663563521837799,2.8846153846153846,0,
JPFA,2026-07-22,2090.0,2120.0,2080.0,2080.0,8730300.0,0,,1.0,0.627084373350189,18159024000.0,2.8846153846153846,2.8846153846153846,9.134615384615383,0.0,52.944640670370596,20.765775992710488,1,20.909774204366588,0.08187861755916863,13.92924350363571,2.9575547580744956,-3.260313473791913,1.9230769230769231,0,
JPFA,2026-07-23,2090.0,2200.0,2080.0,2120.0,15089600.0,0,,1.0,1.1769394862355265,31989952000.0,3.7735849056603774,3.7735849056603774,11.320754716981133,0.33333333333055554,56.64525588922669,21.692947593871136,1,22.295925796974178,-0.05733696738812086,22.10774664070867,4.652597803282735,-1.1055651443765369,5.660377358490567,1,
JPFA,2026-07-24,2120.0,2140.0,2080.0,2130.0,4492300.0,0,,1.0,0.3669566645115256,9568599000.0,3.286384976525822,3.286384976525822,10.328638497652582,0.8333333333194445,57.54418756567164,21.96024805473987,1,23.58306656153837,-0.023200314359602195,20.14305503374183,4.71976401179941,-0.25755092484195735,2.8169014084507045,2,
JPFA,2026-07-27,2140.0,2150.0,2070.0,2110.0,13776600.0,0,,1.0,1.1106171129646565,29068626000.0,4.265402843601896,4.265402843601896,9.47867298578199,0.49999999999375,55.08420612320908,19.83535997490164,1,24.77826870006226,-0.04411554497154526,3.655654510957896,3.406027934329821,-0.794583666368898,3.7914691943127963,0,
JPFA,2026-07-28,2100.0,2130.0,2080.0,2100.0,6026100.0,0,,1.0,0.5191420772488855,12654810000.0,4.761904761904762,4.761904761904762,9.523809523809524,0.39999999999200003,53.8447576346695,16.91545244701121,1,25.888099257263015,-0.04505866660208599,-0.13903993178983057,2.5265470523617726,-0.8545394457296591,2.380952380952381,0,
JRPT,2026-07-16,1075.0,1080.0,1075.0,1080.0,2604200.0,0,,1.0,3.4781331178587838,2812536000.0,0.0,0.0,1.8518518518518516,0.9999999998,64.90322079920276,-0.6829185192225795,0,34.69519868840527,0.9999999998584121,0.0,0.0,1.1493588882412982,0.4629629629629629,0,
JRPT,2026-07-17,1080.0,1080.0,1075.0,1080.0,2259100.0,0,,1.0,2.6377642463905997,2439828000.0,0.0,0.0,1.8518518518518516,0.9999999998,64.90322079449479,-0.7071002397357327,0,36.0581558922429,0.999999999851066,0.0,0.0,1.1274346016448689,0.4629629629629629,0,
JSMR,2026-07-16,2700.0,2730.0,2680.0,2730.0,2648700.0,0,,1.0,0.2844849530262037,7230951000.0,2.197802197802198,16.117216117216117,4.395604395604396,0.9999999999800001,48.536367033038175,-3.7057952731805344,0,14.669224081869801,0.10573204357273001,-3.16904362790515,-1.2479652740097666,-1.9670681666001146,1.8315018315018317,1,
JSMR,2026-07-17,2730.0,2770.0,2700.0,2750.0,3797500.0,0,,1.0,0.4157984808984531,10443125000.0,1.4545454545454546,15.272727272727273,4.363636363636364,0.7142857142755101,49.9480619910394,-0.0034992127125121897,0,14.622327739812667,0.1301042387541508,-1.597953263469856,-0.847304849468181,-1.1539139741741018,2.5454545454545454,2,
JSMR,2026-07-20,2760.0,2790.0,2750.0,2770.0,4440300.0,0,,1.0,0.5383248680192984,12299631000.0,0.7220216606498195,14.440433212996389,4.332129963898916,0.49999999998750005,51.38422044795078,3.7759520792919155,1,14.802417286257485,0.13999261163796295,9.508644381502567,-0.16219138583528564,-0.3671346812867035,1.444043321299639,3,
JSMR,2026-07-21,2770.0,2790.0,2750.0,2780.0,2064900.0,0,,1.0,0.3003126165767503,5740422000.0,0.3597122302158274,14.028776978417264,4.316546762589928,0.7499999999812501,52.123918956582415,6.758854896942232,1,14.969643293670531,0.05987412164121321,21.160993850381818,0.3247924936845904,0.04675370167005988,1.4388489208633095,4,
JSMR,2026-07-22,2780.0,2780.0,2720.0,2720.0,4238000.0,0,,1.0,0.7648991083998121,11527360000.0,2.5735294117647056,16.544117647058822,4.411764705882353,0.0,47.45814023507709,4.603486603139203,1,14.626483930046705,0.14532455570691327,16.888725214660905,-1.4849692140528794,-2.0171006240997604,2.2058823529411766,0,
JSMR,2026-07-23,2730.0,2760.0,2700.0,2700.0,3137400.0,0,,1.0,0.7824232826664337,8470980000.0,3.3333333333333335,17.40740740740741,4.444444444444445,0.0,45.980646726801254,1.882751764616911,1,13.985100955863684,-0.2591879413548742,5.396770381459283,-1.3878743608473338,-2.628607616823279,2.2222222222222223,0,
JSMR,2026-07-24,2700.0,2800.0,2690.0,2720.0,3965300.0,0,,1.0,1.0432433072388765,10785616000.0,2.941176470588235,8.455882352941178,4.779411764705882,0.27272727272479336,47.73302131090976,1.4986969254645945,1,13.936556031962082,-0.21473922510442767,5.332775089939214,-0.2566923359002567,-1.818233411703412,4.044117647058823,1,
JSMR,2026-07-27,2720.0,2730.0,2690.0,2690.0,1232200.0,0,,1.0,0.34739265209000847,3314618000.0,4.089219330855019,5.5762081784386615,4.83271375464684,0.0,45.35623309150312,-0.5949383941388344,0,13.89147860262488,-0.1585200533334911,-4.125193063324771,-1.0847582276153704,-2.7917661919932604,1.486988847583643,0,
JSMR,2026-07-28,2690.0,2710.0,2680.0,2680.0,1006700.0,0,,1.0,0.3401697300639823,2697956000.0,4.477611940298507,4.477611940298507,4.477611940298507,0.0,44.5597478820128,-2.3726445544926023,0,13.663536515058151,-0.09288348048811669,-8.752114823284437,-1.398086828550405,-3.0369257979432525,1.1194029850746268,0,
JTPE,2026-07-17,605.0,615.0,595.0,610.0,3679500.0,0,,1.0,1.793521971192512,2244495000.0,0.819672131147541,2.459016393442623,3.278688524590164,0.7499999999625,54.916206600585134,-0.24076879758523173,0,10.623903970431472,0.2411122948685707,11.11459416702067,1.0770505385252693,2.454714176541231,3.278688524590164,1,
JTPE,2026-07-20,610.0,615.0,595.0,610.0,2912700.0,0,,1.0,1.351500584643367,1776747000.0,0.819672131147541,2.459016393442623,3.278688524590164,0.7499999999625,54.91620659999363,-0.09486886039966258,0,10.228662825115293,0.24380854717829628,13.05821436981879,1.0770505385252693,2.415150726559941,3.278688524590164,0,
JTPE,2026-07-23,605.0,615.0,605.0,610.0,2583000.0,0,,1.0,1.2368142576002064,1575630000.0,0.819672131147541,1.639344262295082,3.278688524590164,0.49999999995,54.564335877441565,-0.2479074515679125,0,9.204406343940601,0.24527635590650138,15.912554967034378,0.9515928837401738,2.3464174559365136,1.639344262295082,1,
JTPE,2026-07-24,610.0,615.0,595.0,605.0,3004900.0,0,,1.0,1.4481864535841993,1817964500.0,1.6528925619834711,1.6528925619834711,3.3057851239669422,0.499999999975,51.27649083250888,-0.5243155670466773,0,10.1433557676242,0.27317456567319304,-3.2554386945551093,0.0,1.4853768797859612,3.3057851239669422,0,
JTPE,2026-07-27,600.0,615.0,595.0,615.0,2093000.0,0,,1.0,1.0020347097546376,1287195000.0,0.0,0.0,3.2520325203252036,0.99999999995,56.873560936560004,-0.06588966767788484,0,11.0152373753304,0.321470177518948,2.2630137130773877,1.4851485148514851,3.1057462592732263,3.2520325203252036,1,
KEEN,2026-07-16,860.0,865.0,845.0,860.0,7816300.0,0,,1.0,0.9749742108263386,6722018000.0,0.5813953488372093,1.1627906976744187,5.813953488372093,0.7499999999625,57.25287348301627,4.85956021213557,1,17.440767502011465,0.09854453547322115,258.3364197530864,2.9015854023332337,1.9201329047143685,2.3255813953488373,0,
KEEN,2026-07-17,860.0,865.0,845.0,865.0,8695800.0,0,,1.0,1.0777761803011296,7521867000.0,0.0,0.5780346820809248,5.780346820809249,0.99999999995,58.59158732386477,5.303836340407207,1,17.509393946748382,0.12329153707590639,228.39860736686668,3.499850433742148,2.5885484122728712,2.312138728323699,1,
KEEN,2026-07-20,865.0,875.0,855.0,870.0,8657000.0,0,,1.0,1.0657550031515914,7531590000.0,0.5747126436781609,0.5747126436781609,6.896551724137931,0.7499999999625,59.94256642726674,5.629993683081379,1,18.018487408407665,0.1801506743182509,498.08834553947287,3.942652329749104,3.221439029624393,2.2988505747126435,2,
KEEN,2026-07-21,870.0,880.0,855.0,880.0,11843600.0,0,,1.0,1.4279840799235102,10422368000.0,0.0,0.0,6.8181818181818175,0.99999999996,62.572617507128896,6.171275177085885,1,18.703953125306107,0.23090930870173237,2558.2631543488496,4.949314251639833,4.349914972296447,2.840909090909091,3,
KEEN,2026-07-22,880.0,890.0,860.0,865.0,11794100.0,0,,1.0,1.4030999036968166,10201896500.0,2.8901734104046244,2.8901734104046244,8.092485549132949,0.1666666666611111,56.57246727375768,5.20951027126508,1,19.746028377551184,0.20543318600090124,169.6097541958246,2.976190476190476,2.6833664723033763,3.4682080924855487,0,
KEEN,2026-07-23,865.0,880.0,860.0,860.0,13244500.0,0,,1.0,1.527826643672459,11390270000.0,3.488372093023256,3.488372093023256,8.13953488372093,0.0,54.68990898773774,3.9823854169784383,1,20.71366968320733,0.09978647411181814,40.52357653846903,2.2592152199762188,2.165608631348869,2.3255813953488373,0,
KEEN,2026-07-24,860.0,865.0,840.0,840.0,6909600.0,0,,1.0,0.8006864748577422,5804064000.0,5.952380952380952,5.952380952380952,8.333333333333332,0.0,47.83317646586427,1.686924381275361,1,20.146553821760737,0.060206067158198484,-60.39037771681789,-0.1485884101040119,-0.05337188402067783,2.976190476190476,0,
KEEN,2026-07-27,840.0,860.0,840.0,855.0,7898300.0,0,,1.0,0.9163117128101844,6753046500.0,4.093567251461988,4.093567251461988,7.602339181286549,0.7499999999625,52.63005613576458,1.0719561764562737,1,19.619946236131756,0.09257673889935887,-44.204903487487776,1.4535746069415605,1.855244794734209,2.3391812865497075,1,
KEEN,2026-07-28,855.0,870.0,840.0,845.0,8108600.0,0,,1.0,0.9424796375882999,6851767000.0,5.325443786982249,5.325443786982249,5.9171597633136095,0.1666666666611111,49.37073292022935,-0.05535882943970183,0,19.64154190234511,0.09633908999512679,-81.50347470385184,0.0,0.8107088845840712,3.5502958579881656,0,
KICI,2026-07-24,197.0,232.0,192.0,193.0,9911400.0,0,,1.0,9.888113492724623,1912900200.0,20.207253886010363,20.207253886010363,27.461139896373055,0.024999999999375,55.56146511759923,1.866000727029216,1,29.294516991195096,-0.6891416728959019,-217.6647218221321,4.21166306695465,2.1596442938810143,20.72538860103627,0,
KIJA,2026-07-16,132.0,144.0,131.0,140.0,320664500.0,0,,1.0,3.727044163389064,44893030000.0,4.285714285714286,4.285714285714286,21.428571428571427,0.6923076922544379,63.94623482666055,2.857929116198984,1,46.7117875823051,0.15564136367400092,147.9967893937115,14.42582754393135,5.532941353836879,9.285714285714286,3,
KIJA,2026-07-17,140.0,140.0,133.0,135.0,134989500.0,0,,1.0,1.4911596352560754,18223582500.0,8.148148148148149,8.148148148148149,21.48148148148148,0.2857142856734694,57.95235962934581,2.741218538972517,1,46.27182043804015,0.12429181016367374,109.74119698182234,9.711499390491673,2.45901639344263,5.185185185185185,0,
KIJA,2026-07-20,135.0,139.0,135.0,137.0,61097000.0,0,,1.0,0.6643233710923486,8370289000.0,6.569343065693431,6.569343065693431,18.97810218978102,0.499999999875,59.58423936260387,2.664446220420745,1,45.86327951836555,0.11649791093204294,123.33039898512703,10.573042776432603,4.708040354631608,2.9197080291970803,1,
KIJA,2026-07-21,137.0,139.0,136.0,136.0,69083500.0,0,,1.0,0.7408645058248164,9395356000.0,5.88235294117647,7.352941176470589,17.647058823529413,0.0,58.36454693705865,2.4192051571209294,1,45.483920092953426,0.07007966833485633,106.71933777908056,9.10549538708383,4.647583871960597,2.2058823529411766,0,
KIJA,2026-07-22,137.0,139.0,134.0,136.0,70558100.0,0,,1.0,0.7495097674715049,9595901600.0,5.88235294117647,7.352941176470589,17.647058823529413,0.39999999992,58.36454693577201,2.1395308960845356,1,44.66541467010048,0.08292190797295747,114.13525228285278,8.194112967382654,5.279455023997517,3.6764705882352944,0,
KIJA,2026-07-23,137.0,141.0,135.0,135.0,139866800.0,0,,1.0,1.3992624066703536,18882018000.0,6.666666666666667,8.148148148148149,17.77777777777778,0.0,57.01108026972711,1.78424147317961,1,44.12983696160735,-0.0036212833608956787,-171.43847726510936,6.719367588932807,5.1401869158878455,4.444444444444445,0,
KIJA,2026-07-24,134.0,135.0,127.0,129.0,97159000.0,0,,1.0,0.9453211327663489,12533511000.0,11.627906976744185,13.178294573643413,18.6046511627907,0.24999999996875,49.581652329920146,1.0770278240406277,1,41.96447083664728,-0.020549655058166378,-816.9091709288292,1.454974439638218,1.1764705882352942,6.2015503875969,0,
KIJA,2026-07-27,128.0,129.0,126.0,127.0,30543600.0,0,,1.0,0.2956784199506554,3879037200.0,13.385826771653544,14.960629921259844,15.748031496062993,0.3333333332222222,47.36587995656195,0.4391240869056565,1,39.77163216903987,-0.03511202537103208,-369.5843433278882,-0.5481597494126882,0.34766118836915116,2.3622047244094486,0,
KIJA,2026-07-28,129.0,129.0,123.0,125.0,36275300.0,0,,1.0,0.35230288610158883,4534412500.0,15.2,16.8,16.8,0.33333333327777775,45.19097376146499,-0.12289842477443425,0,37.198981784802626,-0.027192697093475406,-1380.729434111451,-2.6100506427736616,-0.4618569835961127,4.8,0,
KIOS,2026-07-16,93.0,96.0,91.0,92.0,38921600.0,1,,0.6,0.5410776734282841,3580787200.0,42.391304347826086,42.391304347826086,51.08695652173913,0.19999999996,52.00680588202717,1.0317683874553438,1,36.071886919025815,-0.3481765489869642,-110.85952723999928,2.908277404921694,4.1195110909913994,5.434782608695652,0,13.0
KIOS,2026-07-20,92.0,102.0,90.0,95.0,107971900.0,0,,1.0,1.6650305026616579,10257330500.0,37.89473684210527,37.89473684210527,48.421052631578945,0.41666666663194446,54.07332671390028,0.710817429168944,1,38.85462756997668,-0.5145350478896381,-87.93383444886665,6.801573917931419,8.373260323979013,12.631578947368421,1,
KIOS,2026-07-21,95.0,98.0,93.0,96.0,29299600.0,0,,1.0,0.47369961214304307,2812761600.0,36.45833333333333,36.45833333333333,47.91666666666667,0.59999999988,54.77383880158741,0.7292165544111322,1,40.26796634583731,-0.4626131978724265,12889.994105511327,7.683679192372399,9.764463754859372,5.208333333333334,2,
KIOS,2026-07-22,96.0,101.0,94.0,97.0,42420400.0,0,,1.0,0.6877768835213326,4114778800.0,35.051546391752574,35.051546391752574,47.42268041237113,0.4285714285102041,55.504724110748626,0.7535865826148616,1,41.71090540048157,-0.4316110786697792,19141.158267020306,8.07799442896936,10.983981693363837,7.216494845360824,3,
KIOS,2026-07-23,98.0,102.0,94.0,95.0,39379200.0,0,,1.0,0.6327552455238244,3741024000.0,37.89473684210527,37.89473684210527,48.421052631578945,0.124999999984375,53.637723237359054,0.5872509722616002,1,43.094871968857895,-0.44895597246688534,326.85264215837293,5.438401775804668,8.820160366552123,8.421052631578947,0,
KIOS,2026-07-24,96.0,96.0,89.0,92.0,13212100.0,0,,1.0,0.21185109668030305,1215513200.0,42.391304347826086,42.391304347826086,50.0,0.4285714285102041,50.873445553687375,0.24494822222217172,1,43.48750465656683,-0.4410300631921499,251.79105601185455,1.6574585635359116,5.577232040394766,7.608695652173914,0,
KIOS,2026-07-27,92.0,97.0,91.0,93.0,20709100.0,0,,1.0,0.32950480165526475,1925946300.0,40.86021505376344,40.86021505376344,45.16129032258064,0.33333333327777775,51.76578476580019,0.06500912258728242,1,43.91243019559961,-0.43936502326627885,69.29120436642182,2.197802197802198,6.896551724137931,6.451612903225806,1,
KIOS,2026-07-28,93.0,97.0,92.0,95.0,17541500.0,0,,1.0,0.2771900546581843,1666442500.0,7.368421052631578,37.89473684210527,13.684210526315791,0.59999999988,53.581788569476856,0.059938613334757695,1,44.30700391041577,-0.43039748929133836,32.352531140219995,3.373231773667023,9.32105868814729,5.263157894736842,2,
KKGI,2026-07-16,274.0,286.0,270.0,278.0,3935200.0,0,,1.0,3.788089542612634,1093985600.0,2.877697841726619,2.877697841726619,12.23021582733813,0.49999999996875,62.83108244853031,2.8078056975679866,1,30.015721276866145,0.008750026065486392,31.487355501778815,6.364800548951663,3.88546439793441,5.755395683453238,5,
KLBF,2026-07-16,705.0,730.0,705.0,720.0,98438200.0,1,,1.0,1.1143210876896399,70875504000.0,6.944444444444445,12.5,9.722222222222223,0.599999999976,42.85618879431648,-2.486367747420581,0,26.374672451438656,-0.204736852203555,0.08270744907766181,-2.9976423038059954,-5.428844708069855,3.4722222222222223,1,10.0
KLBF,2026-07-17,725.0,760.0,715.0,760.0,114748600.0,0,,1.0,1.3519053821983287,87208936000.0,0.0,6.578947368421052,7.894736842105263,0.9999999999777779,54.79257001989764,0.4312908029047149,1,24.820728314230497,-0.0371282940007962,14.99794238736618,1.9792016101979202,0.03876785052944839,5.921052631578947,2,
KLBF,2026-07-20,760.0,775.0,750.0,770.0,84900400.0,0,,1.0,1.0159990981704203,65373308000.0,0.6493506493506493,5.194805194805195,9.740259740259742,0.799999999968,57.19957113424866,2.9410359092270166,1,23.363021789579573,0.04267579582190309,26.033453167930563,2.700900300100033,1.6369315324021811,3.2467532467532463,3,
KLBF,2026-07-21,770.0,775.0,740.0,745.0,75672200.0,0,,1.0,1.0001119426705503,56375789000.0,4.026845637583892,8.724832214765101,10.06711409395973,0.14285714285306123,50.028144486954524,2.823222336448537,1,21.814330051401605,-0.12584143717492263,9.261229101480476,-0.5340453938584779,-1.2725555790132976,4.697986577181208,0,
KLBF,2026-07-22,740.0,745.0,725.0,730.0,82538000.0,0,,1.0,1.10253128161013,60252740000.0,6.164383561643835,10.95890410958904,10.273972602739725,0.2499999999875,46.278995927002306,1.6964238134358078,1,20.981342074670128,-0.14534733029214697,16.130842063468176,-2.3084643693542994,-2.91138307665089,2.73972602739726,0,
KLBF,2026-07-23,730.0,740.0,725.0,725.0,81978800.0,0,,1.0,1.135289647815477,59434630000.0,6.896551724137931,11.724137931034482,10.344827586206897,0.0,45.0666217243736,0.6305918565802315,1,20.207853239133755,-0.2290282927550428,-5.273825913530329,-2.6192075218267292,-3.264602550040651,2.0689655172413794,0,
KLBF,2026-07-24,725.0,725.0,710.0,720.0,48296500.0,0,,1.0,0.6797794793201516,34773480000.0,7.638888888888889,12.5,10.416666666666668,0.6666666666222222,43.83007742395804,-0.3425920117413108,0,20.072643784447067,-0.25165435130217473,-31.131443177976166,-2.834008097165992,-3.6573897462821763,2.083333333333333,0,
KLBF,2026-07-27,720.0,720.0,710.0,715.0,28351700.0,0,,1.0,0.4143158816460375,20271465500.0,8.391608391608392,10.48951048951049,10.48951048951049,0.49999999995,42.57212367225943,-1.2059091100799328,0,19.947092147952283,-0.23179833439794476,-55.677987055333524,-3.0837004405286343,-4.039549661326177,1.3986013986013985,0,
KLBF,2026-07-28,715.0,715.0,695.0,700.0,87568200.0,0,,1.0,1.2860900560592285,61297740000.0,10.714285714285714,11.428571428571429,11.428571428571429,0.2499999999875,38.95958353773492,-2.590535463991923,0,20.386659520931357,-0.23540472451122196,-50.98811881218832,-4.697072838665759,-5.732079714218539,2.857142857142857,0,
KOBX,2026-07-17,146.0,166.0,144.0,149.0,14398200.0,0,,1.0,7.401627019316032,2145331800.0,11.409395973154362,11.409395973154362,17.449664429530202,0.2272727272623967,54.59643498230759,1.651565225131181,1,26.141448661491875,-0.47735747997067896,9.54580874266803,4.671584123638922,-3.3471717695900343,14.76510067114094,3,
KOBX,2026-07-28,147.0,198.0,146.0,198.0,129816400.0,0,,1.0,15.858808467387266,25703647200.0,0.0,0.0,27.77777777777778,0.9999999999807693,84.62592140156175,4.285906984533878,1,38.09677828112326,0.7104089412185244,76.7513737891927,34.60231135282121,31.91205862758162,26.262626262626267,2,
KOPI,2026-07-28,194.0,260.0,194.0,208.0,28884500.0,0,,1.0,10.758148828911368,6007976000.0,25.0,25.0,38.94230769230769,0.21212121211799814,57.33260070004073,1.6163351463648916,1,40.66829485839045,-0.49488330969280725,347.4029197266097,8.389786347055756,10.134491157471134,31.73076923076923,1,
KOTA,2026-07-16,92.0,96.0,91.0,95.0,103755300.0,1,,0.35,0.5668281985328122,9856753500.0,6.315789473684211,21.052631578947366,17.894736842105264,0.79999999984,48.76034346121356,1.7105299220732064,1,17.100854829932832,-0.06277563190733346,-2.5374557548473664,2.4258760107816713,-9.884272434073232,5.263157894736842,1,23.0
KOTA,2026-07-17,95.0,98.0,94.0,95.0,92136600.0,1,,1.0,0.5401107244395433,8752977000.0,6.315789473684211,21.052631578947366,15.789473684210526,0.2499999999375,48.7603434603061,1.6443694647323923,1,16.091267776739752,-0.10586993191521094,0.7064566783781393,2.7027027027027026,-8.70651547184317,4.2105263157894735,0,7.0
KOTA,2026-07-20,96.0,101.0,94.0,98.0,231619000.0,1,,1.0,1.5549009380768197,22698662000.0,3.061224489795918,5.1020408163265305,15.306122448979592,0.5714285713469388,51.666461910604404,1.744957817347938,1,15.651804576088002,0.029200169102819806,8.700468217019269,6.175514626218854,-4.632152588555863,7.142857142857142,1,5.0
KOTA,2026-07-21,98.0,108.0,96.0,103.0,521402300.0,1,,1.0,3.1448171347265625,53704436900.0,4.854368932038835,4.854368932038835,18.446601941747574,0.5833333332847223,56.13213598680269,2.0684463017252828,1,16.227586064839155,0.03387808363127949,40.33311198589558,11.411573823688476,0.9408075264602056,11.650485436893204,2,5.0
KOTA,2026-07-22,104.0,115.0,98.0,111.0,1193981200.0,1,,0.6,5.542652180867202,132531913200.0,3.6036036036036037,3.6036036036036037,23.423423423423422,0.7647058823079584,62.15677753752301,2.7014250534350324,1,17.53281354026759,0.21958221849389106,119.49511981630889,18.653126670229828,9.273479031305378,15.315315315315313,3,16.0
KOTA,2026-07-23,111.0,132.0,108.0,121.0,1529763800.0,1,,1.0,5.3863150172048035,185101419800.0,9.090909090909092,9.090909090909092,35.53719008264463,0.5416666666440972,68.06143627698407,3.6166827502699235,1,20.00797727140632,0.17045878021296418,191.03733984299598,27.70448548812665,19.541592570638215,19.834710743801654,4,10.0
KOTA,2026-07-24,123.0,127.0,106.0,114.0,679718600.0,1,,1.0,2.170969987728143,77487920400.0,15.789473684210526,15.789473684210526,37.719298245614034,0.3809523809342404,60.898427343953294,3.5677446639297443,1,21.946797284163623,0.1374751175051171,153.68894711789235,18.93583724569641,13.117682079777731,18.421052631578945,0,10.0
KOTA,2026-07-27,116.0,123.0,111.0,122.0,603951100.0,1,,1.0,1.7725052954214624,73682034200.0,8.19672131147541,8.19672131147541,33.60655737704918,0.9166666665902777,65.3824458247561,3.8661661011194948,1,23.747130153152543,0.2026815696876609,154.4863549425347,25.19240636223704,21.393034825870647,9.836065573770492,1,10.0
KOTA,2026-07-28,123.0,130.0,119.0,128.0,828369000.0,0,,1.0,2.1965492759740637,106031232000.0,3.125,3.125,32.03125,0.8181818181074381,68.31702029327316,4.23021491110524,1,25.865695752799677,0.2663484498336001,135.1106817745462,28.25651302605211,27.566274666135136,8.59375,2,
KPIG,2026-07-16,82.0,88.0,80.0,88.0,150310900.0,0,,1.0,1.5257293876143003,13227359200.0,0.0,0.0,19.318181818181817,0.999999999875,57.59583082309968,1.7419083214097233,1,30.345433213490782,0.3830522249469946,115.41768442445112,11.533586818757913,-0.1588382119355577,9.090909090909092,6,
KPIG,2026-07-17,86.0,87.0,83.0,85.0,135154200.0,0,,1.0,1.328802599751237,11488107000.0,3.5294117647058822,3.5294117647058822,18.823529411764707,0.499999999875,53.19907750244412,1.75140860381515,1,29.803360655406966,0.40606273208997784,90.69736771459812,7.5268817204301115,-2.9237094563727752,4.705882352941177,0,
KPIG,2026-07-20,85.0,86.0,83.0,86.0,118513200.0,0,,1.0,1.1245512437218956,10192135200.0,2.3255813953488373,2.3255813953488373,17.441860465116278,0.9999999996666666,54.44737441113473,1.7548684997003416,1,29.300007565757706,0.44812708517390415,121.74645813504583,8.448928121059271,-1.2175511141741353,3.488372093023256,1,
KPIG,2026-07-21,86.0,89.0,84.0,89.0,112800700.0,0,,1.0,1.0403112097494631,10039262300.0,0.0,0.0,17.97752808988764,0.9999999998,58.06133966924224,1.8779966522279707,1,29.43210290594728,0.4636132539649419,216.57277963591545,11.738857501569358,2.652825836216836,5.617977528089887,2,
KPIG,2026-07-22,89.0,90.0,84.0,85.0,156811500.0,0,,1.0,1.3796746854816562,13328977500.0,5.88235294117647,5.88235294117647,20.0,0.16666666663888888,52.1235112590663,1.6186719874708446,1,29.739382122625194,0.4127120688157813,152.43168897230836,6.183635227982514,-1.5975920351933266,7.0588235294117645,0,
KPIG,2026-07-23,85.0,89.0,83.0,85.0,135651200.0,0,,1.0,1.1611986734289235,11530352000.0,5.88235294117647,5.88235294117647,16.470588235294116,0.33333333327777775,52.123511257631144,1.3848089080097545,1,29.653533772230272,0.3511934066868829,-66.29213360337604,5.985037406483787,-1.1857707509881377,7.0588235294117645,0,
KPIG,2026-07-24,84.0,84.0,80.0,81.0,157170500.0,0,,1.0,1.2823636799404388,12730810500.0,11.11111111111111,11.11111111111111,16.049382716049383,0.2499999999375,46.59680824602316,0.9207372311150568,1,28.54977681831993,0.29922594981478673,-189.33432579444604,0.8717310087173136,-5.373831775700928,4.938271604938271,0,
KPIG,2026-07-27,80.0,82.0,79.0,82.0,80048400.0,0,,1.0,0.6513387842650817,6563968800.0,9.75609756097561,9.75609756097561,13.414634146341465,0.9999999996666666,48.078986099532955,0.6536924420681558,1,27.21082977603859,0.35087029908318723,-161.83268827145235,1.7369727047146473,-3.7558685446009425,3.6585365853658534,1,
KPIG,2026-07-28,82.0,83.0,81.0,82.0,92388300.0,0,,1.0,0.7487742435723389,7575840600.0,9.75609756097561,9.75609756097561,13.414634146341465,0.49999999975,48.0789860980959,0.45883165727004216,1,26.223987204210715,0.3578544693605991,-124.66392470293322,1.2345679012345678,-3.3018867924528266,2.4390243902439024,0,
LAPD,2026-07-16,66.0,69.0,64.0,66.0,19562600.0,1,,0.35,0.44596707622857745,1291131600.0,27.27272727272727,27.27272727272727,42.42424242424242,0.39999999992,51.86675217076979,0.9535104508203978,1,34.83077048691965,-0.18143285346767696,31.809403273764296,5.515587529976024,-2.3668639053254354,7.575757575757576,0,29.0
LAPD,2026-07-20,68.0,69.0,67.0,68.0,15867400.0,1,,0.35,0.361099748246974,1078983200.0,23.52941176470588,23.52941176470588,29.411764705882355,0.49999999975,54.761223571419386,0.9029142767500083,1,36.93415605051656,-0.1526735724078037,8.543117050220859,7.850911974623321,1.7659383418138386,2.941176470588235,0,29.0
LAPD,2026-07-21,69.0,71.0,66.0,71.0,47007900.0,0,,1.0,1.0276590581666583,3337560900.0,4.225352112676056,18.30985915492958,14.084507042253522,0.9999999998,59.045579175715346,1.0204534328211121,1,38.17094570989587,-0.09287720302997464,42.333672380144556,11.723052714398117,6.670673076923073,7.042253521126761,1,
LAPD,2026-07-22,71.0,72.0,68.0,70.0,30078000.0,0,,1.0,0.6445140928798421,2105460000.0,5.714285714285714,20.0,14.285714285714285,0.499999999875,57.10421826803182,0.9773972336666574,1,39.43439925982585,-0.08359361573860402,20.71278901344566,9.119251753702251,5.708245243128966,5.714285714285714,0,
LAPD,2026-07-23,71.0,73.0,68.0,69.0,40548500.0,0,,1.0,0.8390124819879807,2797846500.0,5.797101449275362,21.73913043478261,13.043478260869565,0.19999999996,55.151407431185305,0.8337123682098706,1,40.72273666877385,-0.10841721081707519,-8.434574148818786,6.728538283062635,4.577144589269469,7.246376811594203,0,
LAPD,2026-07-24,70.0,70.0,61.0,65.0,28944800.0,0,,1.0,0.5875431069218111,1881412000.0,12.307692307692308,29.230769230769234,18.461538461538463,0.4444444443950617,48.07012506425489,0.44113441170843315,1,39.49114264205873,-0.10269505377052544,-41.313456579269,-0.23023791250960196,-0.9448338921060722,13.846153846153847,0,
LCKM,2026-07-16,107.0,117.0,107.0,111.0,39107900.0,0,,1.0,2.6484159272408365,4340976900.0,5.405405405405405,15.315315315315313,12.612612612612612,0.39999999996,50.62634231069467,0.689706156853545,1,29.688906163688504,-0.31867027689824035,68.30909011071252,2.5878003696857643,-3.729401561144837,9.00900900900901,3,
LCKM,2026-07-17,112.0,128.0,111.0,114.0,143620500.0,0,,1.0,6.757589381183035,16372737000.0,12.280701754385964,12.280701754385964,21.929824561403507,0.1764705882249135,53.484816856059034,1.1010768358238683,1,30.854064905744824,-0.41670140857178717,205.406757301127,5.751391465677183,-0.8695652173913043,14.912280701754385,4,
LCKM,2026-07-20,115.0,122.0,112.0,113.0,34184100.0,0,,1.0,1.5449651611013766,3862803300.0,13.274336283185843,13.274336283185843,22.123893805309734,0.09999999999,52.395887618570455,1.2638542118748037,1,31.93599802336855,-0.4620604067246418,168.8691798412456,5.067410506741053,-1.5164720237057652,8.849557522123893,0,
LCKM,2026-07-21,114.0,116.0,109.0,113.0,13140300.0,0,,1.0,0.595974542399287,1484853900.0,13.274336283185843,13.274336283185843,22.123893805309734,0.5714285713469388,52.39588761742164,1.3232221470963763,1,32.392786618269255,-0.44610267360914946,179.36078497096227,5.214152700186214,-1.585089705626192,6.1946902654867255,0,
LCKM,2026-07-22,115.0,115.0,110.0,111.0,10693400.0,1,,0.6,0.49225078118238885,1186967400.0,15.315315315315313,15.315315315315313,22.52252252252252,0.19999999996,50.033093590250125,1.1840116643458396,1,32.81694745639134,-0.4512492576548699,190.6477416999278,3.159851301115247,-3.3437826541274847,4.504504504504505,0,17.0
LCKM,2026-07-23,111.0,114.0,110.0,111.0,9184900.0,1,,0.6,0.430785985443637,1019523900.0,15.315315315315313,15.315315315315313,22.52252252252252,0.2499999999375,50.03309358903523,1.0525704454051898,1,33.21081109179042,-0.48669322186346164,297.43032106678874,3.159851301115247,-3.3606129200766146,3.6036036036036037,0,17.0
LCKM,2026-07-27,106.0,116.0,105.0,112.0,21015200.0,0,,1.0,0.9722469284761083,2353702400.0,14.285714285714285,14.285714285714285,22.321428571428573,0.6363636363057851,51.49574058176601,0.6998297834936049,1,32.55390952260303,-0.45382371515959324,2.6384584005026386,3.607770582793715,-2.4899878112484757,9.821428571428571,1,
LION,2026-07-27,346.0,422.0,346.0,366.0,3411700.0,0,,1.0,8.863285055530275,1248682200.0,15.300546448087433,15.300546448087433,32.78688524590164,0.26315789473337947,58.088903533264585,4.341999220454529,1,28.252579174650133,-0.2180298022954338,31745.161290319164,9.876913839687775,6.767794632438736,20.76502732240437,1,
LMPI,2026-07-28,142.0,167.0,138.0,146.0,13207500.0,0,,1.0,15.214085772540328,1928295000.0,14.383561643835616,14.383561643835616,23.28767123287671,0.27586206895600474,63.5202151449837,1.107194937278412,1,21.898821972311275,-0.3592867932844746,1306.6796478157796,6.0661096985107115,4.270818454506491,19.863013698630137,2,
LPKR,2026-07-16,60.0,63.0,60.0,63.0,148635100.0,0,,1.0,1.9402470620063434,9364011300.0,6.349206349206349,6.349206349206349,12.698412698412698,0.9999999996666666,52.07960880039547,0.745084519935407,1,30.14001858625154,-0.07952656616088583,20.622454019735162,5.175292153589318,-5.376990087113245,4.761904761904762,1,
LPKR,2026-07-17,63.0,64.0,61.0,62.0,73884100.0,0,,1.0,0.9749487827309046,4580814200.0,8.064516129032258,8.064516129032258,12.903225806451612,0.3333333332222222,49.4496426231478,0.7562523997583102,1,28.889558633466756,-0.037023046202640617,10.371366254869969,3.5058430717863134,-6.231094978826382,4.838709677419355,0,
LPKR,2026-07-20,62.0,64.0,61.0,62.0,94313000.0,0,,1.0,1.1831600445599704,5847406000.0,8.064516129032258,8.064516129032258,12.903225806451612,0.3333333332222222,49.449642620458555,0.7408276583007196,1,27.72841724873803,-0.045064142748601994,10.371366254869969,3.419516263552956,-5.6029232643118245,4.838709677419355,0,
LPKR,2026-07-21,62.0,65.0,61.0,63.0,250648000.0,0,,1.0,2.7403978982352526,15790824000.0,3.1746031746031744,6.349206349206349,9.523809523809524,0.499999999875,52.246419104388956,0.7716729351749589,1,27.027267929320775,-0.039274309710956086,45.14765298080872,4.9125728559533774,-3.522205206738128,6.349206349206349,1,
LPKR,2026-07-22,64.0,64.0,62.0,63.0,124600700.0,0,,1.0,1.3010169227833566,7849844100.0,3.1746031746031744,6.349206349206349,9.523809523809524,0.49999999975,52.24641910127599,0.7643259402269085,1,26.37620070414761,-0.017435606665652262,45.14765298080872,4.477611940298512,-2.9873729596550627,3.1746031746031744,0,
LPKR,2026-07-23,63.0,67.0,63.0,64.0,198809900.0,0,,1.0,1.9958984722549542,12723833600.0,4.6875,4.6875,12.5,0.2499999999375,55.12580308728988,0.7955015212160654,1,26.790140648544984,-0.06666136090636975,65.64725701697701,5.610561056105609,-0.9594552770040305,6.25,1,
LPKR,2026-07-24,64.0,64.0,61.0,61.0,92632900.0,0,,1.0,0.9527905175677274,5650606900.0,9.836065573770492,9.836065573770492,13.114754098360656,0.0,46.137916931132956,0.5921042668747687,1,26.12768902446929,-0.07984412284495157,55.236666651186624,0.24650780608052353,-5.043586550435858,4.918032786885246,0,
LPKR,2026-07-27,61.0,63.0,61.0,61.0,22151200.0,0,,1.0,0.23542939703420732,1351223200.0,9.836065573770492,9.836065573770492,13.114754098360656,0.0,46.13791692843259,0.44244719000835053,1,25.51255537354186,-0.07924766151380239,55.236666651186624,-0.2452984464431702,-4.478546821171311,3.278688524590164,0,
LPKR,2026-07-28,63.0,63.0,61.0,61.0,46354200.0,0,,1.0,0.49247717638854427,2827606200.0,9.836065573770492,9.836065573770492,13.114754098360656,0.0,46.137916925524486,0.3333102598849669,1,24.941359840537817,-0.11192140962529103,26.856795963019643,-0.6514657980456003,-3.9067422810333916,3.278688524590164,0,
LPPF,2026-07-16,1540.0,1570.0,1540.0,1560.0,723700.0,0,,1.0,0.4311279503401601,1128972000.0,0.641025641025641,1.6025641025641024,6.730769230769231,0.6666666666444444,58.86457076460661,10.198982699605988,1,35.4952768653895,-0.3479598320817242,10.59970741083684,3.396851698425849,0.1412248042110698,1.9230769230769231,1,
LPPF,2026-07-17,1560.0,1580.0,1555.0,1580.0,1928500.0,0,,1.0,1.6019570707070694,3047030000.0,0.0,0.0,6.329113924050633,0.99999999996,62.913480672843484,12.30395920405757,1,34.271015354333564,0.06939266568508383,13.813035015972153,4.514635356375062,1.5097976228718277,1.5822784810126582,2,
LPPF,2026-07-20,1580.0,1595.0,1580.0,1585.0,1284400.0,0,,1.0,1.0513262311788123,2035774000.0,0.6309148264984227,0.6309148264984227,6.940063091482649,0.3333333333111111,63.87090370443949,13.41678982727978,1,33.644926731684215,0.05844666630600996,14.512113427891741,4.655001650709805,1.9095994341927633,0.9463722397476341,3,
LPPF,2026-07-21,1590.0,1600.0,1585.0,1600.0,1131200.0,0,,1.0,0.9222315525155098,1809920000.0,0.0,0.0,7.187499999999999,0.9999999999333333,66.65228077184938,14.457023273295178,1,33.22574134597521,0.12959750200776968,13.941409656485297,5.367138623641752,2.9269861691862338,0.9375,4,
LPPF,2026-07-22,1600.0,1600.0,1585.0,1590.0,1110500.0,0,,1.0,0.9259529477489039,1765695000.0,0.628930817610063,0.628930817610063,7.232704402515723,0.3333333333111111,63.1613015327335,13.768831383097528,1,32.83649777353113,0.15163754562398693,10.886447853823999,4.433497536945813,2.3231868202586976,0.9433962264150944,0,
LPPF,2026-07-23,1595.0,1595.0,1585.0,1585.0,906200.0,0,,1.0,0.7538631117026802,1436327000.0,0.9463722397476341,0.9463722397476341,6.940063091482649,0.0,61.428856866417206,12.321078500610264,1,32.475057313404484,0.09590056083037261,6.532685884301233,3.883336064230706,2.0408163265306154,0.6309148264984227,0,
LPPF,2026-07-24,1585.0,1585.0,1560.0,1560.0,846500.0,0,,1.0,0.7127100663456027,1320540000.0,2.564102564102564,2.564102564102564,6.41025641025641,0.0,53.5237218115693,9.16870559514145,1,30.67999972219753,0.07096846618850378,-1.3282490318560174,2.094240837696335,0.5478569126651628,1.6025641025641024,0,
LPPF,2026-07-28,1570.0,1570.0,1525.0,1530.0,2013100.0,0,,1.0,1.7145825969568296,3080043000.0,4.57516339869281,4.57516339869281,4.901960784313726,0.11111111110864198,45.558600194480995,2.4627096978128726,1,27.512066134059737,0.03398285880882825,-17.38937246866499,-0.19569471624266144,-1.1052937754508376,2.941176470588235,0,
LRNA,2026-07-28,184.0,242.0,181.0,188.0,11581500.0,0,,1.0,13.705106206733312,2177322000.0,28.723404255319153,28.723404255319153,35.638297872340424,0.11475409835877452,59.95635414379685,1.1580490495389295,1,42.329808816937415,-0.6587372598227835,55.442670537010166,5.057278569432809,3.592682389243999,32.4468085106383,2,
LSIP,2026-07-16,1325.0,1350.0,1325.0,1335.0,3963600.0,0,,1.0,0.5380062981865565,5291406000.0,1.1235955056179776,1.1235955056179776,10.17346737630593,0.399999999984,67.82616830585667,13.905598789379379,1,26.377015870491913,-0.024445011062546686,31.855040777232645,6.094003977797577,6.382760993575955,1.8726591760299627,5,
LSIP,2026-07-17,1335.0,1335.0,1305.0,1320.0,4311700.0,0,,1.0,0.6148157812746194,5691444000.0,2.272727272727273,2.272727272727273,8.333333333333332,0.49999999998333333,63.2129094702561,12.288622441990988,1,25.649685248015018,-0.025679654056504898,20.05752875880923,4.5208730216341575,5.529863657157975,2.272727272727273,0,
LSIP,2026-07-20,1320.0,1335.0,1320.0,1325.0,5373700.0,1,,0.6,0.7985140330999125,7120152500.0,1.8867924528301887,1.8867924528301887,8.30188679245283,0.3333333333111111,64.08969438416598,10.859418676780074,1,24.9743068128579,-0.040069536142161626,20.105401749394645,4.6518793951880415,6.171226816585744,1.1320754716981132,1,14.0
LSIP,2026-07-21,1335.0,1350.0,1330.0,1340.0,4881900.0,1,,0.6,0.72841185207953,6541746000.0,0.7462686567164178,0.7462686567164178,8.208955223880597,0.499999999975,66.65716833280474,10.236254177715857,1,24.74087902314141,-0.017719971307207462,19.179545672562035,5.468789557593678,7.455202748552724,1.4925373134328357,2,14.0
LSIP,2026-07-22,1340.0,1360.0,1330.0,1340.0,6117600.0,1,,0.6,0.9180609309368344,8197584000.0,1.4925373134328357,1.4925373134328357,8.208955223880597,0.3333333333222222,66.65716833246259,9.170371336751117,1,24.776289701450565,-0.025740316187899678,13.873854698065994,5.103509331693538,7.618341499916288,2.2388059701492535,0,14.0
LSIP,2026-07-23,1345.0,1415.0,1340.0,1395.0,18165000.0,0,,1.0,2.510474129263504,25340175000.0,1.4336917562724014,1.4336917562724014,11.11111111111111,0.7333333333235555,74.4310871982527,11.37194693449353,1,25.934791654833163,0.028235277191166,35.74458432237126,8.845728982569833,12.106673995623742,5.376344086021505,1,
LSIP,2026-07-24,1400.0,1410.0,1365.0,1380.0,9716200.0,0,,1.0,1.348889576863327,13408356000.0,2.536231884057971,2.536231884057971,8.695652173913043,0.33333333332592596,69.6608544048542,11.01293651505513,1,27.01054346868843,-0.008511892088088491,26.06543532972684,7.080567249211633,10.956651098021,3.260869565217391,0,
LSIP,2026-07-27,1375.0,1380.0,1350.0,1365.0,6176900.0,0,,1.0,0.8463367630828421,8431468500.0,3.6630036630036633,3.6630036630036633,8.791208791208792,0.49999999998333333,65.16333353184794,9.042719596260223,1,27.37998478276674,0.011106721177689304,10.776115940631794,5.395798355207691,9.831983961494132,2.197802197802198,0,
LSIP,2026-07-28,1365.0,1395.0,1365.0,1385.0,5138000.0,0,,1.0,0.7414414238907779,7116130000.0,2.166064981949458,2.166064981949458,8.303249097472925,0.6666666666444444,68.11890235077868,8.378919730942116,1,28.028533264206473,0.05731240631671407,12.047873464729008,6.144028470824518,11.488032935003812,2.166064981949458,1,
MAIN,2026-07-17,690.0,720.0,675.0,720.0,3609400.0,0,,1.0,2.010561379663773,2598768000.0,0.0,0.0,10.416666666666668,0.9999999999777779,58.991326747777244,8.804841926670793,1,28.625274660906463,-0.05195313639339159,45.09896472513294,7.9055826152116895,0.9578804771555245,6.25,2,
MAIN,2026-07-20,720.0,735.0,710.0,720.0,2728500.0,0,,1.0,1.4513182075674922,1964520000.0,2.083333333333333,2.083333333333333,12.5,0.399999999984,58.991326747481,10.005875923597106,1,28.53166523580289,-0.06412305727084787,40.87032162586562,7.663551401869159,1.18010415692196,3.4722222222222223,0,
MAIN,2026-07-22,710.0,720.0,700.0,715.0,2695700.0,0,,1.0,1.394708726436448,1927425500.0,2.797202797202797,2.797202797202797,12.587412587412588,0.7499999999625,57.43812604861907,9.581959457693142,1,27.8226632263355,0.008548555327642616,38.67299812660915,6.280193236714976,0.8445154847305445,2.797202797202797,0,
MAIN,2026-07-23,720.0,735.0,715.0,725.0,1622500.0,0,,1.0,0.8229690796948543,1176312500.0,1.3793103448275863,1.3793103448275863,10.344827586206897,0.499999999975,59.887837071037595,9.50301411913102,1,27.747979327258836,-0.0069845432265193096,49.12534629954203,7.447202667654687,2.453403836749906,2.7586206896551726,1,
MAPA,2026-07-16,620.0,625.0,605.0,610.0,8189300.0,0,,1.0,0.3373826835792647,4995473000.0,4.098360655737705,5.864325470518649,9.836065573770492,0.2499999999875,52.66927076518006,-0.07225461389716203,0,15.034698744273346,0.06315829292337698,12.98889286619444,0.4528612597776863,1.6225479420870652,3.278688524590164,0,
MAPA,2026-07-17,610.0,640.0,605.0,630.0,35387000.0,0,,1.0,1.3972771121491876,22293810000.0,1.5873015873015872,2.503553233359327,10.317460317460316,0.7142857142653062,58.263644670944046,1.4049639385371702,1,15.503417273367093,0.09047478857922733,204.61508065640834,3.415417828402165,4.870688288039547,5.555555555555555,1,
MAPA,2026-07-20,630.0,655.0,620.0,640.0,12994100.0,0,,1.0,0.516338917425152,8316224000.0,2.34375,2.34375,10.9375,0.5714285714122449,60.761003099028656,2.8682270654361375,1,16.5622276838567,0.0901420629084657,165.9497271566237,4.722280487211437,6.467725249756357,5.46875,2,
MAPA,2026-07-21,640.0,640.0,625.0,635.0,19155800.0,0,,1.0,0.7501984584662754,12163933000.0,3.149606299212598,3.149606299212598,11.023622047244094,0.6666666666222222,58.86441137861761,3.2822343040015705,1,17.545408779311337,0.07826522882567713,504.2171437147216,3.742596659293431,5.70877496671067,2.3622047244094486,0,
MAPA,2026-07-22,635.0,640.0,610.0,620.0,47382500.0,0,,1.0,1.7823563554127473,29377150000.0,5.64516129032258,5.64516129032258,10.483870967741936,0.3333333333222222,53.47201956759943,2.371227821580664,1,17.393707734998944,0.06673631944468567,-51.22469533297559,1.0945946455656739,3.300355905261622,4.838709677419355,0,
MAPA,2026-07-23,625.0,625.0,605.0,605.0,14291500.0,0,,1.0,0.6079850389267404,8646357500.0,8.264462809917356,8.264462809917356,10.743801652892563,0.0,48.67049574295532,0.672080365946945,1,16.92771621628185,-0.11626116975857739,-75.03647913347315,-1.1427403627269046,0.93829297570081,3.3057851239669422,0,
MAPA,2026-07-24,605.0,610.0,590.0,605.0,5178400.0,0,,1.0,0.25243211597136206,3132932000.0,8.264462809917356,8.264462809917356,10.743801652892563,0.7499999999625,48.67049574264155,-0.4762533153732038,0,15.837136005254527,-0.07407965851727567,-86.27104611545843,-0.9736294704993074,0.9585056948271844,3.3057851239669422,0,
MAPA,2026-07-27,605.0,605.0,580.0,585.0,7220900.0,0,,1.0,0.38852686500589445,4224226500.0,11.965811965811966,11.965811965811966,12.82051282051282,0.199999999992,42.73635211885201,-2.4944178435947526,0,15.351605149259038,-0.03182224029716494,-96.09899045020464,-3.9647971921598564,-2.294182074336637,4.273504273504273,0,
MAPA,2026-07-28,585.0,605.0,580.0,595.0,11917500.0,0,,1.0,0.6481617198162902,7090912500.0,10.084033613445378,10.084033613445378,12.605042016806722,0.599999999976,46.2642064005853,-3.0317647784378945,0,14.9007550686918,-0.04008977022640232,-78.62291842603479,-2.154774391592093,-0.5708563344381722,4.201680672268908,1,
MAPI,2026-07-16,1525.0,1535.0,1435.0,1470.0,6301400.0,0,,1.0,0.08390014931574324,9263058000.0,4.761904761904762,4.761904761904762,7.142857142857142,0.3499999999965,40.937328272159924,-5.935412460491822,0,61.902803176467984,-0.08321986805818235,-48.37028125565305,-2.858615840304425,-0.9423447765891235,6.802721088435375,0,
MAPI,2026-07-17,1475.0,1520.0,1475.0,1520.0,4668200.0,0,,1.0,0.06449127091127595,7095664000.0,1.3157894736842104,1.3157894736842104,6.907894736842106,0.9999999999777779,54.66668679806175,-5.028644766215123,0,60.100183233715896,-0.08312354306176305,-49.04127083365102,0.3793978054364813,2.0239163519774466,2.9605263157894735,1,
MAPI,2026-07-20,1520.0,1525.0,1490.0,1505.0,1596200.0,0,,1.0,0.02339407213382312,2402281000.0,2.3255813953488373,2.3255813953488373,6.976744186046512,0.42857142855918373,50.84797602384221,-5.30579876360331,0,58.06511982018427,-0.08835136222414855,8.849787989797138,-0.6110801931037347,0.7216393514723595,2.3255813953488373,0,
MAPI,2026-07-21,1515.0,1530.0,1490.0,1515.0,3324000.0,0,,1.0,0.05026851462437215,5035860000.0,1.65016501650165,1.65016501650165,6.9306930693069315,0.624999999984375,53.19531991128297,-4.70294848635721,0,55.81517895851638,-0.10199142252100432,-11.827263077694496,0.032796098720301335,1.296556550768406,2.6402640264026402,1,
MAPI,2026-07-22,1525.0,1525.0,1490.0,1515.0,3421600.0,0,,1.0,0.05372401423083442,5183724000.0,1.65016501650165,1.65016501650165,6.9306930693069315,0.7142857142653062,53.195319911009385,-4.207588653249907,0,53.725948158396186,-0.06380035372825368,0.06991554704481172,-0.00010917827911548768,1.2696057661543756,2.31023102310231,0,
MAPI,2026-07-23,1525.0,1525.0,1500.0,1515.0,3228200.0,0,,1.0,0.053147375142481044,4890723000.0,1.65016501650165,1.65016501650165,6.9306930693069315,0.599999999976,53.19531991071476,-3.795979383439324,0,51.785948129713155,-0.1175558396892257,4.957958896071228,-0.01660806982532472,1.2292286784611672,1.65016501650165,0,
MAPI,2026-07-24,1515.0,1520.0,1480.0,1520.0,2027500.0,0,,1.0,0.0346198041159404,3081800000.0,1.3157894736842104,1.3157894736842104,6.907894736842106,0.9999999999750001,54.550777172098776,-3.130700458309555,0,50.82735240666917,-0.12019226917320885,2.809320363364601,0.26385183907520093,1.4891259141606656,2.631578947368421,1,
MAPI,2026-07-27,1510.0,1520.0,1425.0,1425.0,2753100.0,0,,1.0,0.048502113412073736,3923167500.0,8.070175438596491,8.070175438596491,8.070175438596491,0.0,34.253441206041074,-8.715932210346551,0,51.3567298429549,-0.09225742174719201,1.9673417037221554,-5.769344073800578,-4.802718042888718,6.666666666666667,0,
MAPI,2026-07-28,1425.0,1450.0,1360.0,1430.0,2508700.0,0,,1.0,0.04706967050480144,3587441000.0,7.6923076923076925,7.6923076923076925,12.587412587412588,0.7777777777691358,35.61137418835891,-11.524444130392226,0,52.716234523573625,-0.16431124717155438,1.3169060425832362,-5.172310548783519,-4.423619384204143,6.293706293706294,1,
MARK,2026-07-16,1100.0,1140.0,1095.0,1125.0,26748400.0,0,,1.0,1.1229825513758513,30091950000.0,1.3333333333333335,1.3333333333333335,16.0,0.6666666666518519,78.67212509066205,8.388952311187268,1,52.057211667045806,0.28512199790595405,11.228578110522,12.443778110944528,27.06991335755331,4.0,2,
MARK,2026-07-17,1125.0,1125.0,1060.0,1060.0,16018200.0,0,,1.0,0.6825993252075567,16979292000.0,7.547169811320755,7.547169811320755,16.9811320754717,0.0,62.74974705751219,3.7721020744964306,1,51.091141841376654,0.2634686999220899,2.7800288288989555e-05,5.237031521469347,18.924579264200613,6.132075471698113,0,
MARK,2026-07-20,1060.0,1060.0,965.0,970.0,20455600.0,0,,1.0,0.8727058013928326,19841932000.0,17.525773195876287,17.525773195876287,18.556701030927837,0.0526315789468144,48.20276671785745,-5.58275258125083,0,47.47766294711626,0.25672887564840735,-0.5137462834111768,-3.9366179747462247,8.341738642677528,9.793814432989691,0,
MARK,2026-07-21,970.0,990.0,965.0,985.0,16797700.0,0,,1.0,0.739756058462823,16545734500.0,15.736040609137056,15.736040609137056,17.766497461928935,0.799999999968,50.27193524328881,-10.703320753982837,0,44.12228968816018,0.2377474715151872,10.938851485247234,-2.619871478002966,9.537754482494778,2.5380710659898478,1,
MARK,2026-07-22,985.0,995.0,975.0,975.0,16105000.0,0,,1.0,0.7119364849213576,15702375000.0,16.923076923076923,16.923076923076923,17.94871794871795,0.0,48.87032283621717,-14.472538108353504,0,41.123712750585916,0.19320503397397631,-2.588326383524023,-3.7274746976055297,8.0016919075143,2.051282051282051,0,
MARK,2026-07-23,970.0,985.0,950.0,970.0,18725400.0,0,,1.0,0.8180468865188971,18163638000.0,17.525773195876287,17.525773195876287,19.587628865979383,0.5714285714122449,48.14750181346752,-16.845092186808017,0,38.627963627617476,0.21135384250634867,-14.50695026279733,-4.362829677101306,7.096614519086722,3.608247422680412,0,
MARK,2026-07-24,970.0,980.0,950.0,960.0,16605200.0,0,,1.0,0.7365683249271813,15940992000.0,18.75,18.75,19.791666666666664,0.3333333333222222,46.66103700245,-18.49856652311278,0,36.310482299146784,0.1650445597116025,-15.31614757056128,-5.395417590539542,5.648598381048391,3.125,0,
MARK,2026-07-27,960.0,990.0,960.0,990.0,20963900.0,0,,1.0,0.9282004894284084,20754261000.0,15.151515151515152,15.151515151515152,19.19191919191919,0.9999999999666667,51.49874639694689,-17.01978922329379,0,33.882197549021456,0.1888654098155497,-4.030620215591314,-2.6309318908286206,8.5263077425904,3.0303030303030303,1,
MARK,2026-07-28,990.0,1005.0,960.0,960.0,16288200.0,0,,1.0,0.7348067332697393,15636672000.0,18.75,18.75,19.791666666666664,0.0,46.916239893084665,-17.44556551604114,0,31.702938916721465,0.11396601196945295,-13.132933034536936,-5.581509712318662,4.8985781400237,4.6875,0,
MBSS,2026-07-16,2520.0,2670.0,2500.0,2620.0,684200.0,1,,0.6,0.6457245053487917,1792604000.0,3.435114503816794,5.343511450381679,11.450381679389313,0.7058823529370243,58.476873008696664,-11.948865968692012,0,14.241612690757846,-0.022593524668203975,5.694386735521655,1.7080745341614907,7.743553892338702,6.488549618320611,1,14.0
MBSS,2026-07-17,2630.0,2630.0,2560.0,2560.0,755000.0,1,,0.6,0.7104779022551786,1932800000.0,5.078125,7.8125,10.9375,0.0,52.56124317432118,-11.557656413613081,0,13.52731643984671,-0.054426877344073823,-9.243980134939948,-0.5052467936261174,5.103255737570316,2.734375,0,14.0
MBSS,2026-07-20,2570.0,2610.0,2560.0,2570.0,473300.0,1,,0.6,0.45434909907747795,1216381000.0,4.280155642023346,7.392996108949417,10.505836575875486,0.19999999999600002,53.4072399736873,-10.429940644703272,0,12.86404134971494,-0.04059658729049863,0.12069408994677586,-0.058331713007972,5.358094535317502,1.9455252918287937,1,14.0
MBSS,2026-07-21,2570.0,2950.0,2530.0,2770.0,4150100.0,0,,1.0,3.856844805234027,11495777000.0,6.4981949458483745,6.4981949458483745,19.494584837545126,0.5714285714272109,66.33726784819214,3.249414296316708,1,14.807675024906114,0.06448334121160663,82.23422567816226,7.405971306708025,13.139729608299627,15.162454873646208,2,
MBSS,2026-07-22,2770.0,2800.0,2580.0,2720.0,3109900.0,0,,1.0,2.9090585946269525,8458928000.0,8.455882352941178,8.455882352941178,19.852941176470587,0.6363636363607438,61.72547139592513,8.116977087799597,1,16.612477723297918,0.13835118257675477,26.46913127236033,5.1004636785162285,10.85299751395852,8.088235294117647,0,
MBSS,2026-07-23,2720.0,2760.0,2690.0,2710.0,2188800.0,0,,1.0,1.9065620821664828,5931648000.0,8.856088560885608,8.856088560885608,19.92619926199262,0.2857142857102041,60.814852027029524,9.740519907966537,1,18.288365943233163,0.08502991050092257,-30.00860206029834,4.391371340523883,10.077582355091593,2.5830258302583027,0,
MBSS,2026-07-24,2710.0,2760.0,2670.0,2680.0,2882900.0,0,,1.0,2.3719275150667443,7726172000.0,10.074626865671641,10.074626865671641,20.149253731343283,0.11111111110987654,58.048123236770294,7.947111168284984,1,19.576834626638334,-0.049816701544213075,-64.44496767065726,3.0174899096674994,8.515204275822983,3.3582089552238807,0,
MBSS,2026-07-27,2670.0,2760.0,2530.0,2700.0,1233000.0,0,,1.0,0.9982108305470317,3329100000.0,9.25925925925926,9.25925925925926,16.666666666666664,0.7391304347793951,59.3750388903273,7.278806954839347,1,19.138805743407055,-0.051509742094148034,-55.43779714738509,3.5077630822311674,8.963234997376807,8.518518518518519,1,
MBSS,2026-07-28,2700.0,2750.0,2650.0,2690.0,612400.0,0,,1.0,0.5178420429561978,1647356000.0,9.66542750929368,9.66542750929368,16.728624535315987,0.399999999996,58.380741684211216,5.419610284799404,1,18.73206463754944,-0.03978543685368408,-842.0759550061244,2.750190985485103,8.21030612655376,3.717472118959108,0,
MBTO,2026-07-17,115.0,129.0,114.0,120.0,16490500.0,1,,0.6,1.8362491766915887,1978860000.0,15.0,15.0,30.833333333333336,0.39999999997333335,63.834632188299665,1.890924069997216,1,44.636462973201816,-0.40094307422908093,167.47563029727453,11.11111111111111,9.011627906976747,12.5,1,13.0
MBTO,2026-07-22,118.0,123.0,115.0,123.0,8664000.0,0,,1.0,0.8996221462384392,1065672000.0,12.195121951219512,12.195121951219512,27.64227642276423,0.999999999875,65.47593392122633,1.811597231456561,1,50.070831260796254,-0.3353903098704081,115.80520094562647,11.767378464334396,12.00145692952104,6.504065040650407,1,
MCAS,2026-07-23,150.0,183.0,150.0,159.0,15643900.0,1,,1.0,4.326168175193785,2487380100.0,25.157232704402517,25.157232704402517,33.33333333333333,0.2727272727190083,38.64274407377595,3.1479260671402685,1,18.46935401987778,-0.5430392901042614,48.89874114720793,0.0,-22.09701126898579,20.754716981132077,3,3.0
MCAS,2026-07-24,161.0,214.0,160.0,214.0,47699300.0,1,,1.0,7.980982562050121,10207650200.0,0.0,0.0,31.775700934579437,0.9999999999814816,68.56024410570532,7.0376630703798995,1,20.580356810037948,0.07185112309014739,192.71876303310216,33.208839091192026,5.888174171202378,25.233644859813083,4,3.0
MCAS,2026-07-27,262.0,266.0,220.0,266.0,20822500.0,1,,1.0,2.986372903282249,5538785000.0,0.0,0.0,45.11278195488722,0.999999999978261,78.99058766878242,12.568777377495081,1,23.62143096573046,0.214923843517471,290.6734542799485,60.53108026554015,32.246196678930104,17.293233082706767,5,3.0
MCAS,2026-07-28,280.0,332.0,280.0,324.0,93448600.0,0,,1.0,8.029151109684829,30277346400.0,2.4691358024691357,2.4691358024691357,57.407407407407405,0.846153846137574,84.97718552280827,19.192984225065267,1,27.1944413860216,0.406458099910518,590.5093357294819,86.63594470046083,60.92182378066951,16.049382716049383,6,
MDKA,2026-07-16,2670.0,2720.0,2650.0,2660.0,32554300.0,0,,1.0,0.8902235464884157,86594438000.0,4.511278195488721,17.100048237962376,11.278195488721805,0.14285714285510204,50.16016327080256,4.950092993323818,1,20.81737356017941,-0.24143774860973874,150.25711464995493,-0.5253634800211086,-0.10799880127691623,2.631578947368421,1,
MDKA,2026-07-17,2650.0,2670.0,2600.0,2660.0,27449500.0,0,,1.0,0.877819105849004,73015670000.0,4.511278195488721,12.984712109115257,11.278195488721805,0.8571428571306122,50.16016327074993,6.117188998981543,1,20.742698725260688,-0.1361242198795409,150.25711464995493,-0.04723495087112036,0.2194008448038784,2.631578947368421,0,
MDKA,2026-07-20,2680.0,2710.0,2660.0,2670.0,25542800.0,0,,1.0,0.8506027161689377,68199276000.0,1.8726591760299627,9.952505040962368,8.98876404494382,0.19999999999600002,50.71712719018526,7.334603516070011,1,20.253162496642943,-0.1616775215724336,95.3701374829744,0.8129971731843122,0.9877028611923016,1.8726591760299627,1,
MDKA,2026-07-21,2690.0,2760.0,2680.0,2720.0,46555200.0,0,,1.0,1.5316175430400611,126630144000.0,1.4705882352941175,7.5654472676058555,10.294117647058822,0.49999999999375,53.514331688701546,11.055727328279472,1,19.294085034977652,-0.12286485987960664,77.76626391162877,2.9073274492885592,2.915101243471689,2.941176470588235,2,
MDKA,2026-07-22,2770.0,2830.0,2720.0,2730.0,54515700.0,0,,1.0,1.7461602744109368,148827861000.0,3.6630036630036633,7.171434640251988,12.82051282051282,0.09090909090826446,54.07574793114081,13.57315537102853,1,18.080821654023328,-0.14938139178149049,189.37186572358286,3.240440529403073,3.3921405659112764,4.029304029304029,3,
MDKA,2026-07-23,2740.0,2930.0,2740.0,2780.0,63130400.0,0,,1.0,1.9738736203608167,175502512000.0,5.39568345323741,5.39568345323741,16.18705035971223,0.21052631578836567,56.87989260062311,17.725933073137377,1,17.765457756520142,-0.2590933556774095,162.72409026043525,5.34237646154143,5.346508300599472,6.83453237410072,4,
MDKA,2026-07-24,2760.0,2770.0,2640.0,2650.0,35639700.0,0,,1.0,1.129051802340141,94445205000.0,10.566037735849058,10.566037735849058,16.9811320754717,0.07692307692248522,48.575079304874755,11.158440316220156,1,16.569229349478174,-0.2674146352515443,132.15956804522625,0.46766836972558046,0.47109506556983294,4.905660377358491,0,
MDKA,2026-07-27,2640.0,2700.0,2600.0,2640.0,31804400.0,0,,1.0,0.9991637088600993,83963616000.0,10.984848484848484,10.984848484848484,12.878787878787879,0.399999999996,47.994576132743546,5.8486558598401235,1,15.643013401421655,-0.2427983865707194,68.06812074210187,0.04545624087523428,0.15027857973104722,3.787878787878788,0,
MDKA,2026-07-28,2620.0,2690.0,2600.0,2630.0,15188100.0,0,,1.0,0.49590832613104263,39944703000.0,11.406844106463879,11.406844106463879,12.547528517110266,0.3333333333296296,47.384738458910434,1.5921960058177902,1,14.782955735369173,-0.19649634973346417,18.555050587484658,-0.7504377215556537,-0.16333281272665692,3.4220532319391634,0,
MGRO,2026-07-16,670.0,675.0,660.0,675.0,3309500.0,0,,1.0,0.8688392680170274,2233912500.0,2.2222222222222223,2.2222222222222223,4.444444444444445,0.9999999999333333,51.36746975495782,-0.3869929854064158,0,14.685554424710292,0.5370348589776572,12.037092679116025,0.07412898443291327,0.9723261032161555,2.2222222222222223,0,
MGRO,2026-07-17,665.0,670.0,665.0,665.0,3341600.0,0,,1.0,0.8863319580546635,2222164000.0,3.7593984962406015,3.7593984962406015,4.511278195488721,0.0,46.033757372489056,-0.9366420678621414,0,14.362645598152946,0.4436174647270175,-11.888858581759395,-1.2987012987012987,-0.47889853337324834,0.7518796992481203,0,
MGRO,2026-07-20,670.0,675.0,660.0,670.0,3230500.0,0,,1.0,0.8663285022211314,2164435000.0,2.2388059701492535,2.9850746268656714,3.731343283582089,0.6666666666222222,48.8912889284981,-0.9243441892792956,0,14.062801687778268,0.46295646721838113,12.87296426835197,-0.5196733481811433,0.3144183260967245,2.2388059701492535,1,
MGRO,2026-07-21,675.0,675.0,655.0,670.0,3623700.0,0,,1.0,0.9794273497458654,2427879000.0,1.4925373134328357,2.9850746268656714,3.731343283582089,0.7499999999625,48.89128892794051,-0.8774550690612272,0,14.377632161442216,0.43424099130167904,-0.37244259992423756,-0.4827330115113257,0.3444660775797445,2.9850746268656714,0,
MGRO,2026-07-22,670.0,670.0,655.0,670.0,2916700.0,0,,1.0,0.7843501083735362,1954189000.0,1.4925373134328357,2.9850746268656714,3.731343283582089,0.9999999999333333,48.891288927340035,-0.8093429362989354,0,14.669974744130169,0.4371020252770657,-0.37244259992423756,-0.4087699739873653,0.37453183520599254,2.2388059701492535,0,
MGRO,2026-07-23,670.0,675.0,655.0,675.0,4385100.0,0,,1.0,1.1664097609114012,2959942500.0,0.7407407407407408,2.2222222222222223,3.7037037037037033,0.99999999995,52.061631228949565,-0.41056620562807433,0,14.121952411833654,0.5381219324489782,14.32780982966869,0.2971768202080238,1.1539037913981787,2.9629629629629632,1,
MGRO,2026-07-24,675.0,680.0,660.0,680.0,4006600.0,0,,1.0,1.0551695168568767,2724488000.0,0.0,1.4705882352941175,3.6764705882352944,0.99999999995,55.063522358316916,0.17549591723668345,1,13.335190379280297,0.5426992159076207,43.876399192102234,1.040118870728083,1.857399640503292,2.941176470588235,2,
MGRO,2026-07-27,675.0,690.0,670.0,685.0,5247500.0,0,,1.0,1.3546462624283466,3594537500.0,0.7299270072992701,0.7299270072992701,5.109489051094891,0.7499999999625,57.902443061092896,0.847822560010771,1,13.774457682412548,0.5178747047653562,45.893872606749895,1.7074981440237564,2.5449101796407185,2.9197080291970803,3,
MGRO,2026-07-28,685.0,695.0,680.0,680.0,3799700.0,0,,1.0,0.9749270029917225,2583796000.0,2.2058823529411766,2.2058823529411766,5.88235294117647,0.0,54.213942060169764,0.8988646617734289,1,14.662119020701017,0.49157412678945556,33.10844914028063,0.7780659503519822,1.7507107586413357,2.2058823529411766,0,
MIDI,2026-07-20,284.0,290.0,282.0,286.0,3753200.0,0,,1.0,0.7527031593598051,1073415200.0,1.3986013986013985,2.097902097902098,6.293706293706294,0.4999999999375,51.85632970392149,1.398984323837598,1,13.961296647296281,0.10936054295237176,0.6907640547281363,2.069950035688798,-0.3693302640321333,2.797202797202797,2,
MIDI,2026-07-21,286.0,294.0,284.0,294.0,5296600.0,0,,1.0,1.044089861194752,1557200400.0,0.0,0.0,7.482993197278912,0.9999999999,57.7868642846115,1.855690019276269,1,13.975000578857435,0.13862190793000598,2.8335177844467827,4.775481111903057,2.705586455281178,3.4013605442176873,3,
MIDI,2026-07-22,296.0,296.0,286.0,292.0,6019600.0,0,,1.0,1.174422041581595,1757723200.0,1.36986301369863,1.36986301369863,6.164383561643835,0.59999999994,55.93188611318908,1.9313052548616743,1,14.223104538724284,0.19739130820739312,0.7297014881592114,3.76687988628288,2.281407641424666,3.4246575342465753,0,
MIDI,2026-07-23,292.0,292.0,284.0,286.0,7892700.0,0,,1.0,1.493570759492473,2257312200.0,3.4965034965034967,3.4965034965034967,6.293706293706294,0.24999999996875,50.676307076415526,1.5044240069531423,1,14.12045693689688,0.14774423070212284,-0.7756104243727145,1.5624999999999918,0.43816304672088674,2.797202797202797,0,
MIDI,2026-07-24,286.0,288.0,276.0,282.0,12921600.0,0,,1.0,2.2385104315182045,3643891200.0,4.964539007092199,4.964539007092199,7.092198581560284,0.49999999995833333,47.47367268850192,0.9091719595782009,1,13.375024399147506,0.15351652659086618,-4.27599950084767,0.14204545454544645,-0.7898537863723671,4.25531914893617,0,
MIDI,2026-07-27,282.0,284.0,272.0,282.0,12990500.0,0,,1.0,2.1995130441849753,3663321000.0,4.964539007092199,4.964539007092199,8.51063829787234,0.8333333332638889,47.47367268769417,0.4927909213811733,1,13.184369965202901,0.29614501776774427,-5.225573386899344,-0.1062699256110561,-0.6125092957542316,4.25531914893617,0,
MIDI,2026-07-28,288.0,292.0,280.0,288.0,8932200.0,0,,1.0,1.4929149966739426,2572473600.0,2.7777777777777777,2.7777777777777777,8.333333333333332,0.6666666666111111,52.67650512400153,0.5921329612036416,1,12.551045402168473,0.3789960599573379,-4.400016418613694,1.4799154334038014,1.6408211494568936,4.166666666666666,1,
MIKA,2026-07-16,1750.0,1780.0,1725.0,1760.0,1513400.0,0,,1.0,0.1491273968134784,2663584000.0,1.7045454545454544,2.840909090909091,7.670454545454546,0.6363636363520662,62.63666492011437,6.8906975223863505,1,39.21570363757769,-0.1231974790177458,0.05230773466213332,4.497550838652219,6.153686797267883,3.125,2,
MIKA,2026-07-17,1760.0,1765.0,1715.0,1755.0,5107800.0,0,,1.0,0.8177379886027707,8964189000.0,1.9943019943019942,3.133903133903134,7.6923076923076925,0.7999999999840001,61.714798870094775,7.249498751222429,1,38.93418772485229,-0.10677323868580786,-17.486646404348765,3.723404255319149,5.977384518020172,2.849002849002849,0,
MIKA,2026-07-20,1755.0,1760.0,1715.0,1760.0,4962700.0,0,,1.0,0.7864126055473725,8734352000.0,1.7045454545454544,2.840909090909091,7.670454545454546,0.9999999999777779,62.3121439773906,7.215163179005977,1,38.67278009160728,-0.056654215466059414,1.2547680994050652,3.4229469663581606,6.4050639349791,2.556818181818182,1,
MIKA,2026-07-21,1760.0,1770.0,1715.0,1750.0,5598700.0,0,,1.0,0.882066342064404,9797725000.0,2.2857142857142856,3.428571428571429,7.7142857142857135,0.6363636363520662,60.28620209754205,5.962507230019995,1,38.5903418177303,-0.06868473736741197,2.4976214770282943,2.3541453428863868,5.982330087144935,3.1428571428571432,0,
MIKA,2026-07-22,1750.0,1760.0,1700.0,1730.0,9011500.0,0,,1.0,1.4328588407859535,15589895000.0,3.4682080924855487,4.624277456647398,7.803468208092486,0.4999999999916667,56.340794013415184,3.3601315681796784,1,37.99281210422955,-0.04235974925424932,-25.29991574273448,0.7864841246722983,4.983155134760745,3.4682080924855487,0,
MIKA,2026-07-23,1735.0,1755.0,1710.0,1750.0,6493100.0,0,,1.0,1.0864839991633548,11362925000.0,2.2857142857142856,2.2857142857142856,7.7142857142857135,0.8888888888691359,59.21525513005299,2.593246704331804,1,37.43796308455029,-0.039433656238951724,-16.25575735396832,1.9071189401659632,6.348598423913468,2.571428571428571,1,
MIKA,2026-07-24,1755.0,1760.0,1700.0,1750.0,3914600.0,0,,1.0,0.6907504098165397,6850550000.0,2.2857142857142856,2.2857142857142856,7.7142857142857135,0.8333333333194445,59.21525512984306,1.73474947492749,1,36.55632741538382,0.054321229501728505,-5.639493618383062,1.7589765954353829,6.41260909608332,3.428571428571429,0,
MIKA,2026-07-27,1755.0,1765.0,1715.0,1750.0,6704800.0,0,,1.0,1.1633390648938735,11733400000.0,2.2857142857142856,2.2857142857142856,7.7142857142857135,0.699999999986,59.215255129616985,0.8598813880264657,1,35.84879617272196,0.07668093059362925,-15.92481273812373,1.6112643344462187,6.47669687004634,2.857142857142857,0,
MIKA,2026-07-28,1755.0,1805.0,1750.0,1770.0,2647000.0,0,,1.0,0.4976578869938699,4685190000.0,1.977401129943503,1.977401129943503,8.192090395480225,0.3636363636297521,62.31419039955332,1.2950078283027437,1,35.987041989060145,0.06425263399779202,0.2273285711002809,2.5343953656770455,7.7322365688240815,3.1073446327683616,1,
MINA,2026-07-16,272.0,282.0,270.0,274.0,73872000.0,1,,0.6,0.9437316364083265,20240928000.0,7.2992700729927,15.328467153284672,12.408759124087592,0.33333333330555553,47.05543286169096,2.526915056240716,1,15.665733238875722,-0.270809144352856,-14.540213458629319,-0.07293946024799003,-7.930107526881727,4.37956204379562,0,20.0
MINA,2026-07-17,276.0,292.0,272.0,288.0,220457500.0,1,,0.6,2.697475697696493,63491760000.0,2.083333333333333,6.944444444444445,11.805555555555555,0.79999999996,52.472384760913926,3.3309703929249554,1,15.01541573191585,-0.10433033550498691,60.417483042768936,5.224698575082211,-2.5578562728380034,6.944444444444445,1,20.0
MINA,2026-07-20,288.0,294.0,282.0,286.0,100219300.0,1,,0.6,1.2163833981804613,28662719800.0,2.797202797202797,7.6923076923076925,9.79020979020979,0.33333333330555553,51.65923932666082,3.609791569714994,1,14.547310374902198,-0.09210579559562655,20.18936984024422,4.53216374269005,-2.4689673987177767,4.195804195804196,0,20.0
MINA,2026-07-21,286.0,304.0,284.0,302.0,325900800.0,0,,1.0,3.486887052580341,98422041600.0,0.6622516556291391,1.9867549668874174,12.582781456953644,0.899999999955,57.35301588301946,4.685280387287305,1,14.758095342378532,0.0024154476361761615,120.81749937549297,10.380116959064319,3.2690466420462325,6.622516556291391,1,
MINA,2026-07-22,302.0,306.0,288.0,294.0,150623900.0,0,,1.0,1.569209166977993,44283426600.0,4.081632653061225,4.081632653061225,13.60544217687075,0.3333333333148148,53.932495790056365,4.661423513745454,1,15.07651281076281,0.02185718023391859,81.75372278577,7.142857142857152,1.0726072607260742,6.122448979591836,0,
MINA,2026-07-23,294.0,304.0,282.0,288.0,204392600.0,0,,1.0,1.9672970265981642,58865068800.0,6.25,6.25,13.88888888888889,0.272727272714876,51.45393036539144,4.066779676149662,1,14.835512756355827,-0.021339258864154467,25.20887631307614,4.879825200291324,-0.5936766533204567,7.638888888888889,0,
MINA,2026-07-24,288.0,288.0,270.0,272.0,99787600.0,0,,1.0,0.9376126796020364,27142227200.0,12.5,12.5,14.705882352941178,0.11111111110493826,45.45486423469661,2.4981041883514856,1,13.893554799801551,-0.04486220282167573,-162.48400849854337,-1.0189228529839924,-5.568671017914186,6.61764705882353,0,
MINA,2026-07-27,274.0,278.0,262.0,274.0,47550900.0,0,,1.0,0.44292667178017614,13028946600.0,11.678832116788321,11.678832116788321,16.05839416058394,0.749999999953125,46.29771857447602,1.544181357477199,1,13.574058605188588,-0.025304208635790075,-33.723760185746734,-0.5805515239477586,-4.329608938547478,5.839416058394161,1,
MINA,2026-07-28,274.0,278.0,272.0,272.0,27739200.0,0,,1.0,0.2621238121876914,7545062400.0,12.5,12.5,16.176470588235293,0.0,45.539886250304654,0.7667896363617608,1,13.277383567333693,-0.020392059560683025,-513.7557857589132,-1.8404907975460203,-4.4675470637819705,2.2058823529411766,0,
MKPI,2026-07-17,21000.0,21425.0,21000.0,21025.0,55500.0,0,,1.0,1.2188426485121069,1166887500.0,2.7348394768133173,3.0915576694411415,4.399524375743162,0.0588235294116263,51.930394047179924,50.24976627131264,1,25.47560665791581,0.1668678170107062,-13.509316770186294,0.5980861244019139,0.569384640050063,2.0214030915576697,0,
MKPI,2026-07-21,21100.0,22125.0,20925.0,21475.0,171600.0,0,,1.0,3.448899608079521,3685110000.0,3.026775320139697,3.026775320139697,6.169965075669383,0.4583333333329514,61.20978955007871,55.7221810274999,1,25.494546773301348,0.11925085011717534,50.687863038825896,2.6468303758140648,2.654195593546612,5.587892898719441,2,
MLPL,2026-07-16,83.0,94.0,82.0,91.0,147603300.0,1,,0.6,8.928609019145267,13431900300.0,3.296703296703297,3.296703296703297,15.384615384615385,0.7499999999375,67.98358842021742,1.2226386523968387,1,24.333630956817622,0.14089535130288833,62.3136592000206,12.415071031500922,7.768829938417815,13.186813186813188,1,16.0
MLPL,2026-07-17,91.0,95.0,89.0,90.0,75039000.0,1,,0.6,3.7601734994432823,6753510000.0,5.555555555555555,5.555555555555555,16.666666666666664,0.16666666663888888,65.20871558161089,1.4122245745886288,1,25.742055390763287,-0.003158165218454727,29.01503212827602,10.633066994468354,6.96458283812693,6.666666666666667,0,12.0
MLPL,2026-07-20,90.0,91.0,88.0,88.0,19828500.0,1,,0.6,0.9812861066248256,1744908000.0,7.954545454545454,7.954545454545454,17.045454545454543,0.0,59.93926770493915,1.3338755801681328,1,26.62472688338908,-0.05951795391379037,22.398542322345534,7.777097366809546,5.011933174224347,3.4090909090909087,0,12.0
MLPL,2026-07-21,89.0,98.0,89.0,94.0,139723400.0,1,,0.6,5.226333992843329,13133999600.0,4.25531914893617,4.25531914893617,18.085106382978726,0.5555555554938272,68.23287271536404,1.599198492808881,1,28.494471770916345,-0.024521766907516698,81.74343684033929,14.216281895504256,12.332695984703623,9.574468085106384,1,12.0
MLPL,2026-07-22,96.0,104.0,93.0,98.0,194810400.0,0,,1.0,5.4118960904749605,19091419200.0,6.122448979591836,6.122448979591836,23.46938775510204,0.45454545450413225,72.34355773087165,1.9347394087733845,1,30.836878450071403,-0.029523925054270733,164.48550179873683,17.576484703059396,17.168818747011,11.224489795918368,2,
MLPL,2026-07-23,99.0,109.0,99.0,100.0,329345600.0,0,,1.0,6.337308242632384,32934560000.0,9.0,9.0,28.000000000000004,0.09999999999,74.14505870026684,2.164657009497036,1,33.39618273707013,-0.27711493123818803,647.784430047006,18.483412322274873,19.474313022700116,10.0,3,
MLPL,2026-07-24,100.0,100.0,94.0,94.0,56849000.0,0,,1.0,1.0465288274059519,5343806000.0,15.957446808510639,15.957446808510639,29.78723404255319,0.0,61.25424532981554,1.8008443002095775,1,34.22314472773757,-0.31443352854847006,360.5148493940583,10.328638497652578,12.359550561797757,6.382978723404255,0,
MLPL,2026-07-27,94.0,96.0,92.0,93.0,20365000.0,0,,1.0,0.3702618550382566,1893945000.0,17.20430107526882,17.20430107526882,30.107526881720432,0.2499999999375,59.40061766811924,1.3989484291223344,1,34.44125316962339,-0.31980190407891673,321.0959392952221,8.20244328097731,11.244019138755988,4.301075268817205,0,
MLPL,2026-07-28,95.0,97.0,93.0,93.0,16180600.0,0,,1.0,0.292115362152749,1504795800.0,17.20430107526882,17.20430107526882,30.107526881720432,0.0,59.400617666183436,1.0548799930457844,1,34.76830441165912,-0.3296342369423864,1039.7917354910455,7.142857142857147,11.323916686617181,4.301075268817205,0,
MLPT,2026-07-15,756.0,898.0,744.0,826.0,2902500.0,1,,1.0,3.489105935386923,2397465000.0,8.716707021791766,8.716707021791766,26.634382566585955,0.532467532464075,62.65129070958656,11.92160750412212,1,13.375909855460613,0.03322367352885392,76.90883850069412,13.531716033262326,10.47432607814088,18.64406779661017,5,2.0
MLPT,2026-07-16,900.0,991.0,855.0,991.0,3282500.0,1,,1.0,3.3949579831932737,3252957500.0,0.0,0.0,29.36427850655903,0.9999999999926471,74.94013960317427,25.200271328464996,1,16.236794595311782,0.18111967552491035,138.14432989690718,34.15459591173683,32.33872307462416,13.723511604439958,6,1.0
MLPT,2026-07-17,1060.0,1180.0,1055.0,1169.0,11345000.0,1,,1.0,7.738744884038194,13262305000.0,0.9409751924721984,0.9409751924721984,39.69204448246364,0.911999999992704,81.87034247136673,43.58716754799564,1,19.927420701136718,0.4847606318341964,374.60236018471005,52.91039895356442,54.756546374010426,10.6928999144568,7,2.0
MLPT,2026-07-20,1169.0,1169.0,1000.0,1038.0,4710000.0,1,,1.0,3.2387828777720453,4888980000.0,13.680154142581888,13.680154142581888,44.701348747591524,0.22485207100458668,67.15190756730789,44.39293129591255,1,22.289763288906208,0.3118689801247427,287.35818476499185,33.35046248715314,36.74087735476221,16.28131021194605,0,3.0
MLPT,2026-07-21,1120.0,1300.0,1075.0,1300.0,19858900.0,1,,1.0,8.414538551822613,25816570000.0,0.0,0.0,44.92307692307692,0.9999999999955556,76.32079773747016,59.11610375678261,1,25.10601773980636,0.6205149164833599,787.4433734939757,61.23031129852413,69.26201760324983,17.307692307692307,1,3.0
MLPT,2026-07-22,1425.0,1625.0,1400.0,1625.0,40805600.0,1,,1.0,9.353772800990262,66309100000.0,0.0,0.0,55.93846153846154,0.9999999999955556,82.75221513348049,85.67640060672463,1,28.6271594222923,0.8101776957536713,5657.875751503002,90.87331884653784,107.16999413549556,13.846153846153847,2,3.0
MLPT,2026-07-23,1800.0,2030.0,1600.0,1785.0,69907900.0,0,,1.0,8.91682966634545,124785601500.0,13.725490196078432,13.725490196078432,73.44537815126051,0.43023255813853434,84.923258167671,107.53845467339475,1,32.45957806237953,0.3875560597376394,6742.378378378375,97.57595882450605,122.03701860881682,24.089635854341736,3,
MLPT,2026-07-24,1785.0,2020.0,1580.0,1780.0,42268200.0,0,,1.0,4.254675359579164,75237396000.0,14.04494382022472,14.04494382022472,72.86516853932584,0.4545454545444215,84.56502927201379,114.53467976318386,1,35.808557674742325,0.28698168295278204,624.7698056801195,86.02706798348748,116.18732996502136,24.719101123595504,0,
MLPT,2026-07-27,1780.0,1860.0,1565.0,1605.0,12118900.0,0,,1.0,1.151346447080283,19450834500.0,26.479750778816197,26.479750778816197,80.24922118380063,0.13559322033852342,72.96402752013486,100.73648701714222,1,38.753823201146226,0.22968914727936227,878.7231833910033,60.323643991609224,91.15790476644196,18.38006230529595,0,
MLPT,2026-07-28,1615.0,1620.0,1470.0,1495.0,7384900.0,0,,1.0,0.6787064791383388,11040425500.0,35.785953177257525,35.785953177257525,86.0200668896321,0.16666666666555557,66.76409483745786,78.54662940794037,1,40.470331175117565,0.20035761722169276,171.55060307267368,43.54985837054107,75.01756029033012,10.033444816053512,0,
MNCN,2026-07-16,204.0,212.0,202.0,212.0,42447300.0,1,,0.35,2.056507904977962,8998827600.0,0.0,1.8867924528301887,6.132075471698113,0.9999999999,57.88895143494108,1.1478684205515735,1,17.75179315123466,0.18219941642210635,11.046009122642667,4.02355250245338,1.4354066985645932,4.716981132075472,1,27.0
MNCN,2026-07-17,212.0,212.0,208.0,210.0,32543700.0,1,,0.35,1.59371694417238,6834177000.0,0.9523809523809524,0.9523809523809524,6.190476190476191,0.499999999875,54.87518790232118,1.2883735420954157,1,18.12538465450876,0.2746494857710146,-11.637712313337126,2.9916625796959266,0.7097640514099317,1.9047619047619049,0,27.0
MNCN,2026-07-20,210.0,212.0,208.0,212.0,33713200.0,1,,0.35,1.546989060829077,7147198400.0,0.0,0.0,6.132075471698113,0.99999999975,57.27083362481412,1.4530701201232334,1,18.47229105040614,0.33469804336722925,26.378843268527074,3.870651641352281,1.864309052469727,1.8867924528301887,1,27.0
MNCN,2026-07-21,214.0,222.0,208.0,222.0,56500800.0,0,,1.0,2.357843359207342,12543177600.0,0.0,0.0,10.36036036036036,0.9999999999285715,66.77011433698257,2.1315252374520846,1,20.431358665397603,0.4222792802470365,46.96407937475548,8.292682926829269,6.669229290793771,6.306306306306306,2,
MNCN,2026-07-22,222.0,222.0,212.0,214.0,43683400.0,0,,1.0,1.7302357341918353,9348247600.0,3.7383177570093453,3.7383177570093453,10.74766355140187,0.19999999998,56.03720547932939,1.9428523898162924,1,22.250492879318244,0.3539859913221941,33.18349051639029,4.08560311284047,2.9044046932102288,4.672897196261682,0,
MNCN,2026-07-23,214.0,214.0,210.0,212.0,37002500.0,0,,1.0,1.3957903543823158,7844530000.0,4.716981132075472,4.716981132075472,10.377358490566039,0.499999999875,53.712667046259675,1.5990489045521121,1,23.26685484735641,0.32604761669159815,-18.03450561746688,2.912621359223301,2.060466011939149,1.8867924528301887,0,
MNCN,2026-07-24,210.0,210.0,204.0,204.0,40733900.0,0,,1.0,1.443923579694345,8309715600.0,8.823529411764707,8.823529411764707,10.784313725490197,0.0,45.569724998229745,0.789484748994385,1,22.528138004295293,0.24271023991456522,-19.483715078654,-1.0669253152279286,-1.6583108368684911,2.941176470588235,0,
MNCN,2026-07-27,202.0,206.0,202.0,206.0,35942700.0,0,,1.0,1.2170339447053011,7404196200.0,7.766990291262135,7.766990291262135,9.70873786407767,0.99999999975,47.70422387790547,0.3668067620933374,1,21.37161090734861,0.27662105781169,-22.915169042698988,-0.19379844961240586,-0.5791505791505737,1.9417475728155338,1,
MNCN,2026-07-28,206.0,206.0,202.0,204.0,33232800.0,0,,1.0,1.0976441118650517,6779491200.0,8.823529411764707,8.823529411764707,9.803921568627452,0.499999999875,45.771220642575756,-0.04732767308756458,0,20.297692888755265,0.27416093280875575,-169.70800363119108,-1.2584704743465607,-1.4111734003479546,1.9607843137254901,0,
MPMX,2026-07-16,990.0,995.0,985.0,985.0,1429800.0,0,,1.0,0.5029866813010531,1408353000.0,1.015228426395939,1.015228426395939,3.5532994923857872,0.0,64.90043851232389,-0.44300459796975034,0,40.26681273125069,0.11469817749915323,10.657561691812404,1.6249677585762186,6.656317276108224,1.015228426395939,0,
MPMX,2026-07-17,990.0,1000.0,985.0,1000.0,3021200.0,0,,1.0,1.050327923280032,3021200000.0,0.0,0.0,4.0,0.9999999999333333,70.0418787701644,0.07538523469658642,1,40.45620771529254,0.16586619663318392,13.201158828987724,2.9336078229541944,7.919038157450202,1.5,1,
MPMX,2026-07-20,1000.0,1000.0,995.0,995.0,1470000.0,0,,1.0,0.5281130377457116,1462650000.0,0.5025125628140703,0.5025125628140703,3.5175879396984926,0.0,66.54284681548309,-0.08328070121077502,0,40.63207448618855,0.1250669871262463,0.3997181558966659,2.2085259373394965,7.0530420476425455,0.5025125628140703,0,
MPMX,2026-07-21,1000.0,1000.0,990.0,990.0,2611900.0,0,,1.0,0.9869074833273503,2585781000.0,1.0101010101010102,1.0101010101010102,3.535353535353535,0.0,63.145668298027424,-0.657804732002905,0,40.03778870999645,0.0484964702537174,-8.200148824222788,1.5384615384615385,6.203686646387121,1.0101010101010102,0,
MPMX,2026-07-22,995.0,995.0,990.0,995.0,2212800.0,0,,1.0,0.8672834485961708,2201736000.0,0.5025125628140703,0.5025125628140703,3.5175879396984926,0.9999999998,65.06630909117885,-0.8231871528875843,0,39.48595191781807,0.17432026280088872,-0.9143470501853718,1.842374616171955,6.398394315524178,0.5025125628140703,1,
MPMX,2026-07-23,995.0,1000.0,985.0,995.0,2624800.0,0,,1.0,1.203352221672076,2611676000.0,0.5025125628140703,0.5025125628140703,2.512562814070352,0.6666666666222222,65.0663090904485,-1.0406700283414239,0,38.97353203936672,-0.005916359502880798,3.9807750780882882,1.764254666325748,6.07792143161467,1.507537688442211,0,
MPMX,2026-07-24,990.0,990.0,980.0,985.0,2949000.0,0,,1.0,1.3345612443233623,2904765000.0,1.5228426395939088,1.5228426395939088,2.030456852791878,0.49999999995,58.049272338790814,-1.915212388337114,0,37.6960289870813,0.012107142019955391,-15.074086125120454,0.6642820643842616,4.709362872064961,1.015228426395939,0,
MPMX,2026-07-27,985.0,985.0,975.0,975.0,3072800.0,0,,1.0,1.365230778116676,2995980000.0,2.564102564102564,2.564102564102564,2.564102564102564,0.0,52.008947091422435,-3.1513767918216598,0,35.78579565994169,-0.006347499691112655,-21.0571020044076,-0.4340056165432729,3.3705792349803683,1.0256410256410255,0,
MPMX,2026-07-28,975.0,985.0,975.0,985.0,1359000.0,0,,1.0,0.6516032364399158,1338615000.0,1.5228426395939088,1.5228426395939088,2.5380710659898478,0.9999999999,56.84488289335173,-3.265861204166571,0,34.01200757045491,0.1374855658683995,-8.787377738882174,0.3821656050955414,4.131674328746027,1.015228426395939,1,
MPOW,2026-07-23,101.0,111.0,91.0,102.0,34781900.0,0,,1.0,3.182071224916141,3547753800.0,8.823529411764707,8.823529411764707,21.568627450980394,0.5499999999725,60.06901349045244,1.8285751012521816,1,24.52677842554356,-0.18903767881762482,26.75407697476924,8.626198083067086,-0.7589025102159964,19.607843137254903,1,
MPOW,2026-07-24,103.0,109.0,100.0,103.0,30664900.0,0,,1.0,2.476566828352724,3158484700.0,7.766990291262135,7.766990291262135,21.35922330097087,0.3333333332962963,61.829669364126204,1.801222810726754,1,23.49145968915909,-0.20815457276992183,44.54925505479876,9.167991520932704,0.684261974584558,8.737864077669903,2,
MPOW,2026-07-28,101.0,108.0,100.0,104.0,14260700.0,0,,1.0,1.0884755106939759,1483112800.0,6.730769230769231,6.730769230769231,19.230769230769234,0.4999999999375,61.8167441506361,1.5481551175036143,1,22.234348713912613,-0.1796998659462837,37.76213953320088,8.786610878661094,2.645084879589427,7.6923076923076925,1,
MSIN,2026-07-16,460.0,462.0,452.0,460.0,21109600.0,0,,1.0,0.5769422873229767,9710416000.0,13.043478260869565,55.434782608695656,16.08695652173913,0.79999999992,40.40134858040929,1.3007101889588242,1,16.018090548374403,-0.09706676120625866,8.366554485859092,-7.033144704931288,-14.997412964742402,2.1739130434782608,0,
MSIN,2026-07-17,460.0,460.0,454.0,456.0,16544800.0,0,,1.0,0.5909278178927392,7544428800.0,14.035087719298245,41.44736842105263,15.350877192982457,0.33333333327777775,39.68117509215656,1.5349836158618082,1,15.115834274858338,0.0034596711061122814,-31.618992821306723,-6.192141534663654,-14.603543203865316,1.3157894736842104,0,
MSIN,2026-07-20,456.0,458.0,442.0,450.0,26280400.0,0,,1.0,0.9997928542909692,11826180000.0,15.555555555555555,33.33333333333333,17.333333333333336,0.49999999996875,38.57053617751001,1.4723456957800565,1,14.19525435041468,0.04685721113067135,-41.74439584712216,-6.073888541014407,-14.575344546110328,3.5555555555555554,0,
MSIN,2026-07-21,450.0,450.0,438.0,448.0,23669100.0,0,,1.0,0.9166613899508481,10603756800.0,13.839285714285715,27.232142857142854,16.071428571428573,0.8333333332638889,38.1868592085955,1.4788079604169049,1,13.473964223100497,0.0888955458325638,-64.81614518501479,-5.335446381405177,-14.067595043541647,2.6785714285714284,0,
MSIN,2026-07-22,448.0,448.0,418.0,428.0,30829800.0,0,,1.0,1.1793398064194678,13195154400.0,12.149532710280374,25.0,14.485981308411214,0.3333333333222222,34.49188303545701,0.3761536683598763,1,13.443640278654076,0.0861125421324564,-94.86787582696408,-8.62510674637062,-17.038185694902108,7.009345794392523,0,
MSIN,2026-07-23,428.0,428.0,402.0,410.0,46798300.0,0,,1.0,1.698770851082443,19187303000.0,17.073170731707318,29.268292682926827,19.024390243902438,0.3076923076804734,31.534479659769445,-1.2370924368979779,0,13.877784439773519,0.03775534987476955,-140.48510026893695,-11.380092942829348,-19.70231100665884,6.341463414634147,0,
MSIN,2026-07-24,410.0,410.0,378.0,386.0,28968400.0,0,,1.0,1.0535315987834075,11181802400.0,23.316062176165804,34.715025906735754,25.38860103626943,0.24999999999218753,28.077651020507062,-3.4658849712666857,0,14.89793428726106,0.019882521113659714,-181.93651409797047,-15.526862895283946,-23.627873847493177,8.290155440414509,0,
MSIN,2026-07-27,380.0,390.0,372.0,386.0,26460700.0,0,,1.0,0.9398716501752444,10213830200.0,23.316062176165804,34.715025906735754,26.94300518134715,0.7777777777345679,28.077651020368947,-4.42412971017961,0,15.989340430637137,0.021870745839633672,-217.967033610591,-14.412416851441243,-22.837038221653607,4.66321243523316,0,
MSIN,2026-07-28,384.0,424.0,376.0,400.0,83371100.0,0,,1.0,2.6834844925965355,33348440000.0,16.0,30.0,23.0,0.4999999999895834,33.04326133669572,-3.6322561528975683,0,15.642242879976967,0.057294310129252964,-64.34555670068819,-10.7541276215975,-19.2473856341099,12.0,1,
MTDL,2026-07-22,510.0,520.0,505.0,515.0,5579300.0,0,,1.0,4.023886711213842,2873339500.0,1.9417475728155338,1.9417475728155338,4.854368932038835,0.6666666666222222,54.63149813540605,1.390155560650011,1,27.19937816052905,0.3583358591080478,-26.609120566780074,1.1489737798291315,1.1684464212896477,2.912621359223301,0,
MTDL,2026-07-23,515.0,525.0,510.0,515.0,2056600.0,0,,1.0,1.408919641022127,1059149000.0,1.9417475728155338,1.9417475728155338,3.8834951456310676,0.3333333333111111,54.63149813431899,1.035305058353716,1,27.843061181232873,0.31915417505271115,-26.609120566780074,1.0001961168856683,1.2928109396927319,2.912621359223301,0,
MTDL,2026-07-28,510.0,520.0,505.0,510.0,3764900.0,0,,1.0,2.1539438529443724,1920099000.0,2.941176470588235,2.941176470588235,3.9215686274509802,0.3333333333111111,49.34458691061083,-0.28634992356033506,0,29.511147901431453,0.15134921357645875,-50.64130243566984,-0.24449877750611246,0.6836617812904372,2.941176470588235,0,
MYOR,2026-07-16,1770.0,1785.0,1740.0,1740.0,8045400.0,0,,1.0,1.2599710119280199,13998996000.0,3.7356321839080464,14.367816091954023,5.747126436781609,0.0,47.89095381904863,-7.869874898810058,0,17.85868547197663,0.0849857487578122,0.601339388807636,-3.212348769294952,-0.5183943834343521,2.586206896551724,0,
MYOR,2026-07-17,1740.0,1755.0,1725.0,1750.0,5605000.0,0,,1.0,1.0266019019151023,9808750000.0,2.0,11.428571428571429,4.571428571428571,0.8333333333055556,49.10713940369959,-6.152720849564597,0,17.001168859137813,-0.08725199300629878,25.394501063031722,-2.001959960800784,0.004772967756701001,1.7142857142857144,1,
MYOR,2026-07-20,1750.0,1785.0,1745.0,1785.0,3562800.0,0,,1.0,0.6777816670978738,6359598000.0,0.0,6.442577030812324,4.481792717086835,0.9999999999750001,53.22222624352389,-2.530321249029551,0,16.85200442070658,0.0026196815411780325,37.0659014148641,0.1402524544179523,1.9707966336270426,2.2408963585434174,2,
MYOR,2026-07-21,1790.0,1810.0,1760.0,1760.0,3577000.0,0,,1.0,0.6719074319310998,6295520000.0,2.840909090909091,7.954545454545454,5.965909090909091,0.0,50.10573286578003,-1.7269355355799658,0,17.196622689144803,-0.01764944855421023,15.308072011041531,-1.1097064194409327,0.5543932431670192,2.840909090909091,0,
MYOR,2026-07-22,1760.0,1850.0,1740.0,1795.0,16140000.0,0,,1.0,2.8337266138547106,28971300000.0,3.064066852367688,5.8495821727019495,8.07799442896936,0.4999999999954545,54.15329923642881,1.100427944656806,1,18.190601607952654,-0.023439205514991998,33.61003187763703,1.0271563247502462,2.462938216564628,6.128133704735376,1,
MYOR,2026-07-23,1800.0,1815.0,1745.0,1750.0,6515100.0,0,,1.0,1.1748042173291329,11401425000.0,5.714285714285714,8.571428571428571,8.0,0.07142857142755102,48.68482583004125,-0.059754790772929334,0,19.113582032559947,-0.1470104255781482,46.56992972747974,-1.1020062164453235,-0.1541822516439528,4.0,0,
MYOR,2026-07-24,1745.0,1745.0,1700.0,1705.0,5145000.0,0,,1.0,0.9068684044932728,8772225000.0,8.504398826979472,10.850439882697946,8.797653958944283,0.11111111110864198,43.90968495845771,-3.6582993532170134,0,18.698547542993882,-0.1768928325571029,11.66655345918522,-3.19375443577005,-2.7348994802620465,2.6392961876832843,0,
MYOR,2026-07-27,1705.0,1740.0,1700.0,1740.0,3979400.0,0,,1.0,0.7051054318137319,6924156000.0,6.321839080459771,7.471264367816093,8.620689655172415,0.9999999999750001,48.16793621185701,-3.4827691080021586,0,18.313158374111108,-0.15067034796326706,11.668809720701901,-0.8405755805670323,-0.7913883744660579,2.2988505747126435,1,
MYOR,2026-07-28,1735.0,1745.0,1710.0,1710.0,2411100.0,0,,1.0,0.45849603943168615,4122981000.0,8.187134502923977,9.064327485380117,8.771929824561402,0.0,45.01348418252916,-5.091133687689158,0,18.061826039193498,-0.16860329112971076,15.806667433278626,-2.201887331998856,-2.5207132107000514,2.046783625730994,0,
NRCA,2026-07-16,462.0,540.0,458.0,515.0,31091700.0,1,,0.35,6.581472759505727,16012225500.0,4.854368932038835,4.854368932038835,24.854368932038835,0.695121951211035,68.7234781857307,10.17565047340492,1,32.599533707882095,-0.03562754364214954,141.34865179611216,17.298713130622932,14.57196247302758,15.922330097087379,2,25.0
NRCA,2026-07-17,515.0,520.0,490.0,500.0,8276100.0,1,,0.35,1.6604337620127196,4138050000.0,8.0,8.0,25.6,0.3333333333222222,63.529925003294935,10.737708938422616,1,33.53144615645808,-0.03746844483889617,134.54379788776146,13.417262107292723,11.545902144306714,6.0,0,25.0
NRCA,2026-07-20,510.0,525.0,505.0,510.0,5310500.0,1,,0.35,1.0387245428868737,2708355000.0,5.88235294117647,5.88235294117647,25.098039215686274,0.2499999999875,65.40683387963551,11.171021898016274,1,34.5080143055371,-0.05028931054946393,194.81840092796463,14.877801554229084,13.998133033361704,3.9215686274509802,1,25.0
NRCA,2026-07-21,510.0,540.0,510.0,535.0,10616500.0,0,,1.0,1.93278534822542,5679827500.0,0.9345794392523363,0.9345794392523363,23.925233644859816,0.8333333333055556,69.61668195746205,12.432728626361424,1,35.73429500771395,0.02066320653521025,229.3140932730838,19.446304978789914,19.514090979575457,5.607476635514018,2,
NRCA,2026-07-22,535.0,535.0,505.0,515.0,4799500.0,0,,1.0,0.856990062343594,2471742500.0,4.854368932038835,4.854368932038835,24.854368932038835,0.3333333333222222,63.010318593625584,11.247384193517687,1,36.5532487589092,0.026670698037432716,234.49464594127804,13.975876950315364,15.03260590254652,5.825242718446602,0,
NRCA,2026-07-23,515.0,530.0,505.0,510.0,6196900.0,0,,1.0,1.0647137150466044,3160419000.0,5.88235294117647,5.88235294117647,24.313725490196077,0.199999999992,61.44057365686063,9.522043107534135,1,37.313705813590495,-0.01830639584504848,-20.133359812718528,12.075596088341937,13.927696170155132,4.901960784313726,0,
NRCA,2026-07-24,510.0,510.0,488.0,496.0,4005700.0,0,,1.0,0.680429147514362,1986827200.0,8.870967741935484,8.870967741935484,17.338709677419356,0.3636363636198347,57.14760089357925,6.952626174842161,1,36.92382059202296,-0.01803870507125455,11.089130278397237,8.14346451542571,10.858544675209217,4.435483870967742,0,
NRCA,2026-07-27,490.0,500.0,480.0,490.0,2116200.0,0,,1.0,0.3572709845211273,1036938000.0,10.204081632653061,10.204081632653061,16.73469387755102,0.499999999975,55.36224635132876,4.483546804388908,1,36.08920025193049,-0.010095420976168711,-47.628396246456326,5.980317940953818,9.604557083166307,4.081632653061225,0,
NRCA,2026-07-28,494.0,494.0,470.0,480.0,2917400.0,0,,1.0,0.48556083158159274,1400352000.0,12.5,12.5,17.083333333333332,0.4166666666493056,52.42270656708658,1.941300729278531,1,34.74817886214209,-0.009399502792564888,-82.56152235903015,2.949061662198391,7.501262445970311,5.0,0,
NZIA,2026-07-16,146.0,150.0,145.0,148.0,10492000.0,0,,1.0,0.6455411698618657,1552816000.0,7.4324324324324325,18.91891891891892,16.89189189189189,0.59999999988,48.4043508100914,0.9549660877841344,1,28.805313143825973,-0.32268567329153075,22.476506133667467,2.174663444943049,-6.198504246419065,3.3783783783783785,4,
NZIA,2026-07-17,148.0,152.0,143.0,147.0,9637000.0,0,,1.0,0.6148608492123471,1416639000.0,3.4013605442176873,16.3265306122449,12.244897959183673,0.4444444443950617,47.854193473767644,1.1989827928192245,1,28.903789918361227,-0.27998751595841037,14.686041106687414,2.0479000347101617,-6.64295694144545,6.122448979591836,0,
NZIA,2026-07-23,150.0,156.0,146.0,147.0,17082000.0,0,,1.0,1.5427382384497836,2511054000.0,6.122448979591836,12.244897959183673,12.244897959183673,0.09999999999,48.137757559206435,1.4407681153846834,1,29.804525843896553,-0.24234841560807777,-24.209033509387528,2.7612722824187266,-5.696689761354885,6.802721088435375,0,
OPMS,2026-07-17,103.0,108.0,102.0,102.0,10079900.0,0,,1.0,0.4696771031072617,1028149800.0,8.823529411764707,8.823529411764707,15.686274509803921,0.0,54.724750606511606,1.6401716579704195,1,38.68106664690417,-0.2684755543906048,-3.0499919897217134,6.360792492179347,-1.639344262295085,5.88235294117647,0,
OPMS,2026-07-20,102.0,107.0,101.0,103.0,13815200.0,0,,1.0,0.6244254148990313,1422965600.0,7.766990291262135,7.766990291262135,12.62135922330097,0.33333333327777775,56.3450300661915,1.4729724260046906,1,39.411512163538326,-0.2708334721419547,2.3746941173144522,6.957424714434063,-0.11636927851047764,5.825242718446602,1,
OPMS,2026-07-24,100.0,118.0,97.0,99.0,145867300.0,1,,0.6,4.894406928463733,14440862700.0,19.19191919191919,19.19191919191919,21.21212121212121,0.0952380952335601,47.89954887920247,0.4307705843634303,1,41.60493808510602,-0.40616958773192513,-57.891183380834676,0.15174506828528647,-1.9024970273483963,21.21212121212121,0,13.0
OPMS,2026-07-27,100.0,111.0,98.0,100.0,54273600.0,1,,0.6,1.788862326724727,5427360000.0,18.0,18.0,21.0,0.15384615383431952,50.09862766852846,0.2789646449771118,1,42.89090462668374,-0.42104457606766577,-39.30569326155787,0.5530417295123149,-0.3785614664275707,13.0,1,13.0
OPMS,2026-07-28,100.0,110.0,100.0,104.0,28790100.0,0,,1.0,0.9539968984439201,2994170400.0,13.461538461538462,13.461538461538462,20.192307692307693,0.39999999996,57.775861647605225,0.422348135001087,1,44.085016415291626,-0.4151534902183831,-26.704930213310256,3.7924151696606754,4.083266613290631,9.615384615384617,2,
PAMG,2026-07-20,51.0,66.0,51.0,63.0,367373500.0,0,,1.0,13.861260058297708,23144530500.0,4.761904761904762,4.761904761904762,25.396825396825395,0.7999999999466667,75.74751267144725,0.9327230353135498,1,53.92243541368704,0.30834408813985353,324.5433705080545,21.504339440694306,17.845117845117844,23.809523809523807,1,
PAMG,2026-07-21,60.0,61.0,56.0,57.0,58389000.0,0,,1.0,2.013012578872211,3328173000.0,15.789473684210526,15.789473684210526,28.07017543859649,0.19999999996,58.16002210215848,0.9563246103987291,1,55.92112414482296,0.2261500294040951,268.23564068405835,9.300095877277089,6.741573033707867,8.771929824561402,0,
PAMG,2026-07-22,58.0,60.0,56.0,58.0,36258100.0,1,,1.0,1.2550708679705989,2102969800.0,13.793103448275861,13.793103448275861,27.586206896551722,0.499999999875,59.83391784788656,0.9866521528412063,1,57.77704939516346,0.2938479785694643,299.9298948597722,10.476190476190476,8.695652173913045,6.896551724137931,1,6.0
PAMG,2026-07-23,58.0,60.0,56.0,57.0,22011700.0,1,,1.0,0.743304654210212,1254666900.0,15.789473684210526,15.789473684210526,28.07017543859649,0.2499999999375,57.36248071134811,0.8897214739600063,1,59.500408556193925,0.2723199326404873,280.68883107982896,7.95454545454546,6.941838649155728,7.017543859649122,0,6.0
PAMG,2026-07-27,55.0,68.0,54.0,63.0,254164600.0,0,,1.0,6.066022891327887,16012369800.0,7.936507936507936,7.936507936507936,28.57142857142857,0.6428571428112245,64.99517629265361,0.9758638176959784,1,60.972733073122185,0.27540091224016544,41.835229128961146,17.64705882352942,18.2876455125798,22.22222222222222,1,
PAMG,2026-07-28,70.0,70.0,59.0,59.0,124016600.0,0,,1.0,2.5901101944369374,7316979400.0,18.64406779661017,18.64406779661017,33.89830508474576,0.0,57.00488629694348,0.8661246625046185,1,62.23657188188317,0.11608214639896254,32.054946575761626,9.25925925925926,10.818933132982716,18.64406779661017,0,
PANI,2026-07-16,6150.0,6225.0,6025.0,6100.0,6648500.0,1,,0.6,1.7059749537165925,40555850000.0,2.459016393442623,14.754098360655737,8.19672131147541,0.374999999998125,44.17243354676676,66.75038536970465,1,31.73785886963208,-0.19673614800876574,-1.7128630790857178,-0.48939641109298526,-11.786396589030316,3.278688524590164,0,18.0
PANI,2026-07-17,6150.0,6225.0,5950.0,6200.0,5498700.0,1,,0.6,1.378218744947947,34091940000.0,0.8064516129032258,12.903225806451612,8.064516129032258,0.9090909090876034,47.18312489423421,78.41341380288668,1,30.71783957187553,-0.15865114345165948,7.580678035192608,1.5977058582548138,-9.702068683108639,4.435483870967742,1,18.0
PANI,2026-07-20,6250.0,6400.0,6100.0,6150.0,5706400.0,1,,0.6,1.406920696754151,35094360000.0,4.0650406504065035,10.16260162601626,10.569105691056912,0.16666666666611113,45.85166724524427,81.09747818850155,1,28.989200256720032,-0.15614406328055733,-17.002521860048553,1.192924722336487,-9.622542025474907,4.878048780487805,0,18.0
PANI,2026-07-21,6175.0,6525.0,6175.0,6525.0,7512100.0,0,,1.0,1.7481464588404485,49016452500.0,0.0,3.8314176245210727,11.877394636015326,0.9999999999971428,55.90247221502156,104.95066833562453,1,26.961746435710424,-0.07247951295119931,17.501710052031697,7.495881383855024,-3.525135747913672,5.363984674329502,1,
PANI,2026-07-22,6575.0,6625.0,6350.0,6450.0,5472500.0,0,,1.0,1.2515322551136152,35297625000.0,2.7131782945736433,4.263565891472868,13.565891472868216,0.3636363636350413,53.75346963089608,111.86468023247991,1,25.465795210284586,-0.07636892798239661,-14.658745762092874,6.282183316168897,-3.9970956330646943,4.263565891472868,0,
PANI,2026-07-23,6500.0,6675.0,6350.0,6350.0,6716500.0,0,,1.0,1.4859907785162434,42649775000.0,5.118110236220472,5.118110236220472,14.173228346456693,0.0,50.94155862295644,105.94869561039866,1,24.267962576361413,-0.1620884837470049,-12.363978768158312,4.8503611971104235,-4.892709881995257,5.118110236220472,0,
PANI,2026-07-24,6350.0,6350.0,6050.0,6125.0,3769100.0,0,,1.0,0.8420744553694505,23085737500.0,8.979591836734693,8.979591836734693,14.69387755102041,0.24999999999916667,45.21088962696054,84.08255693245403,1,23.12051348514676,-0.15753747141252739,-41.614914137849915,1.2605910312047945,-7.64881873091631,4.8979591836734695,0,
PANI,2026-07-27,6125.0,6150.0,6000.0,6025.0,2146300.0,0,,1.0,0.4781200434836846,12931457500.0,10.78838174273859,10.78838174273859,13.278008298755188,0.16666666666555557,42.90094222239807,61.150996641511824,1,22.233035285488203,-0.15202166370794218,-26.671182241202185,-0.4132231404958678,-8.516872470043943,2.4896265560165975,0,
PANI,2026-07-28,6050.0,6075.0,5975.0,5975.0,1877200.0,0,,1.0,0.4404546265098686,11216270000.0,11.715481171548117,11.715481171548117,12.552301255230125,0.0,41.752275921040656,41.80526870721107,1,21.500854289054747,-0.13194195376095452,-62.05022622607702,-1.4026402640264026,-8.618684673501415,1.6736401673640167,0,
PBID,2026-07-27,494.0,515.0,490.0,515.0,3427500.0,0,,1.0,5.9180537329925995,1765162500.0,0.0,0.0,7.184466019417475,0.99999999996,79.59115105490122,3.156610298064921,1,26.87494705294954,0.6479772428179337,98.86449659348976,6.879734357165088,6.950860618812267,4.854368932038835,2,
PBID,2026-07-28,515.0,570.0,505.0,530.0,22404600.0,0,,1.0,13.483628879132644,11874438000.0,7.547169811320755,7.547169811320755,17.358490566037734,0.3846153846094674,84.16383944477246,4.718584221845528,1,30.94426338852393,0.07785169924101812,449.92820077673696,9.267085867436345,9.938080688556711,12.264150943396226,3,
PBSA,2026-07-22,775.0,830.0,770.0,805.0,1722700.0,0,,1.0,1.8879835169953565,1386773500.0,3.1055900621118013,3.1055900621118013,14.906832298136646,0.5833333333236111,62.25210734198618,6.752702404582706,1,28.526513843627168,0.023541858749836008,61.080646185767804,8.643340999542678,10.991945252582077,7.453416149068323,2,
PBSA,2026-07-23,830.0,860.0,790.0,825.0,1597800.0,0,,1.0,1.6164538777492243,1318185000.0,4.242424242424243,4.242424242424243,18.181818181818183,0.4999999999928571,64.93601724895399,8.847759240000334,1,30.000279752486676,0.020047231780378427,93.74902491029172,10.211402654947754,13.709140719856727,8.484848484848486,3,
PGAS,2026-07-16,1490.0,1505.0,1480.0,1490.0,30521300.0,0,,1.0,0.9095461775431826,45476737000.0,3.0201342281879198,6.0402684563758395,11.409395973154362,0.399999999984,49.42778945623308,17.681724706129238,1,33.45729278690283,-0.22065964116563294,12.366119733141613,2.0897567660157588,-5.477117539332272,1.6778523489932886,0,
PGAS,2026-07-17,1500.0,1510.0,1490.0,1500.0,40701800.0,0,,1.0,1.1962796466575456,61052700000.0,2.3333333333333335,5.0,9.666666666666666,0.499999999975,50.79032753368326,17.854558269727953,1,31.255109966422765,-0.1715432597992546,13.514693441500263,2.9159519725557463,-4.531910010187244,1.3333333333333335,1,
PGAS,2026-07-20,1500.0,1525.0,1500.0,1500.0,39723300.0,0,,1.0,1.1185798932537665,59584950000.0,2.3333333333333335,5.0,9.666666666666666,0.0,50.79032753353589,17.381900390882237,1,29.581742291068622,-0.22028146986954542,-0.5472031716871735,3.1282227569611547,-4.185018728834626,1.6666666666666667,0,
PGAS,2026-07-21,1510.0,1545.0,1500.0,1540.0,48584200.0,0,,1.0,1.3190480489183887,74819668000.0,0.3246753246753247,2.272727272727273,10.064935064935066,0.8888888888691359,56.25757715431462,19.042528173917507,1,28.496894047473546,-0.16538781766161706,28.10864925105306,5.896510228640193,-1.386254430076545,2.922077922077922,1,
PGAS,2026-07-22,1540.0,1570.0,1520.0,1535.0,51337300.0,0,,1.0,1.3433320101663186,78802755500.0,2.2801302931596092,2.2801302931596092,11.400651465798045,0.299999999994,55.42859158854922,19.03800858335408,1,28.02459002602932,-0.16218519645904553,11.946852785805582,5.407725321888412,-1.4735793847405376,3.257328990228013,0,
PGAS,2026-07-23,1540.0,1580.0,1540.0,1550.0,41571400.0,0,,1.0,1.0504579331919124,64435670000.0,1.935483870967742,1.935483870967742,11.612903225806452,0.24999999999375003,57.454080171780625,19.22300560648881,1,27.78869954970652,-0.18894856383056413,25.03418900285223,6.328245583947865,-0.28783814022292825,2.5806451612903225,1,
PGAS,2026-07-24,1550.0,1550.0,1500.0,1515.0,32459900.0,0,,1.0,0.811456521445667,49176748500.0,4.29042904290429,4.29042904290429,7.2607260726072615,0.299999999994,51.56570016094354,16.282393812821965,1,26.364285229829346,-0.2064792852419959,2.295913761689178,3.9451114922813035,-2.2880962131204825,3.3003300330033,0,
PGAS,2026-07-27,1510.0,1535.0,1500.0,1530.0,31769300.0,0,,1.0,0.8556164566921818,48607029000.0,3.2679738562091507,3.2679738562091507,6.862745098039216,0.8571428571183675,53.75327940247523,14.69063501703804,1,25.041614789943395,-0.09464906727801102,13.767285973131049,4.597504700051274,-1.0847328191284553,2.287581699346405,1,
PGAS,2026-07-28,1530.0,1530.0,1495.0,1495.0,43077800.0,0,,1.0,1.2180388092977752,64401311000.0,5.68561872909699,5.68561872909699,7.023411371237458,0.0,48.274429685730325,10.803387655336776,1,23.665227395954737,-0.08642236510275039,-23.44294097039762,1.7525948613238047,-3.071903241790799,2.341137123745819,0,
POWR,2026-07-17,720.0,725.0,715.0,715.0,2755500.0,0,,1.0,0.9733189451914226,1970182500.0,1.3986013986013985,1.3986013986013985,2.797202797202797,0.0,58.782557393793226,1.4585347679163179,1,37.1566033019166,0.13907811099890757,-0.2159852520739271,1.1673151750972763,1.6653147145326113,1.3986013986013985,0,
POWR,2026-07-20,720.0,730.0,715.0,725.0,5929000.0,0,,1.0,1.9949260440640093,4298525000.0,0.6896551724137931,0.6896551724137931,3.4482758620689653,0.6666666666222222,65.78474229431225,1.7150732777130075,1,38.79095705735174,0.21803093720687697,22.940914558890153,2.3649841157783267,2.9899007592111557,2.0689655172413794,1,
POWR,2026-07-21,725.0,735.0,715.0,730.0,5576100.0,0,,1.0,1.8187036750136574,4070553000.0,0.684931506849315,0.684931506849315,4.10958904109589,0.7499999999625,68.65230445211475,2.0682283112761786,1,40.6478123850367,0.19652122624217205,44.71949257135716,2.8893587033121917,3.6014251023809,2.73972602739726,2,
POWR,2026-07-22,730.0,735.0,725.0,725.0,3418200.0,0,,1.0,1.0993701022920426,2478195000.0,1.3793103448275863,1.3793103448275863,4.137931034482759,0.0,62.96895698712293,1.8205371908851182,1,42.372035189315596,0.17987355945503303,18.836339996749555,1.969057665260197,2.8221455370395008,1.3793103448275863,0,
POWR,2026-07-23,725.0,740.0,725.0,730.0,5662800.0,0,,1.0,1.714724349007026,4133844000.0,1.36986301369863,1.36986301369863,4.794520547945205,0.3333333333111111,66.00013193941324,1.843258985002807,1,44.27778423108731,0.14077078011311633,38.84354750952169,2.456140350877193,3.487664211103932,2.054794520547945,1,
POWR,2026-07-24,735.0,735.0,725.0,735.0,2959500.0,0,,1.0,0.8792452662023108,2175232500.0,0.6802721088435374,0.6802721088435374,4.081632653061225,0.9999999999,68.75447230041456,2.0300780810924506,1,46.04740834130391,0.15698046071088637,65.40239467988084,2.941176470588235,4.151660712528362,1.3605442176870748,2,
POWR,2026-07-27,735.0,735.0,725.0,725.0,1402800.0,0,,1.0,0.44872440778646233,1017030000.0,2.0689655172413794,2.0689655172413794,4.137931034482759,0.0,58.54016347298407,1.3480649053897382,1,47.69063072936217,0.17962704394071352,29.790992238851487,1.363159734358616,2.719554867908285,1.3793103448275863,0,
POWR,2026-07-28,730.0,730.0,720.0,725.0,1800700.0,0,,1.0,0.674227560694334,1305507500.0,2.0689655172413794,2.0689655172413794,4.137931034482759,0.49999999995,58.54016347204748,0.7923408770212665,1,47.62963080218306,0.00602044611253439,10.258977583703519,1.2216404886561953,2.7044828450666225,1.3793103448275863,0,
PPRE,2026-07-16,114.0,115.0,109.0,112.0,64591900.0,0,,1.0,0.69553064444365,7234292800.0,8.928571428571429,8.928571428571429,21.428571428571427,0.49999999991666666,57.86392855570163,1.5535133415526658,1,37.0656078454006,-0.0647436331022791,36.27686624508454,8.160309029454373,8.317214700193418,5.357142857142857,0,
PPRE,2026-07-17,112.0,117.0,110.0,113.0,115529500.0,0,,1.0,1.215534584491698,13054833500.0,7.964601769911504,7.964601769911504,20.353982300884958,0.4285714285102041,58.62656678779881,1.6254908792413345,1,38.3369170279161,-0.050903854796045804,45.9367576638564,8.60163382988948,9.81535471331389,6.1946902654867255,1,
PPRE,2026-07-20,113.0,117.0,113.0,114.0,38395000.0,0,,1.0,0.40852772226882006,4377030000.0,7.017543859649122,7.017543859649122,19.298245614035086,0.2499999999375,59.41758610742812,1.642776534546267,1,39.517418411680495,-0.058168169071544304,46.27694007845255,9.038737446197995,11.241217798594844,3.508771929824561,2,
PPRE,2026-07-21,118.0,122.0,113.0,114.0,90818300.0,0,,1.0,1.208009189660993,10353286200.0,7.017543859649122,7.017543859649122,19.298245614035086,0.11111111109876542,59.41758610620472,1.5573143510772032,1,40.93479886355477,-0.0575919264200345,46.27694007845255,8.934543717152406,11.480539800508502,7.894736842105263,0,
PPRE,2026-07-22,115.0,117.0,111.0,113.0,48577900.0,0,,1.0,0.6545346166161833,5489302700.0,7.964601769911504,7.964601769911504,19.469026548672566,0.33333333327777775,58.128668160557055,1.3445647834619594,1,41.78252467767509,-0.04182922116506247,2.4052248560970906,7.363420427553444,10.762595569496183,5.3097345132743365,0,
PPRE,2026-07-23,111.0,118.0,110.0,111.0,103416100.0,0,,1.0,1.3644314584161232,11479187100.0,9.90990990990991,9.90990990990991,18.91891891891892,0.124999999984375,55.53398813705474,0.9963044343800198,1,42.56969864792968,-0.11583403796646358,0.11844780547293286,5.213270142180095,9.058754175673018,7.207207207207207,0,
PPRE,2026-07-24,111.0,113.0,103.0,105.0,50028600.0,0,,1.0,0.6909792366875906,5253003000.0,16.19047619047619,16.19047619047619,20.0,0.19999999998,48.534730271754,0.32382350111840674,1,41.73846173622022,-0.08385011191298039,-9.374998746677838,-0.5681818181818128,3.468663776113516,9.523809523809524,0,
PPRE,2026-07-27,105.0,107.0,101.0,106.0,20790500.0,0,,1.0,0.28756779171574326,2203793000.0,15.09433962264151,15.09433962264151,19.81132075471698,0.8333333331944445,49.673211261127236,-0.07063446390506378,0,40.5720987822054,-0.06647249220941705,-10.160137906730869,0.04719207173194635,4.743083003952566,5.660377358490567,1,
PPRE,2026-07-28,105.0,107.0,103.0,105.0,15309600.0,0,,1.0,0.21409497758656496,1607508000.0,16.19047619047619,16.19047619047619,20.0,0.499999999875,48.51738229274919,-0.3976292177036256,0,39.489047467763065,-0.056334994348824094,-11.018416585270083,-1.4084507042253522,4.063429137760153,3.8095238095238098,0,
PRDA,2026-07-16,2410.0,2410.0,2360.0,2390.0,528800.0,0,,1.0,0.4216149414977373,1263832000.0,19.246861924686193,19.246861924686193,21.338912133891213,0.599999999988,43.67420896575302,-18.014404689697987,0,21.170430583007352,-0.15207266872469877,-77.03947567126762,-4.4382247101159535,-4.864262399490479,2.092050209205021,0,
PRDA,2026-07-17,2390.0,2410.0,2360.0,2390.0,564600.0,0,,1.0,0.46044315410900216,1349394000.0,19.246861924686193,19.246861924686193,21.338912133891213,0.599999999988,43.67420896569541,-17.708339420978113,0,19.98947143941727,-0.14002142884558547,-70.10264679277932,-4.131568391496189,-4.818797291915571,2.092050209205021,0,
PRDA,2026-07-20,2400.0,2420.0,2390.0,2390.0,455000.0,0,,1.0,0.37128914856462036,1087450000.0,19.246861924686193,19.246861924686193,21.338912133891213,0.0,43.67420896563336,-16.506140793168782,0,19.000189442694126,-0.17017746500403608,-53.0160692212608,-3.7454691904953687,-4.773288708263614,1.2552301255230125,0,
PRDA,2026-07-21,2400.0,2410.0,2370.0,2390.0,561600.0,0,,1.0,0.46038069942452375,1342224000.0,19.246861924686193,19.246861924686193,21.338912133891213,0.49999999998750005,43.67420896556654,-14.767663541762406,0,17.83273575454684,-0.19243292822054214,-10.46990931574608,-3.336703741152679,-4.666932588751496,1.6736401673640167,0,
PRDA,2026-07-24,2380.0,2390.0,2350.0,2380.0,590900.0,0,,1.0,0.5046610042830846,1406342000.0,2.941176470588235,19.747899159663866,4.621848739495799,0.7499999999812501,42.912811209607796,-9.54881495111836,0,14.852669469659876,-0.16840655761347798,-15.555117074454081,-3.173311635475997,-4.632152588555854,1.680672268907563,0,
PRIM,2026-07-24,100.0,104.0,100.0,104.0,13939000.0,0,,1.0,1.400609620386461,1449656000.0,0.0,0.0,14.423076923076922,0.99999999975,73.05696200003962,0.4945842896351653,1,30.46473443326816,0.16825340729766178,3.2732587545256013,10.111169931180514,18.802832990632844,3.8461538461538463,5,
PRIM,2026-07-27,105.0,110.0,103.0,107.0,36483600.0,0,,1.0,3.236881189436458,3903745200.0,2.803738317757009,2.803738317757009,19.626168224299064,0.5714285713469388,76.0393659877364,0.8282948330753426,1,31.830075052849807,0.15674606384058956,5.413550739338441,12.159329140461208,21.673868546736415,6.5420560747663545,6,
PRIM,2026-07-28,103.0,108.0,101.0,102.0,15431400.0,0,,1.0,1.298526226503688,1574002800.0,7.8431372549019605,7.8431372549019605,20.588235294117645,0.1428571428367347,63.43593744622764,0.6438676527028027,1,32.43954417116323,0.08891008931740452,3.8132730553864036,6.194690265486729,15.593834995466915,6.862745098039216,0,
PSKT,2026-07-17,193.0,200.0,193.0,199.0,6974900.0,1,,1.0,1.029382464974667,1388005100.0,2.512562814070352,5.527638190954774,10.552763819095476,0.8571428570204082,54.39731463377675,2.505681912958117,1,17.896315051831138,-0.10059690526287036,202.57313889192216,5.4583995760466415,-1.3190518694832871,3.5175879396984926,1,9.0
PSKT,2026-07-20,199.0,202.0,195.0,198.0,7458200.0,1,,1.0,1.1010111522736716,1476723600.0,2.0202020202020203,6.0606060606060606,8.080808080808081,0.4285714285102041,53.582531903740026,2.4856292244661917,1,18.311854491075923,-0.07529417804361382,58.44356958993488,4.761904761904762,-1.2271774917689355,3.535353535353535,0,9.0
PSKT,2026-07-21,202.0,224.0,202.0,216.0,28808700.0,0,,1.0,3.994301520287835,6222679200.0,3.7037037037037033,3.7037037037037033,17.59259259259259,0.6363636363347107,64.0272212771818,3.520155413733878,1,20.144608303633007,-0.03168412001703409,102.1979393830633,13.863995782814978,8.097287558802927,10.185185185185185,1,
PSKT,2026-07-22,216.0,220.0,210.0,216.0,13027700.0,0,,1.0,1.7997652846458994,2813983200.0,3.7037037037037033,3.7037037037037033,17.59259259259259,0.59999999994,64.02722127631984,4.004698545718364,1,21.84645112957887,0.042321956484793685,102.1979393830633,13.089005235602095,8.379327646763667,4.62962962962963,0,
PSKT,2026-07-23,218.0,226.0,214.0,216.0,10879000.0,0,,1.0,1.4788885565917185,2349864000.0,4.62962962962963,4.62962962962963,18.51851851851852,0.16666666665277777,64.02722127539155,4.109994882639064,1,23.736820024794632,-0.06560296396802331,120.51207869231881,12.47071075240822,8.706592853548068,5.555555555555555,0,
PSKT,2026-07-24,214.0,216.0,204.0,208.0,8471900.0,0,,1.0,1.1236537747360602,1762155200.0,8.653846153846153,8.653846153846153,19.230769230769234,0.33333333330555553,56.91780773040205,3.4521580474244784,1,24.198788630610018,-0.05087695061770771,42.25387232562641,7.549120992761113,5.209914011127978,5.769230769230769,0,
PSKT,2026-07-28,212.0,230.0,206.0,218.0,13113000.0,0,,1.0,1.6742058917032774,2858634000.0,5.5045871559633035,5.5045871559633035,17.431192660550458,0.49999999997916666,62.74366111228782,3.100155881447946,1,25.94692235516556,-0.023500513619024957,14.913485730161916,10.407698151430749,11.235840391876728,11.009174311926607,2,
PTBA,2026-07-16,2420.0,2430.0,2400.0,2420.0,4940900.0,0,,1.0,0.3825608792032414,11956978000.0,1.2396694214876034,3.4406677750516526,7.43801652892562,0.6666666666444444,49.439042392151514,21.405396577014542,1,42.41752405055333,-0.12964794377082806,17.09859669675533,2.017660362452558,-4.018743550438689,1.2396694214876034,0,
PTBA,2026-07-17,2420.0,2440.0,2400.0,2410.0,15088000.0,0,,1.0,1.2241084789876115,36362080000.0,1.6597510373443984,3.869882164159751,5.394190871369295,0.24999999999375003,48.054418207110004,20.30833273975992,1,39.92800095678034,-0.09706198073511903,2.3677635862229587,1.6116794099099683,-4.11915917230122,1.6597510373443984,0,
PTBA,2026-07-20,2420.0,2450.0,2420.0,2440.0,13428700.0,0,,1.0,1.2146222841903367,32766028000.0,0.4098360655737705,2.459016393442623,5.327868852459016,0.6666666666444444,52.364618469689745,20.905165742917283,1,37.36695186705612,0.029092039267230918,4.827618992882529,2.910164487557992,-2.684277851233988,1.2295081967213115,1,
PTBA,2026-07-21,2450.0,2450.0,2410.0,2420.0,12797400.0,0,,1.0,1.1963708942352185,30969708000.0,1.2396694214876034,3.3057851239669422,5.371900826446281,0.24999999999375003,49.42053767212492,19.293883204872735,1,35.22022484928154,-0.03986135289372606,-10.91303960541036,2.195945945945946,-3.2406993808229347,1.6528925619834711,0,
PTBA,2026-07-22,2420.0,2450.0,2400.0,2430.0,9281500.0,0,,1.0,0.885980432351578,22554045000.0,0.823045267489712,0.823045267489712,5.349794238683128,0.599999999988,50.90677455621362,18.253617969026998,1,33.45916037756127,0.0073883491680986355,-3.9066427722730426,2.5965801139962,-2.5977562258446842,2.05761316872428,1,
PTBA,2026-07-23,2430.0,2460.0,2420.0,2440.0,18558900.0,0,,1.0,1.759913137069893,45283716000.0,0.819672131147541,0.819672131147541,4.508196721311475,0.49999999998750005,52.412653292387446,17.584184050697235,1,31.536299001831097,0.07066327586796547,10.103055895669872,2.866779089376054,-1.9669937641068038,1.639344262295082,2,
PTBA,2026-07-24,2440.0,2440.0,2370.0,2390.0,12444000.0,0,,1.0,1.205050871371665,29741160000.0,2.928870292887029,2.928870292887029,4.602510460251046,0.2857142857102041,44.98295609181251,13.313135108749627,1,30.84518226584042,0.03470349282916608,10.86183364303828,0.6951759005687803,-3.733042967452859,2.928870292887029,0,
PTBA,2026-07-27,2390.0,2390.0,2330.0,2360.0,10881400.0,0,,1.0,1.061654377419331,25680104000.0,4.23728813559322,4.23728813559322,5.508474576271186,0.4999999999916667,41.208473477167644,8.254569036457266,1,30.89416960458629,0.06093633134842528,-6.174854302991625,-0.6524942117448959,-4.677327731138352,2.5423728813559325,0,
PTBA,2026-07-28,2350.0,2360.0,2330.0,2330.0,9691400.0,0,,1.0,0.980058835486151,22580962000.0,5.579399141630901,5.579399141630901,5.579399141630901,0.0,37.793327646824146,2.9487670434387816,1,30.939657847707448,0.014157266583360568,-3.5230741483102324,-1.9978969505783386,-5.603933623097307,1.2875536480686696,0,
PTPP,2026-07-16,210.0,212.0,199.0,208.0,7390300.0,0,,1.0,1.5107681300148206,1537182400.0,3.8461538461538463,3.8461538461538463,19.71153846153846,0.6923076922544379,60.48949255145817,4.477621217909816,1,38.08982243181888,-0.015028577535454167,25.23188522232214,10.579479000531636,2.2816679779700952,6.25,0,
PTPP,2026-07-21,240.0,240.0,216.0,220.0,16808600.0,0,,1.0,2.917645588494388,3697892000.0,9.090909090909092,9.090909090909092,23.18181818181818,0.1666666666597222,67.46404239194699,4.700005428656338,1,38.84839558191539,-0.015374423135590143,45.13026123873522,14.434330299089726,9.474522292993626,10.909090909090908,3,
PTPP,2026-07-22,218.0,220.0,210.0,214.0,7028700.0,0,,1.0,1.1717986100865005,1504141800.0,12.149532710280374,12.149532710280374,23.83177570093458,0.39999999996,61.27658117291333,4.146644425636872,1,39.244693030837674,-0.007439593664077145,19.030562755418448,10.451612903225808,6.850409426802476,4.672897196261682,0,
PTPP,2026-07-23,210.0,228.0,210.0,218.0,8407100.0,0,,1.0,1.365826634521032,1832747800.0,10.091743119266056,10.091743119266056,22.93577981651376,0.44444444441975306,63.66886404459706,3.8296650433694994,1,39.99427101690922,-0.04538612252119157,43.97165333042172,11.680327868852466,9.08726981585268,8.256880733944955,1,
PTPP,2026-07-24,218.0,220.0,204.0,208.0,5864600.0,0,,1.0,0.9420310224825855,1219836800.0,15.384615384615385,15.384615384615385,22.596153846153847,0.249999999984375,54.58919139852543,2.775285789775839,1,39.92008769849257,-0.05213857648986595,30.724750190905116,5.82548969727804,4.41767068273093,7.6923076923076925,0,
PTPP,2026-07-27,202.0,208.0,199.0,200.0,5695600.0,0,,1.0,0.9061606066102185,1139120000.0,20.0,20.0,21.0,0.11111111109876542,48.61611572316907,1.4353007753346696,1,39.248694986972,-0.07154992642442051,13.118401751548541,1.1889704022261545,0.8064516129032229,4.5,0,
PTRO,2026-07-16,4000.0,4170.0,3940.0,4080.0,34692900.0,1,,1.0,1.3722621327656463,141547032000.0,2.2058823529411766,9.068627450980392,8.333333333333332,0.6086956521712665,51.46750766668423,41.74608171998523,1,10.773947786676997,-0.18432994184213236,3.078647504066599,3.4220532319391634,-2.7853892158497855,5.637254901960785,2,10.0
PTRO,2026-07-17,4110.0,4140.0,4050.0,4070.0,20742300.0,1,,1.0,0.8234272011680731,84421161000.0,2.457002457002457,9.336609336609335,8.353808353808354,0.22222222221975307,51.143957988904525,44.86195885448788,1,11.044584396866247,-0.16307409161139336,1.2692654446692835,3.4176089442256385,-2.2879504477468653,2.211302211302211,0,9.0
PTRO,2026-07-20,4080.0,4150.0,4070.0,4120.0,20205700.0,1,,0.6,0.8036034230211976,83247484000.0,1.2135922330097086,8.009708737864079,8.25242718446602,0.6249999999921875,52.74360126100644,48.56863889809168,1,11.340205085256601,-0.11130659472413984,1.9309725574458345,4.581799720776749,-0.4398047460248374,1.9417475728155338,1,11.0
PTRO,2026-07-21,4140.0,4470.0,4100.0,4470.0,74662400.0,1,,0.6,2.7668301598510125,333740928000.0,0.0,0.0,14.317673378076062,0.9999999999972973,62.098584548575865,71.4859138593067,1,12.82733607408249,-0.03549157360873643,30.8672251103363,13.250570053204966,8.32162070469635,8.277404921700224,2,11.0
PTRO,2026-07-22,4500.0,4900.0,4480.0,4690.0,121500700.0,1,,0.6,3.9083822575264877,569838283000.0,4.477611940298507,4.477611940298507,22.81449893390192,0.49999999999880956,66.57738887814472,96.78342896724698,1,15.296575914648884,0.03029688773502372,60.273155974730855,17.67657759377744,13.779718583212034,8.955223880597014,3,11.0
PTRO,2026-07-23,4690.0,5200.0,4680.0,4910.0,158682200.0,0,,1.0,4.2851514324192,779129602000.0,5.906313645621181,5.906313645621181,27.29124236252546,0.44230769230684175,70.35057030209748,122.0261059302288,1,18.131948337091707,-0.00824712387999891,101.9789709155518,21.806003473083603,19.386291244194815,10.590631364562118,4,
PTRO,2026-07-24,4820.0,5000.0,4640.0,4660.0,86906200.0,0,,1.0,2.176469262382325,404982892000.0,11.587982832618025,11.587982832618025,28.75536480686695,0.05555555555540124,61.81101598732731,115.63872439533695,1,20.539933993420643,-0.09713699835217036,78.26291490414623,14.48225033779634,13.509036878257916,7.725321888412018,0,
PTRO,2026-07-27,4660.0,4890.0,4560.0,4710.0,56831100.0,0,,1.0,1.350602233833369,267674481000.0,10.40339702760085,10.40339702760085,26.963906581740975,0.45454545454407713,62.78401364671081,108.64280716583974,1,22.321330278990633,-0.08184445518346678,93.3328965136907,14.389799635701275,14.903271449830441,7.006369426751593,1,
PTRO,2026-07-28,4710.0,4820.0,4680.0,4680.0,33956900.0,0,,1.0,0.7978447765942287,158918292000.0,11.11111111111111,11.11111111111111,26.923076923076923,0.0,61.767139711504484,96.27917705451003,1,23.975483972734192,-0.12488849497819415,79.0871301278817,12.337974075852136,14.363911832266268,2.9914529914529915,0,
PURI,2026-07-20,153.0,163.0,139.0,144.0,17908000.0,0,,1.0,10.41826046232921,2578752000.0,13.194444444444445,13.194444444444445,23.61111111111111,0.2083333333246528,59.32310296808848,0.9144599449758368,1,43.44443891223197,-0.3063000379067737,115.28853667390648,6.430155210643007,4.681593486478626,16.666666666666664,1,
PWON,2026-07-16,260.0,266.0,260.0,266.0,43158100.0,0,,1.0,0.8925137424421996,11480054600.0,0.0,0.0,9.022556390977442,0.9999999998333333,58.4711081472545,3.0645518251714337,1,26.906599426440742,-0.03473346263584836,15.570907707440263,6.4918921553292055,0.9762725184939416,2.2556390977443606,1,
PWON,2026-07-17,266.0,272.0,262.0,270.0,65524500.0,0,,1.0,1.4725867540569204,17691615000.0,0.7407407407407408,0.7407407407407408,8.88888888888889,0.79999999992,60.990539121649924,3.311933463033892,1,27.413958611048187,0.059887003263676714,25.853579042623352,7.462686567164178,2.753916599367151,3.7037037037037033,2,
PWON,2026-07-20,270.0,276.0,268.0,268.0,73035000.0,0,,1.0,1.7247154786218286,19573380000.0,2.9850746268656714,2.9850746268656714,10.44776119402985,0.0,59.06119782417327,3.180302019512018,1,28.251940784071582,0.06803166734896099,11.851255387352566,5.970739422696716,2.296563812387875,2.9850746268656714,0,
PWON,2026-07-21,268.0,274.0,266.0,272.0,54145100.0,0,,1.0,1.299386245417839,14727467200.0,1.4705882352941175,1.4705882352941175,10.294117647058822,0.74999999990625,61.67258234831893,3.1936702883566497,1,28.63028988614001,0.0204197123648117,18.124400009365708,7.086614173228346,4.071463752734428,2.941176470588235,1,
PWON,2026-07-22,272.0,276.0,268.0,270.0,29974500.0,0,,1.0,0.7373331855772517,8093115000.0,2.2222222222222223,2.2222222222222223,10.37037037037037,0.24999999996875,59.624647176655515,2.907035777552295,1,29.17868342878776,0.0643848800561545,12.074132804117035,5.633802816901411,3.50936424697203,2.9629629629629632,0,
PWON,2026-07-23,270.0,280.0,270.0,274.0,83091000.0,0,,1.0,2.0308601978922227,22766934000.0,2.18978102189781,2.18978102189781,10.948905109489052,0.39999999996,62.31961787879587,2.8236714515170886,1,30.061345349084867,0.04366460167684406,22.055833034652373,6.614785992217899,5.248094337442248,3.64963503649635,1,
PWON,2026-07-24,272.0,272.0,266.0,270.0,36257100.0,0,,1.0,0.8943764481436011,9789417000.0,3.7037037037037033,3.7037037037037033,10.37037037037037,0.6666666665555555,58.140351488629534,2.355106006071801,1,30.05985781996692,0.0589750259856134,-0.5250272921106537,4.570100697134009,3.901199403222925,2.2222222222222223,0,
PWON,2026-07-27,268.0,272.0,262.0,262.0,64665700.0,0,,1.0,1.4975052848639205,16942413400.0,6.870229007633588,6.870229007633588,9.16030534351145,0.0,50.80240967117637,1.4090285182365112,1,29.31137812830775,-0.005847958037518444,1.3786689541534065,1.1192589733693465,1.069619299217971,3.816793893129771,0,
PWON,2026-07-28,262.0,270.0,260.0,262.0,27128000.0,0,,1.0,0.6491792529700405,7107536000.0,6.870229007633588,6.870229007633588,8.396946564885496,0.19999999998,50.802409670313246,0.7205805279390689,1,28.26179012204035,-0.012354248527819226,-11.785641999873283,0.6917755572636477,1.3178061917186692,3.816793893129771,0,
PYFA,2026-07-16,218.0,220.0,206.0,212.0,10668000.0,0,,1.0,0.9001946708948024,2261616000.0,10.377358490566039,10.377358490566039,17.452830188679243,0.4285714285408163,50.62108603137274,5.154385622397955,1,29.54149631032294,-0.15365137828730138,0.9773190555824882,6.372303060712488,-9.618008185538882,6.60377358490566,0,
PYFA,2026-07-17,210.0,210.0,202.0,206.0,9801000.0,0,,1.0,0.816347948635297,2019006000.0,13.592233009708737,13.592233009708737,17.96116504854369,0.4999999999375,47.013097215488486,4.494778076365641,1,28.804358097165068,-0.12377047173381374,-0.6965629448850925,3.309929789368101,-10.853384109399347,3.8834951456310676,0,
PYFA,2026-07-20,206.0,210.0,204.0,206.0,7012600.0,0,,1.0,0.5881430377018423,1444595600.0,13.592233009708737,13.592233009708737,17.96116504854369,0.33333333327777775,47.01309721488706,3.9294863459836105,1,28.11987261351847,-0.13443049786937153,-2.5005825276364333,3.206412825651306,-9.235107507930916,2.912621359223301,0,
PYFA,2026-07-21,206.0,214.0,206.0,214.0,10473000.0,0,,1.0,0.867545809574813,2241222000.0,9.345794392523365,9.345794392523365,17.289719626168225,0.999999999875,52.27330815298464,3.9545286845625744,1,27.77292516060245,-0.12045730764014935,1.485965075232689,7.000000000000001,-4.224847833870389,3.7383177570093453,1,
PYFA,2026-07-22,216.0,218.0,206.0,208.0,7996600.0,0,,1.0,0.6743627303400822,1663292800.0,6.730769230769231,12.5,11.538461538461538,0.16666666665277777,48.39302562614717,3.4458077558877447,1,27.730962960261003,-0.10234903157929609,-4.193057868188285,3.5598705501618153,-5.454545454545454,5.769230769230769,0,
PYFA,2026-07-23,210.0,226.0,210.0,216.0,21490900.0,0,,1.0,1.6986154769084119,4642034400.0,4.62962962962963,8.333333333333332,12.962962962962962,0.3749999999765625,53.363860898428136,3.514795944270091,1,28.20786153290246,-0.12227568930011853,3.2212791841236093,6.9306930693069315,-0.8446566287183269,7.4074074074074066,1,
PYFA,2026-07-24,216.0,216.0,206.0,206.0,8699900.0,0,,1.0,0.6968435428093128,1792179400.0,9.70873786407767,13.592233009708737,13.592233009708737,0.0,47.238748616896,2.785535660660787,1,28.163954054283412,-0.13463558418445853,3.3959741844214575,1.4278680452978856,-4.434960103915384,4.854368932038835,0,
RAJA,2026-07-15,928.0,948.0,910.0,920.0,230706000.0,0,,1.0,1.3316379008806936,212249520000.0,3.4782608695652173,3.4782608695652173,19.782608695652172,0.2631578947299169,64.77731808493442,15.890904213677882,1,28.301456590743236,-0.003846558432639234,956.2034979508317,14.706191404511607,21.656429615848143,4.130434782608695,3,
RAJA,2026-07-16,915.0,935.0,870.0,875.0,239714200.0,1,,0.35,1.320523781144605,209749925000.0,8.799999999999999,8.799999999999999,19.428571428571427,0.07692307692189349,58.209363714156886,12.002335852029564,1,28.15112743717634,-0.07809825303191717,81.8137633781587,8.36060331670673,15.70007035251892,7.428571428571429,0,24.0
RAJA,2026-07-17,875.0,915.0,875.0,885.0,141368800.0,1,,0.35,0.7642187753610467,125111388000.0,7.5706214689265545,7.5706214689265545,18.983050847457626,0.24999999999375003,59.19938836140214,9.301837077335783,1,28.011536080292792,-0.07900225396549797,412.4306908245573,8.745745875727074,16.832700604492295,4.519774011299435,1,24.0
RAJA,2026-07-20,885.0,915.0,870.0,915.0,199158300.0,1,,0.35,1.0404539481439825,182229844500.0,4.043715846994536,4.043715846994536,18.360655737704917,0.9999999999777779,62.10014012888366,8.742714419230282,1,27.746332181667203,-0.015948287003093704,156.1090895142627,11.239199785294433,20.53381443944308,4.918032786885246,2,24.0
RAJA,2026-07-21,925.0,965.0,905.0,960.0,448019200.0,0,,1.0,2.220055283449392,430098432000.0,0.5208333333333333,0.5208333333333333,18.854166666666668,0.916666666651389,66.00443086793169,10.49241350193158,1,28.25385392490954,0.028211009599665274,116.34749409895547,15.750382755331268,26.015485208386174,6.25,3,
RAJA,2026-07-22,970.0,980.0,930.0,945.0,302472100.0,0,,1.0,1.5119176593175858,285836134500.0,3.7037037037037033,3.7037037037037033,20.74074074074074,0.299999999994,63.650624966928945,9.744541043476907,1,28.925672922779643,0.08254653602923392,27.351619186767838,12.500843190654583,23.80640362164436,5.291005291005291,0,
RAJA,2026-07-23,945.0,975.0,895.0,910.0,346094800.0,0,,1.0,1.665752478409567,314946268000.0,7.6923076923076925,7.6923076923076925,14.725274725274726,0.18749999999765624,58.41594171817211,6.171880782590563,1,28.58871475742103,0.005701350445856334,21.176904155716723,7.490089848940981,19.099690554281405,8.791208791208792,0,
RAJA,2026-07-24,900.0,905.0,870.0,870.0,144490800.0,0,,1.0,0.6901773061366736,125706996000.0,12.643678160919542,12.643678160919542,14.942528735632186,0.0,53.04659018180701,0.6828277229555582,1,27.655591183883963,-0.01699227563637949,-18.181183697128915,2.0323759567445623,13.867917759226165,4.022988505747127,0,
RAJA,2026-07-27,870.0,905.0,855.0,875.0,94789700.0,0,,1.0,0.44921645034046653,82940987500.0,12.0,12.0,14.285714285714285,0.39999999999200003,53.620457657289194,-2.84939941532825,0,26.432480080842556,-0.012057942578925215,-24.986715291064428,1.6983886281906113,14.404029064752176,5.714285714285714,1,
RAJA,2026-07-28,885.0,925.0,880.0,900.0,145426200.0,0,,1.0,0.6883885606457152,130883580000.0,8.88888888888889,8.88888888888889,13.88888888888889,0.44444444443456793,56.48427544022253,-3.68711315881459,0,25.670152284672536,-0.02112004366413915,-38.13894634363601,3.4780109226789304,17.13553495085304,5.0,2,
RALS,2026-07-17,380.0,384.0,378.0,384.0,3160600.0,0,,1.0,1.0535614283047545,1213670400.0,0.0,0.0,3.6458333333333335,0.9999999998333333,57.69956632990905,1.7383876892703312,1,16.07546411023831,0.15942780693785244,5.212353228943486,2.5915041410633153,0.31464402824971377,1.5625,1,
RALS,2026-07-20,384.0,386.0,380.0,384.0,4200400.0,0,,1.0,1.6037753859194288,1612953600.0,0.5208333333333333,0.5208333333333333,3.6458333333333335,0.6666666665555555,57.69956632844985,1.7516021603431045,1,15.772250448521714,0.20934046560191258,4.228771102732036,2.48198558847078,0.4079068021957736,1.5625,0,
RALS,2026-07-21,384.0,386.0,382.0,384.0,3768900.0,0,,1.0,1.380716350328061,1447257600.0,0.5208333333333333,0.5208333333333333,3.125,0.499999999875,57.699566326878426,1.6773187804351837,1,15.49069490549916,0.20085846759644982,2.567560322151402,2.372700613169815,0.5106964793600656,1.0416666666666665,0,
RALS,2026-07-23,384.0,386.0,378.0,384.0,9289400.0,0,,1.0,3.3345957035141143,3567129600.0,0.5208333333333333,0.5208333333333333,3.125,0.74999999990625,57.69956632336364,1.3881174430183256,1,13.846467212161153,0.29901624863621107,2.567560322151402,1.9649495485926654,0.7544923569868435,2.083333333333333,0,
RALS,2026-07-24,384.0,384.0,378.0,382.0,2753600.0,0,,1.0,1.0681914722352066,1051875200.0,1.0471204188481675,1.0471204188481675,3.1413612565445024,0.6666666665555555,54.02425413576729,1.0860779682465094,1,13.070311435702719,0.2962479205130468,-2.2958758279360465,1.2456930824277732,0.3432332914600555,1.5706806282722512,0,
RALS,2026-07-27,368.0,382.0,368.0,382.0,3736800.0,0,,1.0,1.4201588215509324,1427457600.0,1.0471204188481675,1.0471204188481675,4.712041884816754,0.9999999999285715,54.024254133914354,0.8360964517411469,1,14.323280584084333,0.34433974150918045,-2.2958758279360465,1.0314731552499279,0.45699457061382104,3.664921465968586,0,
RBMS,2026-07-16,58.0,74.0,57.0,69.0,373844700.0,1,,1.0,2.4960014838016154,25795284300.0,7.246376811594203,23.18840579710145,30.434782608695656,0.705882352899654,59.09413553206738,1.2247401450163324,1,40.30566413925535,-0.18649906231323465,49.0549610595898,17.546848381601357,10.647851186658116,24.637681159420293,1,4.0
RBMS,2026-07-17,72.0,76.0,65.0,75.0,471375800.0,0,,1.0,2.7600538688994933,35353185000.0,1.3333333333333335,13.333333333333334,28.000000000000004,0.9090909090082645,63.47963608581852,1.9129721752357045,1,42.094039983988615,-0.04764792417654652,122.37283272758378,25.944584382871543,20.3079884504331,14.666666666666666,2,
RBMS,2026-07-20,76.0,81.0,67.0,68.0,486220300.0,0,,1.0,2.5134600453044924,33062980400.0,19.11764705882353,25.0,38.23529411764706,0.07142857142346938,55.9440203938142,1.8016080868366342,1,44.00379916540302,-0.14978585090741284,47.254869458734625,13.238967527060788,9.149277688603537,20.588235294117645,0,
RBMS,2026-07-21,68.0,69.0,65.0,66.0,105080500.0,0,,1.0,0.5310021030271574,6935313000.0,22.727272727272727,28.78787878787879,39.39393939393939,0.2499999999375,53.97262168942974,1.5098926214034267,1,45.276086498081916,-0.1596969405595758,32.518666983041946,9.18114143920595,6.245975531229882,6.0606060606060606,0,
RBMS,2026-07-22,67.0,71.0,65.0,68.0,104302600.0,0,,1.0,0.5169582104473014,7092576800.0,19.11764705882353,25.0,38.23529411764706,0.49999999991666666,55.65547209542647,1.3722579181335757,1,46.574310552193886,-0.14997196493848405,48.73018962916893,11.111111111111107,9.642050951306025,8.823529411764707,1,
RBMS,2026-07-23,69.0,72.0,67.0,68.0,102941100.0,0,,1.0,0.539644736280286,6999994800.0,19.11764705882353,25.0,38.23529411764706,0.19999999996,55.65547209433077,1.2076501091132954,1,47.83865323724083,-0.2594866572043422,-4.324312354505922,11.384111384111389,9.71281058405938,7.352941176470589,0,
RBMS,2026-07-24,68.0,69.0,65.0,66.0,29128600.0,0,,1.0,0.19184184464700293,1922487600.0,22.727272727272727,22.727272727272727,36.36363636363637,0.2499999999375,53.39150153328087,0.9043772867983875,1,48.46935775763952,-0.06487298600098063,-468.75106714571666,7.667210440456775,6.7615658362989315,6.0606060606060606,0,
RISE,2026-07-20,1000.0,1200.0,965.0,1140.0,15028700.0,0,,1.0,10.89818057882103,17132718000.0,5.263157894736842,5.263157894736842,32.45614035087719,0.744680851060661,62.04480554975515,34.097633768353845,1,19.935278386810417,0.17453882577878108,102.6958117374368,22.514777001612035,2.841677943166441,20.614035087719298,1,
RISE,2026-07-21,1140.0,1175.0,1050.0,1070.0,3592100.0,0,,1.0,2.3182765719891303,3843547000.0,12.149532710280374,12.149532710280374,34.57943925233645,0.15999999999872,55.55172124865768,35.990922651916314,1,21.26373882280321,0.07567294466287355,78.10315680524408,14.714553738943984,-2.5500910746812386,11.682242990654206,0,
RISE,2026-07-22,1075.0,1140.0,1035.0,1055.0,2056000.0,0,,1.0,1.2575000458718395,2169080000.0,13.744075829383887,13.744075829383887,35.07109004739337,0.19047619047437642,54.24176341541525,34.83627047102454,1,22.271396252002024,0.034614384598132444,66.41491015118235,12.533333333333333,-3.113233538433289,9.95260663507109,0,
RISE,2026-07-23,1055.0,1100.0,1010.0,1025.0,1932000.0,0,,1.0,1.1337562424078818,1980300000.0,17.073170731707318,17.073170731707318,36.09756097560975,0.1666666666648148,51.620005879726946,30.795092790336966,1,22.826448037734576,0.004769055410632068,50.98288843258042,9.158679446219383,-5.022238695329878,8.780487804878048,0,
RISE,2026-07-28,1030.0,1090.0,975.0,995.0,1940600.0,0,,1.0,1.0678361543371553,1930897000.0,20.603015075376884,20.603015075376884,37.185929648241206,0.17391304347674857,48.67227372789401,18.48163153148517,1,23.433003575116942,-0.006295000621210541,-171.34619020608807,4.3797534749541045,-5.256141687297662,11.557788944723619,0,
RODA,2026-07-17,64.0,69.0,64.0,64.0,28633700.0,0,,1.0,0.5606569902033788,1832556800.0,12.5,12.5,34.375,0.0,59.8012292438998,1.662013688079359,1,38.214244212298425,-0.018033889948914365,412.1853932154363,13.374667847652786,5.890138980807416,7.8125,0,
RODA,2026-07-20,63.0,66.0,63.0,64.0,20395700.0,0,,1.0,0.39737718626667157,1305324800.0,12.5,12.5,32.8125,0.3333333332222222,59.80122924147892,1.4581671991123446,1,39.72536041358907,-0.014622203843834012,-24.58522504602962,12.379280070237044,6.6311229590136564,4.6875,0,
RODA,2026-07-23,62.0,69.0,62.0,63.0,56126400.0,0,,1.0,1.0235904121013546,3535963200.0,14.285714285714285,14.285714285714285,23.809523809523807,0.1428571428367347,56.67067349394494,0.728732694596433,1,42.4626665610968,-0.048669980050652324,28.33538520556205,7.784431137724546,6.347062795408505,11.11111111111111,1,
RONY,2026-07-21,2110.0,2110.0,1500.0,1560.0,958600.0,0,,1.0,6.664117626611932,1495416000.0,35.256410256410255,35.256410256410255,75.64102564102564,0.09836065573754367,69.49966824877316,80.26622213240894,1,28.409744709577012,-0.11259222746461449,25.083250083250064,43.646408839779006,40.83235533086575,39.1025641025641,0,
ROTI,2026-07-27,605.0,610.0,585.0,590.0,3541100.0,0,,1.0,6.033669001005288,2089249000.0,5.084745762711865,5.932203389830509,5.932203389830509,0.199999999992,40.88704295691785,-3.0260324032497268,0,19.752180066080424,-0.6708434856682264,-107.41169292912292,-2.9206088029617443,0.9928106812735286,4.23728813559322,0,
SCMA,2026-07-16,206.0,214.0,206.0,210.0,30607900.0,0,,1.0,0.6395182536380972,6427659000.0,3.8095238095238098,11.428571428571429,8.571428571428571,0.4999999999375,52.28374527845257,0.8242215248057272,1,19.471363127483027,-0.16546610144053822,9.900100245428463,1.9664967225054681,-0.6424062564269443,3.8095238095238098,1,
SCMA,2026-07-17,212.0,212.0,204.0,206.0,33419400.0,0,,1.0,0.7239314995139045,6884396400.0,5.825242718446602,13.592233009708737,7.766990291262135,0.24999999996875,48.53565027557747,0.6042582576042647,1,18.60404977456988,-0.15316769194187133,0.16303951294414143,-0.12121212121212122,-2.203841257663769,3.8834951456310676,0,
SCMA,2026-07-20,206.0,210.0,202.0,204.0,48659600.0,0,,1.0,1.0180580205784986,9926558400.0,6.862745098039216,14.705882352941178,7.8431372549019605,0.24999999996875,46.73175756715633,0.31618241218056364,1,17.485999262908674,-0.16501549738184615,-9.589962079367726,-1.2823614807645805,-2.7171370106455135,3.9215686274509802,0,
SCMA,2026-07-21,204.0,210.0,204.0,210.0,31099700.0,0,,1.0,0.6480638592866832,6530937000.0,2.857142857142857,11.428571428571429,6.666666666666667,0.9999999998333333,52.44229140993486,0.5103370009937725,1,16.44780950208041,-0.12248517947537906,-11.369339161416777,1.3268998793727382,0.3941407543133156,2.857142857142857,1,
SCMA,2026-07-22,210.0,212.0,206.0,208.0,27769200.0,0,,1.0,0.7689562025705532,5775993600.0,3.8461538461538463,6.730769230769231,6.730769230769231,0.33333333327777775,50.49892839454928,0.48486190746274405,1,15.796874514299695,-0.16508633747033866,-26.867412589910387,0.5559584239787313,-0.33010254542935424,2.8846153846153846,0,
SCMA,2026-07-23,208.0,218.0,206.0,208.0,127359000.0,0,,1.0,3.335232374110422,26490672000.0,4.807692307692308,4.807692307692308,7.6923076923076925,0.16666666665277777,50.49892839354163,0.4495928597415745,1,16.035301046355436,-0.2672982989359552,-53.00412935273153,0.7507871155243455,-0.09712709279370466,5.769230769230769,0,
SCMA,2026-07-24,206.0,206.0,196.0,198.0,76797000.0,0,,1.0,1.9636711755306786,15205806000.0,10.1010101010101,10.1010101010101,11.11111111111111,0.19999999998,41.566744481814915,-0.22916733821192303,0,15.106278936216187,-0.2950389662022856,-67.10597676024878,-3.906818733317161,-4.585465526156963,5.05050505050505,0,
SCMA,2026-07-27,198.0,202.0,196.0,200.0,23380900.0,0,,1.0,0.5964221659494826,4676180000.0,9.0,9.0,11.0,0.6666666665555555,43.71117679274197,-0.5093393069295303,0,14.243615548229743,-0.25695060953508375,-21.715026479571815,-2.889050740470983,-3.3204063273259443,3.0,1,
SCMA,2026-07-28,200.0,202.0,197.0,199.0,27261500.0,0,,1.0,0.7218484021708277,5425038500.0,9.547738693467336,9.547738693467336,11.055276381909549,0.39999999992,42.864142319805296,-0.7152889220806264,0,13.4425709736709,-0.273937114428049,-54.34573224327962,-3.3980582524271843,-3.4927950979316424,2.512562814070352,0,
SGER,2026-07-16,442.0,442.0,424.0,442.0,16636200.0,0,,1.0,0.944927776600766,7353200400.0,2.262443438914027,2.262443438914027,14.027149321266968,0.9999999999444444,66.28249903624524,3.391051572799732,1,29.967149571394906,0.5924742170727492,20.253436205527446,10.69371399949912,23.823397579560744,4.072398190045249,0,
SGER,2026-07-17,442.0,462.0,430.0,458.0,26522000.0,0,,1.0,1.4178080800413122,12147076000.0,0.8733624454148471,0.8733624454148471,15.72052401746725,0.8749999999726563,69.5139252014927,4.0862851151259,1,30.674781957782404,0.5987275782534132,46.697257219889046,13.675850086870197,27.875809693991506,6.986899563318777,1,
SGER,2026-07-20,458.0,482.0,450.0,474.0,22158100.0,0,,1.0,1.121412696279865,10502939400.0,1.6877637130801686,1.6877637130801686,19.40928270042194,0.7499999999765626,72.36603800313348,5.149388141433686,1,31.829934245045333,0.5941652006920612,61.10675708516218,16.29048086359175,31.666666666666664,6.751054852320674,2,
SGER,2026-07-21,480.0,486.0,460.0,460.0,16948300.0,0,,1.0,0.8339399891699939,7796218000.0,5.6521739130434785,5.6521739130434785,19.565217391304348,0.0,66.50329214516537,4.461068604433052,1,32.99509918579019,0.5331887354261388,8.97631732495223,11.67759164845837,27.142067440574902,5.6521739130434785,0,
SGER,2026-07-22,466.0,466.0,444.0,448.0,19405200.0,0,,1.0,0.9184947821940226,8693529600.0,8.482142857142858,8.482142857142858,20.089285714285715,0.18181818180991735,61.876005179873005,2.828541832872336,1,33.071742294460854,0.4862960206975615,5.541021159682964,7.614700936824402,23.212321232123205,4.910714285714286,0,
SGER,2026-07-23,450.0,458.0,444.0,444.0,21945900.0,0,,1.0,1.0017093861044484,9743979600.0,9.45945945945946,9.45945945945946,20.27027027027027,0.0,60.36816709924198,1.1938785015600182,1,33.142910895369326,0.40805037011628836,-4.324042707748961,5.739461776613485,21.430915654742375,3.153153153153153,0,
SGER,2026-07-24,444.0,444.0,424.0,442.0,8046000.0,0,,1.0,0.36119250087874016,3556332000.0,9.95475113122172,9.95475113122172,20.361990950226243,0.899999999955,59.586298919126946,-0.23151799399859385,0,32.04973477471902,0.41505674130199066,-17.74712952059339,4.393008974964578,20.23939064200217,4.524886877828054,0,
SGER,2026-07-27,444.0,450.0,426.0,442.0,20374400.0,0,,1.0,0.9092688125447536,9005484800.0,9.95475113122172,9.95475113122172,20.361990950226243,0.6666666666388888,59.586298918711385,-1.322865447450944,0,31.25552899439011,0.39948998001948754,-24.46897535561769,3.5371281330522426,19.601688494425805,5.429864253393665,0,
SIDO,2026-07-16,386.0,388.0,384.0,384.0,11667900.0,0,,1.0,0.8103673458332016,4480473600.0,1.5625,3.125,6.25,0.0,51.8392677399782,3.624453407035258,1,33.80005115159687,-0.14891996974257793,1.675185664368049,2.48198558847078,-2.6270412820772933,1.0416666666666665,0,
SIDO,2026-07-17,384.0,384.0,378.0,380.0,24388700.0,0,,1.0,1.872747007111673,9267706000.0,2.631578947368421,2.631578947368421,6.315789473684211,0.33333333327777775,48.46244438929227,3.056683153411936,1,32.117690978720816,0.0033859058924380517,-3.629050727963971,1.3333333333333335,-3.169911324024054,1.5789473684210527,0,
SIDO,2026-07-20,380.0,386.0,378.0,380.0,21825300.0,0,,1.0,1.6093704258929207,8293614000.0,2.631578947368421,2.631578947368421,6.315789473684211,0.24999999996875,48.46244438844236,2.5849675476114937,1,30.257298381679952,-0.016600289490597366,-5.67124902236122,1.2523314681588031,-2.673906362053068,2.1052631578947367,0,
SIDO,2026-07-21,380.0,380.0,376.0,378.0,23878800.0,0,,1.0,1.6995937994449706,9026186400.0,3.1746031746031744,3.1746031746031744,5.291005291005291,0.499999999875,46.6984730063976,2.0646582541463965,1,28.79267361011878,-0.032764353607466476,-11.315611154810815,0.6657789613848202,-2.687673772011121,1.0582010582010581,0,
SIDO,2026-07-22,380.0,380.0,374.0,376.0,29421500.0,0,,1.0,2.046679584716354,11062484000.0,3.723404255319149,3.723404255319149,5.319148936170213,0.33333333327777775,44.93700395757949,1.5364610778043035,1,27.693663131039656,-0.004153300206231787,-14.844961459242557,-0.05316321105794488,-2.701583686988924,1.5957446808510638,0,
SIDO,2026-07-23,378.0,380.0,374.0,374.0,52945300.0,0,,1.0,3.1905820361215587,19801542200.0,4.27807486631016,4.27807486631016,4.81283422459893,0.0,43.1828476162303,1.0275069924865528,1,26.673153400466187,-0.18033197649898872,-21.289741348668787,-0.5847953216374239,-2.7561102444097823,1.6042780748663104,0,
SIDO,2026-07-24,376.0,376.0,368.0,372.0,22321700.0,0,,1.0,1.351449776606987,8303672400.0,4.838709677419355,4.838709677419355,5.913978494623656,0.4999999999375,41.440734649480895,0.5549524217021276,1,26.48927085907673,-0.25343493051426036,-20.15190501179641,-1.0901356022334545,-2.9126213592233072,2.1505376344086025,0,
SIDO,2026-07-27,372.0,372.0,368.0,370.0,13133200.0,0,,1.0,0.816058453576314,4859284000.0,5.405405405405405,5.405405405405405,5.9459459459459465,0.499999999875,39.71526553662686,0.1287196040870202,1,26.318522784929375,-0.28247309227130596,-22.21042999366135,-1.5171679531541093,-3.060155103751836,1.0810810810810811,0,
SIDO,2026-07-28,370.0,370.0,364.0,364.0,27069800.0,0,,1.0,1.6597158780863155,9853407200.0,6.593406593406594,7.142857142857142,6.593406593406594,0.0,35.00623902548617,-0.501699840713107,0,26.632450951931123,-0.33847190963679197,-21.891245647178838,-3.0109245936584097,-4.230688276152385,1.6483516483516485,0,
SILO,2026-07-17,2180.0,2200.0,2110.0,2180.0,462100.0,0,,1.0,2.3834945196647204,1007378000.0,1.834862385321101,4.128440366972478,5.045871559633028,0.7777777777691358,45.586944030715244,6.042550147081393,1,27.848005637169564,-0.16536043310326626,7.9854892776782815,-0.09165902841429881,-4.049295774647888,4.128440366972478,1,
SILO,2026-07-20,2190.0,2200.0,2120.0,2150.0,714800.0,0,,1.0,3.2072508637322064,1536820000.0,3.255813953488372,5.5813953488372094,5.116279069767442,0.37499999999531247,42.10212789468865,4.244955618094952,1,27.935125288119398,-0.19690836924420987,-26.317256760524106,-1.3082396144135873,-5.1693719124911715,3.7209302325581395,0,
SILO,2026-07-21,2150.0,2160.0,2110.0,2150.0,915500.0,0,,1.0,3.4670150723320328,1968325000.0,3.255813953488372,5.5813953488372094,5.116279069767442,0.7999999999840001,42.1021278945731,3.1807943438081274,1,28.202631437844207,-0.05970222015456985,-30.064108697732262,-1.1494252873563218,-4.968175388967472,2.3255813953488373,0,
SILO,2026-07-22,2150.0,2150.0,2040.0,2100.0,1071500.0,0,,1.0,3.3983507770377313,2250150000.0,5.714285714285714,8.095238095238095,8.571428571428571,0.5454545454495867,36.68198936823477,-0.5660129475562492,0,29.511518690229952,-0.027147204911715267,-76.24273424784931,-3.27038231229848,-6.947890818858568,5.238095238095238,0,
SIMP,2026-07-16,550.0,555.0,540.0,555.0,6929300.0,0,,1.0,0.7735320384014287,3845761500.0,0.0,0.0,7.3022113022112976,0.9999999999333333,59.73066864565066,6.283423021110614,1,28.518996913118677,-0.14336346334710554,9.197215116341933,5.301831505072308,2.4399273460064443,2.7027027027027026,1,
SIMP,2026-07-17,555.0,555.0,545.0,550.0,6447500.0,0,,1.0,0.7497263019335902,3546125000.0,0.9090909090909091,0.9090909090909091,6.363636363636363,0.49999999995,57.108524755637895,5.884549000372607,1,27.5291698663972,-0.1493347703422777,4.290087120320226,4.096409503297989,2.083269256574219,1.8181818181818181,0,
SIMP,2026-07-20,550.0,560.0,550.0,560.0,8155900.0,1,,1.0,0.9879036043298227,4567304000.0,0.0,0.0,7.142857142857142,0.9999999999,60.8136947594096,5.992648849965057,1,26.96679788901807,-0.07580681354847488,5.0754162554944,5.676691582319239,4.334941800028462,1.7857142857142856,1,9.0
SIMP,2026-07-21,560.0,570.0,560.0,565.0,9058400.0,1,,1.0,1.1582817065295918,5117996000.0,0.8849557522123894,0.8849557522123894,8.849557522123893,0.49999999995,62.555424449906276,6.080096549016838,1,27.087032342849916,-0.08002547622034571,5.680693284946774,6.304553307703374,5.554917380941422,1.7699115044247788,2,9.0
SIMP,2026-07-22,565.0,570.0,555.0,560.0,11549200.0,1,,1.0,1.4740165841543087,6467552000.0,1.7857142857142856,1.7857142857142856,8.928571428571429,0.3333333333111111,59.69789861379842,5.4979813192346185,1,26.67625615094396,-0.061343490677703366,2.4541755999792385,4.961295762424946,4.965367402890659,2.6785714285714284,0,9.0
SIMP,2026-07-23,560.0,605.0,560.0,590.0,41798300.0,0,,1.0,4.573931360881994,24660997000.0,2.5423728813559325,2.5423728813559325,13.559322033898304,0.6666666666518519,68.88258996859143,6.747799681558223,1,27.9804728923954,0.04085479405126314,16.841704590295464,9.904439271577031,10.729797010866843,7.627118644067797,1,
SIMP,2026-07-24,595.0,600.0,570.0,585.0,19792700.0,0,,1.0,2.0522096348415375,11578729500.0,3.418803418803419,3.418803418803419,12.82051282051282,0.49999999998333333,66.17571047958842,6.831323151150323,1,29.19153129517174,0.03871049113473182,11.068935280968633,8.357413003393772,9.91315303146977,5.128205128205128,0,
SIMP,2026-07-27,585.0,590.0,570.0,575.0,11241200.0,0,,1.0,1.1338935958494238,6463690000.0,5.217391304347826,5.217391304347826,11.304347826086957,0.2499999999875,61.01169842833182,5.844798852188825,1,30.316085526321196,0.00931190684124444,3.4212562332190513,6.004461643714359,8.194926123324278,3.4782608695652173,0,
SIMP,2026-07-28,575.0,585.0,570.0,580.0,6773500.0,0,,1.0,0.7066402378592664,3928630000.0,4.310344827586207,4.310344827586207,11.206896551724139,0.6666666666222222,62.58387781237961,5.1832480544734105,1,31.360314455245692,0.05122911341937343,2.5727872341430995,6.145279571229684,9.277668438624698,2.586206896551724,1,
SINI,2026-07-16,6550.0,6550.0,5975.0,5975.0,6851900.0,1,,1.0,5.126611456026409,40940102500.0,35.56485355648535,75.73221757322176,35.56485355648535,0.0,34.4873758156089,49.482019580098154,1,27.80582016253313,-0.13380057531488612,-755.5072752335038,-21.70025370313079,-37.505704223433426,9.623430962343097,0,7.0
SINI,2026-07-17,5650.0,6150.0,5500.0,6150.0,10463100.0,1,,1.0,5.683144450566767,64348065000.0,31.70731707317073,66.66666666666666,42.27642276422765,0.9999999999984616,36.162733839456585,26.153283733067383,1,28.454018755663714,0.1971351339707573,-122.80728934576915,-17.11234498601188,-34.684757719312955,10.569105691056912,1,7.0
SINI,2026-07-20,6350.0,6350.0,5600.0,5750.0,11350600.0,1,,1.0,4.754773776157124,65265950000.0,40.869565217391305,77.82608695652173,45.21739130434783,0.19999999999973334,34.02113529925097,-7.297692960567247,0,28.747367145522887,0.016471767991796987,-199.0473911806569,-20.31520802727921,-37.92422448458482,13.043478260869565,0,4.0
SINI,2026-07-21,5775.0,6325.0,5775.0,6325.0,3166300.0,1,,1.0,1.254049307311331,20026847500.0,28.063241106719367,61.6600790513834,41.10671936758894,0.9999999999981818,39.562022003720244,16.899316497588984,1,29.01976207896355,0.07009551379864598,-80.99093565578357,-10.056360102904973,-30.71813060161665,8.695652173913043,1,5.0
SINI,2026-07-22,6925.0,6950.0,6200.0,6200.0,10854700.0,1,,1.0,3.5817758103735997,67299140000.0,30.64516129032258,57.66129032258065,41.935483870967744,0.0,38.799198548519016,31.249637996104866,1,28.300876509868072,-0.10846054879980074,-127.54208062784451,-10.042995744222369,-31.064178053670854,12.096774193548388,0,5.0
SINI,2026-07-23,6800.0,6800.0,6800.0,6800.0,5226200.0,1,,1.0,1.5946391662046702,35538160000.0,17.647058823529413,37.86764705882353,36.76470588235294,0.0,44.346293177654466,84.87256069949001,1,27.633339909993698,-0.10471355481536788,-17.678249525560368,0.8388682514017946,-23.4223247550332,0.0,1,5.0
SINI,2026-07-24,6775.0,7475.0,6775.0,7475.0,5489600.0,0,,1.0,1.5525256349072896,41034760000.0,0.0,8.361204013377927,26.421404682274247,0.9999999999985715,49.85298483512976,164.89266983811592,1,26.045594493864776,-0.023932577877603,-98.09260836981024,12.432533998249726,-14.866938539768723,9.364548494983277,2,
SINI,2026-07-27,7775.0,7775.0,7475.0,7700.0,2472800.0,0,,1.0,0.6803736965184706,19040560000.0,0.974025974025974,5.194805194805195,29.545454545454547,0.7499999999975,51.57305883089447,228.16946522099204,1,24.188398835739232,-0.01317554929003375,27.72887170836862,14.554027190680058,-11.34519661162438,3.896103896103896,3,
SINI,2026-07-28,7700.0,7800.0,7225.0,7225.0,2117700.0,0,,1.0,0.5699445908734018,15300382500.0,7.958477508650519,12.110726643598616,31.833910034602077,0.0,47.8421988624483,232.44239270219657,1,22.774327752380202,-0.04804174605218386,1.296991729068146,6.608170505289934,-15.80110393465797,7.958477508650519,0,
SLIS,2026-07-17,60.0,66.0,60.0,63.0,48466900.0,0,,1.0,2.0769141603654266,3053414700.0,4.761904761904762,6.349206349206349,15.873015873015872,0.49999999991666666,53.88550282302547,0.8877190832173594,1,19.55484415080923,-0.26028775992502035,28.86427217716253,5.793450881612096,-5.206139030996079,9.523809523809524,1,
SLIS,2026-07-20,64.0,64.0,61.0,63.0,22487700.0,0,,1.0,0.9656835926932058,1416725100.0,4.761904761904762,6.349206349206349,14.285714285714285,0.6666666664444444,53.88550282053943,1.006645704458689,1,20.73477888474925,-0.2615418250890306,17.222797670804294,5.88235294117647,-4.371584699453545,4.761904761904762,0,
SLIS,2026-07-23,65.0,66.0,62.0,63.0,23983400.0,0,,1.0,1.0922350049036584,1510954200.0,4.761904761904762,4.761904761904762,14.285714285714285,0.2499999999375,53.3116842004482,1.0230964494328,1,24.367106174672752,-0.2997560688429452,15.807677869851227,5.7046979865771785,-2.5974025974026076,6.349206349206349,0,
SLIS,2026-07-27,62.0,71.0,60.0,63.0,100841700.0,0,,1.0,4.155759218941436,6353027100.0,12.698412698412698,12.698412698412698,20.634920634920633,0.2727272727024793,53.03679390004782,0.7657986556917167,1,26.068223840833777,-0.27250805517963417,29.38408241311293,4.9125728559533774,-1.129943502824857,17.46031746031746,1,
SMBR,2026-07-21,157.0,170.0,157.0,164.0,7559400.0,0,,1.0,2.3169225393770163,1239741600.0,3.6585365853658534,3.6585365853658534,13.414634146341465,0.5384615384201183,61.05601654410237,1.935441907139638,1,32.23502666388641,-0.3127390439123345,36.89301235645411,7.894736842105263,2.9390083015994812,7.926829268292683,1,
SMBR,2026-07-23,170.0,172.0,164.0,168.0,7511200.0,0,,1.0,2.1427114519757002,1261881600.0,2.380952380952381,2.380952380952381,14.285714285714285,0.4999999999375,64.74764863747708,2.5114436860032066,1,34.87764723601918,-0.2700732193439057,63.399853045406374,9.660574412532645,6.129774780162487,4.761904761904762,3,
SMDR,2026-07-17,290.0,290.0,284.0,290.0,4318500.0,0,,1.0,0.7115546690986562,1252365000.0,0.0,0.0,8.275862068965518,0.9999999998333333,58.31851314264421,2.9867547091416036,1,25.055773145842018,-0.09939862082059914,16.692168154536663,5.279454921081808,2.039021896092152,2.0689655172413794,2,
SMDR,2026-07-20,292.0,298.0,290.0,292.0,9284600.0,0,,1.0,1.4683736487929082,2711103200.0,2.054794520547945,2.054794520547945,10.95890410958904,0.24999999996875,59.55977042849381,3.18018978596991,1,25.892467442533903,-0.12103030445726243,20.0433681317639,5.809645622589162,3.0186238594966843,2.73972602739726,3,
SMDR,2026-07-21,296.0,300.0,294.0,300.0,6113800.0,0,,1.0,0.9490390936488827,1834140000.0,0.0,0.0,10.0,0.9999999998333333,64.15767033716492,3.662159566017597,1,26.852855914423266,-0.08099937468148148,20.24577856220858,8.351281613720307,5.993656288728189,2.0,4,
SMDR,2026-07-22,300.0,302.0,290.0,294.0,9113200.0,0,,1.0,1.4075592287862944,2679280800.0,2.7210884353741496,2.7210884353741496,10.884353741496598,0.33333333330555553,58.761510575896,3.3979175600327527,1,26.943946266917873,-0.03867611299909616,12.243530641096564,5.877212828909135,4.011103132399793,4.081632653061225,0,
SMDR,2026-07-23,296.0,306.0,296.0,298.0,18108000.0,0,,1.0,2.541650262018203,5396184000.0,2.684563758389262,2.684563758389262,11.409395973154362,0.19999999998,61.109892766545556,3.3102485624095723,1,27.437845890530998,-0.14724003046258413,25.973237660502573,7.005609637639121,5.5214423340600565,3.3557046979865772,1,
SMDR,2026-07-24,298.0,298.0,292.0,296.0,7632500.0,0,,1.0,1.0573870590786012,2259220000.0,3.3783783783783785,3.3783783783783785,11.486486486486488,0.6666666665555555,59.29180278748185,2.9473971503872605,1,27.14040971800744,-0.08782429017997903,15.778503910100175,5.870812287322729,4.922873483750374,2.027027027027027,0,
SMDR,2026-07-27,296.0,298.0,286.0,288.0,6164100.0,0,,1.0,0.8369972869995953,1775260800.0,6.25,6.25,9.027777777777777,0.16666666665277777,52.556254788316615,2.0414643055817234,1,25.866868627697016,-0.09199203208439752,1.3534102947896798,2.7536605726996544,2.2520623685546313,4.166666666666666,0,
SMDR,2026-07-28,290.0,294.0,288.0,292.0,5616800.0,0,,1.0,0.7763978804149874,1640105600.0,4.794520547945205,4.794520547945205,8.21917808219178,0.6666666665555555,55.2910655897152,1.6037880923649568,1,24.68429475812305,-0.03526324677271007,0.8973152108690745,3.6354074803677694,3.8104708904344133,2.054794520547945,1,
SMGR,2026-07-16,1450.0,1500.0,1450.0,1495.0,37705200.0,0,,1.0,1.7901548887633896,56369274000.0,2.341137123745819,4.3478260869565215,10.033444816053512,0.8999999999820001,48.8290061228413,19.235015610946846,1,29.04789178727214,-0.23739487896458203,33.039334929214,3.3350613443926043,-9.304914647316865,3.3444816053511706,5,
SMGR,2026-07-17,1495.0,1520.0,1475.0,1505.0,23697600.0,0,,1.0,1.2815963060329278,35664888000.0,1.6611295681063125,3.6544850498338874,9.966777408637874,0.6666666666518519,49.906019443807104,21.710421968792026,1,28.221378401996866,-0.045885412986492166,41.56584948069826,3.793103448275862,-8.114972005800238,2.990033222591362,6,
SMGR,2026-07-20,1505.0,1530.0,1490.0,1505.0,13849600.0,0,,1.0,0.7803684065064884,20843648000.0,1.6611295681063125,3.6544850498338874,8.305647840531561,0.37499999999062505,49.90601944369399,22.699982358651035,1,27.624890010577563,-0.07374012345081159,39.37574869980207,3.632294715097263,-7.423373640742039,2.6578073089700998,0,
SMGR,2026-07-21,1510.0,1535.0,1500.0,1520.0,13773500.0,0,,1.0,0.8007238983542533,20935720000.0,0.9868421052631579,2.631578947368421,8.552631578947368,0.5714285714122449,51.67541912415411,23.61189599632445,1,27.159032859971404,-0.09147685869195575,42.26302385037665,4.629151609017381,-5.889495622071514,2.302631578947368,1,
SMGR,2026-07-22,1520.0,1535.0,1495.0,1510.0,11777100.0,0,,1.0,0.7033029638262174,17783421000.0,1.6556291390728477,1.6556291390728477,8.609271523178808,0.37499999999062505,50.397386783151916,22.77808025162981,1,26.58551631616649,-0.05171207161155225,32.80053350689208,3.7622401649201165,-5.9048535186811675,2.6490066225165565,0,
SMGR,2026-07-23,1510.0,1550.0,1505.0,1515.0,15293800.0,0,,1.0,0.9382823147667284,23170107000.0,2.31023102310231,2.31023102310231,9.24092409240924,0.22222222221728397,51.04927280934546,21.79913425445673,1,26.34182000006788,-0.0748213907911478,26.3448383134542,3.9986270808306164,-4.950359943164311,2.9702970297029703,1,
SMGR,2026-07-24,1510.0,1510.0,1450.0,1455.0,20170600.0,0,,1.0,1.2171696066643634,29348223000.0,6.529209621993128,6.529209621993128,9.278350515463918,0.08333333333194445,43.63792586444128,16.582708608848428,1,24.66473907943203,-0.11795918089961721,-2.184035552374316,-0.08583690987124463,-8.041946332398021,4.123711340206185,0,
SMGR,2026-07-27,1450.0,1470.0,1440.0,1455.0,6304500.0,0,,1.0,0.38469600046130564,9173047500.0,6.529209621993128,6.529209621993128,8.24742268041237,0.49999999998333333,43.63792586432756,12.775030947104476,1,22.928302745285336,-0.1497090818999221,-2.184035552374316,0.034376074252320386,-7.359200746279739,2.0618556701030926,0,
SMGR,2026-07-28,1440.0,1495.0,1430.0,1480.0,15004600.0,0,,1.0,0.9514741584333897,22206808000.0,4.72972972972973,4.72972972972973,8.108108108108109,0.7692307692189349,47.33285000951084,11.616258700370505,1,21.821981889792564,-0.08656883482974531,-1.3964006678474787,1.526324815640542,-5.093008313291872,4.391891891891892,1,
SMKL,2026-07-16,139.0,187.0,127.0,135.0,11199600.0,0,,1.0,12.610387051372259,1511946000.0,38.51851851851852,38.51851851851852,44.44444444444444,0.1333333333311111,48.77637952234419,0.6694500427832806,1,33.93148201415325,-0.5030244702219645,-62.43415650855807,-1.2435991221653173,-4.10260168366088,44.44444444444444,0,
SMRA,2026-07-16,290.0,300.0,290.0,298.0,12247300.0,1,,0.35,0.6724240686452005,3649695400.0,0.6711409395973155,1.6098310178596413,9.395973154362416,0.79999999992,60.82553488797792,2.3638746208523593,1,24.814193784778073,-0.3285080951993023,19.806750855092304,5.41146779071581,3.0938435132052793,3.3557046979865772,1,21.0
SMRA,2026-07-17,300.0,304.0,296.0,302.0,7343800.0,1,,0.35,0.5468832613717433,2217827600.0,0.6622516556291391,0.6622516556291391,9.271523178807946,0.74999999990625,63.35954612373157,2.8915127424859763,1,25.20678207941693,-0.048207546588704034,26.1052732693172,6.581965766719596,4.583017799294008,2.6490066225165565,2,21.0
SMRA,2026-07-20,302.0,310.0,302.0,306.0,12605900.0,1,,0.35,0.9819269788252302,3857405400.0,1.3071895424836601,1.3071895424836601,11.11111111111111,0.4999999999375,65.74573490041274,3.336290447082994,1,26.1064529470882,-0.1074826849668827,36.91691624726834,7.708553326293551,6.089163667350719,2.6143790849673203,3,21.0
SMRA,2026-07-21,306.0,324.0,306.0,322.0,29258900.0,0,,1.0,2.1439080971843842,9421365800.0,0.6211180124223602,0.6211180124223602,14.906832298136646,0.8888888888395061,73.25005731276812,4.464024750340143,1,27.8867376000643,-0.017732823539482447,58.11482083535463,12.745098039215677,11.594221836352245,5.590062111801243,4,
SMRA,2026-07-22,326.0,332.0,320.0,332.0,46413500.0,0,,1.0,3.119223512373297,15409282000.0,0.0,0.0,16.867469879518072,0.9999999999166667,76.68760287686382,5.567624924608685,1,29.944673344351102,0.17626699237594903,102.00502888440658,15.277777777777779,14.95253203871975,3.614457831325301,5,
SMRA,2026-07-23,334.0,344.0,332.0,338.0,45978800.0,0,,1.0,2.8576720365950674,15540834400.0,1.7751479289940828,1.7751479289940828,19.526627218934912,0.49999999995833333,78.47493785694616,6.330285350946478,1,32.342784675975814,0.1765522449165096,151.4418973752377,16.271069831441352,16.82473263791296,3.5502958579881656,6,
SMRA,2026-07-24,338.0,338.0,330.0,334.0,31241400.0,0,,1.0,1.8761406321782133,10434627600.0,2.9940119760479043,2.9940119760479043,19.760479041916167,0.4999999999375,74.38070322865055,6.186666789620025,1,34.248484755558096,0.20060803688321374,119.56602985213213,13.760217983651218,15.287540341048592,2.3952095808383236,0,
SMRA,2026-07-27,334.0,334.0,316.0,318.0,14634800.0,0,,1.0,0.8610949794564113,4653866400.0,8.176100628930817,8.176100628930817,20.125786163522015,0.11111111110493826,60.73167631848943,4.7026262078109236,1,34.068040094208534,0.17067725424976685,103.02221146642991,7.505070993914803,9.738985420710911,5.660377358490567,0,
SMRA,2026-07-28,318.0,332.0,316.0,320.0,12037900.0,0,,1.0,0.7201337624579748,3852128000.0,7.5,7.5,17.5,0.249999999984375,61.678307461433675,3.5942306437591585,1,33.90048433724108,0.1449825152873347,132.19636422746606,7.310529845741118,10.387985181761351,5.0,1,
SMSM,2026-07-17,1750.0,1760.0,1740.0,1750.0,1292600.0,0,,1.0,0.9513750630214212,2262050000.0,0.5714285714285714,0.5714285714285714,6.857142857142858,0.499999999975,68.69255646606132,16.473147613702096,1,31.39351089751661,0.05017173136524167,36.37633080691898,5.405812377653968,3.0267650916079143,1.1428571428571428,9,
SMSM,2026-07-22,1760.0,1760.0,1730.0,1760.0,757300.0,0,,1.0,0.6362234889377087,1332848000.0,0.5681818181818182,0.5681818181818182,5.681818181818182,0.9999999999666667,70.38723594607816,12.860544885064794,1,33.20123430341572,0.23575119434729697,23.407561382205845,4.652891333432437,3.9145067013048327,1.7045454545454544,0,
SMSM,2026-07-23,1760.0,1765.0,1740.0,1745.0,751300.0,0,,1.0,0.7231826582473425,1311018500.0,1.4326647564469914,1.4326647564469914,4.871060171919771,0.199999999992,63.90641897097853,10.083071988765843,1,32.94156882048053,0.15745978880446793,10.687738419618526,3.3614689767510737,3.1689724488589275,1.4326647564469914,0,
SMSM,2026-07-24,1745.0,1750.0,1725.0,1730.0,1542600.0,0,,1.0,1.5101025922155205,2668698000.0,2.312138728323699,2.312138728323699,4.624277456647398,0.199999999992,58.14133631518081,6.723207421669773,1,31.859117877680188,0.0963327447292199,-23.52836699482391,2.125147579693034,2.43960208432023,1.4450867052023122,0,
SMSM,2026-07-27,1730.0,1730.0,1710.0,1720.0,1055100.0,0,,1.0,1.159597091940189,1814772000.0,2.9069767441860463,2.9069767441860463,3.77906976744186,0.499999999975,54.60474509533848,3.478205460049004,1,30.103750918878774,0.16837566512321098,-44.99469307143528,1.1764705882352942,2.0166073546856467,1.1627906976744187,0,
SMSM,2026-07-28,1725.0,1755.0,1720.0,1735.0,840200.0,0,,1.0,0.9999166934437728,1457747000.0,2.0172910662824206,2.0172910662824206,3.45821325648415,0.42857142855918373,58.66619570511172,2.0628195808509915,1,29.387479314601503,0.15620530891071052,-33.706385780118495,1.6700849692352768,3.0591030591030592,2.0172910662824206,1,
SRSN,2026-07-16,66.0,66.0,64.0,65.0,31673700.0,0,,1.0,0.7063850124706883,2058790500.0,9.230769230769232,18.461538461538463,12.307692307692308,0.49999999975,45.644487746751935,-0.2800720670984544,0,14.643016990121088,0.04273353912322578,0.0,-3.560830860534133,-1.9015997585270223,3.076923076923077,0,
SRSN,2026-07-20,66.0,68.0,65.0,67.0,76052400.0,0,,1.0,2.0448214480885154,5095510800.0,5.970149253731343,14.925373134328357,11.940298507462686,0.6666666664444444,53.60262596334371,-0.044864113403700084,0,13.512134630278329,-0.06025385483434255,29.660704391455273,0.22438294689604443,1.2696493349455917,4.477611940298507,2,
SRSN,2026-07-21,67.0,69.0,66.0,68.0,60471300.0,0,,1.0,1.7625615149017335,4112048400.0,1.4705882352941175,10.294117647058822,8.823529411764707,0.6666666664444444,57.10918487293717,0.1081367527503667,1,13.209349343410622,-0.011344639109335336,50.25434144517432,2.102102102102111,2.8122165104324153,4.411764705882353,3,
SRSN,2026-07-22,68.0,70.0,67.0,68.0,30584700.0,0,,1.0,0.9072313140700394,2079759600.0,2.941176470588235,4.411764705882353,10.294117647058822,0.3333333332222222,57.109184868289034,0.19943327085779694,1,13.324146954925142,0.0003594996682487967,50.25434144517432,2.2556390977443606,2.8122165104324153,4.411764705882353,0,
SRSN,2026-07-23,68.0,70.0,66.0,66.0,48506100.0,0,,1.0,1.3718756456373264,3201402600.0,6.0606060606060606,7.575757575757576,10.606060606060606,0.0,48.5910688098563,0.11917890828111793,1,12.924426147045596,-0.0682510120508422,33.735480129287254,-0.45248868778280116,-0.21167221046265583,6.0606060606060606,0,
SRSN,2026-07-24,66.0,67.0,65.0,67.0,24183100.0,0,,1.0,0.6894543260849174,1620267700.0,4.477611940298507,5.970149253731343,10.44776119402985,0.9999999995,52.412981602021745,0.12678820209839922,1,12.07354797721663,-0.04282794276687922,36.82524397392448,1.2084592145015063,1.4536644457904204,2.9850746268656714,1,
SRSN,2026-07-27,65.0,67.0,64.0,65.0,57463700.0,0,,1.0,1.5641471346865539,3735140500.0,7.6923076923076925,9.230769230769232,9.230769230769232,0.3333333332222222,45.17876894897747,-0.0026721256263247586,0,11.59278456271208,-0.055972787339851275,-5.598463609750152,-1.6641452344931837,-1.365705614567535,4.615384615384616,0,
SRSN,2026-07-28,65.0,66.0,61.0,65.0,52112600.0,0,,1.0,1.398121255949801,3387319000.0,7.6923076923076925,9.230769230769232,13.846153846153847,0.79999999984,45.17876894561978,-0.0836170944012159,0,12.288487425434504,-0.0132253498989592,-18.53699809092267,-1.5151515151515151,-1.1557177615571852,7.6923076923076925,0,
SSIA,2026-07-16,1545.0,1830.0,1545.0,1780.0,89165100.0,1,,0.35,7.075174587959718,158713878000.0,2.8089887640449436,2.8089887640449436,21.06741573033708,0.8245614035058788,71.10161633003793,23.992332185108133,1,22.548002197631167,0.03138592519659281,80.56914849264183,16.119147883250537,11.442327119168585,16.01123595505618,2,26.0
SSIA,2026-07-17,1800.0,1805.0,1705.0,1750.0,35795700.0,1,,0.35,2.629935716796838,62642475000.0,4.571428571428571,4.571428571428571,21.428571428571427,0.4499999999955,67.27202418889149,32.20931544084725,1,23.983818329942736,0.07332477133959908,51.306747673850175,13.586384719525377,9.631244633089452,5.714285714285714,0,26.0
SSIA,2026-07-20,1740.0,1765.0,1715.0,1740.0,23201300.0,1,,0.35,1.6130149105139735,40370262000.0,5.172413793103448,5.172413793103448,21.551724137931032,0.49999999999000005,65.99601387842972,35.22566951524813,1,25.31707616708919,0.0921575466289649,30.282975002779715,12.370776893954503,9.078497945629676,2.8735632183908044,0,26.0
SSIA,2026-07-21,1740.0,1865.0,1740.0,1825.0,58976400.0,0,,1.0,3.4599040519075954,107631930000.0,2.191780821917808,2.191780821917808,22.465753424657535,0.67999999999456,71.02664116548169,40.80663934327959,1,27.25539165656444,0.14004443008380002,81.0696159924373,16.971147980073813,14.283997439825647,6.8493150684931505,1,
SSIA,2026-07-22,1835.0,1855.0,1735.0,1755.0,38478800.0,0,,1.0,2.150442327032233,67530294000.0,6.267806267806268,6.267806267806268,23.36182336182336,0.16666666666527777,62.78838281777201,37.717752503186794,1,28.955932298083304,0.1218718023734031,44.86302643486207,11.802800680780399,9.816983365866712,6.837606837606838,0,
SSIA,2026-07-23,1770.0,1785.0,1700.0,1720.0,30194600.0,0,,1.0,1.595204654604164,51934712000.0,8.430232558139535,8.430232558139535,23.546511627906977,0.23529411764429065,59.09743864949559,31.504343864996706,1,29.84081819874579,0.06294854204631806,-289.0054734928962,9.051028150834448,7.672815888133659,4.941860465116279,0,
SSIA,2026-07-24,1705.0,1710.0,1650.0,1650.0,18271200.0,0,,1.0,0.9454446480325746,30147480000.0,13.030303030303031,13.030303030303031,24.545454545454547,0.0,52.455920418192676,21.35283963782994,1,29.75322276296749,0.02440319689353255,-85.90560196626195,4.183109707971586,3.3609772305680528,3.6363636363636362,0,
SSIA,2026-07-27,1650.0,1705.0,1600.0,1620.0,24670200.0,0,,1.0,1.2148179006669133,39965724000.0,15.123456790123457,15.123456790123457,23.14814814814815,0.19047619047437642,49.86925934781441,11.769211127172667,1,28.859636259091825,-0.0044795346684530545,-63.59898557501199,1.8387553041018387,1.5889077329667503,6.481481481481481,0,
SSIA,2026-07-28,1615.0,1625.0,1600.0,1605.0,7843400.0,0,,1.0,0.39848316884399543,12588657000.0,16.1993769470405,16.1993769470405,23.05295950155763,0.199999999992,48.57937253167439,3.974346301206083,1,28.02987736263585,-0.0630671581339001,-502.14252386537026,0.548159749412686,0.7737009851263578,1.557632398753894,0,
TCPI,2026-07-16,5900.0,5950.0,5775.0,5775.0,7215200.0,0,,1.0,1.2849488839597765,41667780000.0,24.128681177976954,47.91641052886808,27.59188464118042,0.0,23.39144789299752,12.088687284776256,1,77.59981142359564,-0.05906123356897973,-145.21896329615737,-14.789115813876986,-36.38177503355044,3.0303030303030303,0,
TCPI,2026-07-17,5800.0,5900.0,5475.0,5900.0,5081100.0,0,,1.0,0.8894362055203124,29978490000.0,21.498836237765577,35.46909313587476,28.702226068274054,0.9999999999976471,26.463648468643456,31.927475281436955,1,77.70748393951729,0.008677596382438304,-55.531492414815595,-11.695304396422754,-34.13932557505141,7.203389830508475,1,
TCPI,2026-07-20,5850.0,5875.0,5600.0,5650.0,4722600.0,0,,1.0,0.8099292045111542,26682690000.0,26.548672566371685,35.27427912522999,29.646017699115045,0.18181818181752066,24.359593740545463,35.068974583926206,1,77.80746556144454,0.0009400181364855936,-33.09508381022274,-14.238084459233011,-36.01015796271207,4.867256637168142,0,
TCPI,2026-07-21,5650.0,5800.0,5525.0,5800.0,5099400.0,0,,1.0,0.9164750379438349,29576520000.0,20.689655172413794,31.775806024861453,26.29310344827586,0.9999999999963637,28.055661063557224,53.02739046889326,1,77.94454149630025,-0.03288881167705244,-41.32581443861735,-10.76377450227285,-33.40026513987792,4.741379310344827,1,
TCPI,2026-07-22,5825.0,5825.0,5500.0,5625.0,2981600.0,0,,1.0,0.5346013440339665,16771500000.0,20.0,33.21127322880372,22.666666666666664,0.3846153846142012,26.432872795054323,58.469751890857424,1,78.07182629295197,-0.024941870895368513,-17.397609292626694,-12.535395594832291,-34.543185574241775,5.777777777777778,0,
TCPI,2026-07-23,5625.0,5625.0,5450.0,5600.0,6572800.0,0,,1.0,1.1782368215140075,36807680000.0,13.392857142857142,33.805966412860876,16.071428571428573,0.8571428571379592,26.199728502918333,65.22138045374197,1,78.22246400520663,-0.015459149519551327,-11.889766064898124,-11.797200562443585,-33.8973020997225,3.125,0,
TCPI,2026-07-24,5600.0,5600.0,5400.0,5550.0,7185500.0,0,,1.0,1.298659049360972,39879525000.0,9.90990990990991,35.0114255697335,12.612612612612612,0.74999999999625,25.71127998277494,70.6956064556075,1,78.3956947248899,-0.04712996763800158,-55.70815275304788,-11.279418436525402,-33.571717577136965,3.6036036036036037,0,
TCPI,2026-07-27,5550.0,5550.0,5125.0,5350.0,4557800.0,0,,1.0,0.8495908438496094,24384230000.0,14.018691588785046,34.45623508649831,18.22429906542056,0.5294117647046367,23.799921262870356,65.3484341468652,1,78.72582709411628,0.00804980885410117,-47.50861550644513,-13.215187638395031,-35.02616518055704,7.943925233644859,0,
TCPI,2026-07-28,5375.0,5375.0,5200.0,5300.0,4041300.0,0,,1.0,0.7705001015245846,21418890000.0,14.622641509433961,35.253421472229604,17.92452830188679,0.5714285714253061,23.332926078914895,62.92263390316623,1,79.03237857982649,0.013737036670081358,-87.38761419639192,-12.793029358770902,-34.66705019278264,3.30188679245283,0,
TEBE,2026-07-20,1020.0,1030.0,1010.0,1025.0,1027000.0,1,,0.6,2.0088019559902164,1052675000.0,0.4878048780487805,2.4390243902439024,4.878048780487805,0.7499999999625,52.5178981058298,5.400530282778364,1,17.402794258636874,0.07458829032050243,18.767855565045796,2.3464802795806294,-0.029259728859841468,1.951219512195122,1,11.0
TEBE,2026-07-21,1035.0,1145.0,1030.0,1110.0,4843500.0,0,,1.0,6.713283805510884,5376285000.0,3.153153153153153,3.153153153153153,14.864864864864865,0.6956521739069943,66.48325428183333,10.838364973754121,1,19.2819524985833,0.19305648647251156,52.213359689288,10.337972166998012,8.46198944694157,10.36036036036036,2,
TEBE,2026-07-22,1110.0,1140.0,1050.0,1100.0,1581600.0,0,,1.0,2.0748689760122763,1739760000.0,4.090909090909091,4.090909090909091,15.0,0.5555555555493827,64.09483338903348,13.093099361439382,1,21.026885149962126,0.2243971066837611,40.001081005953246,8.803165182987142,7.716412064238147,8.181818181818182,0,
TEBE,2026-07-23,1100.0,1145.0,1080.0,1095.0,2059700.0,0,,1.0,2.4401570931837404,2255371500.0,4.5662100456621,4.5662100456621,13.698630136986301,0.23076923076568046,62.87849224072525,13.5237777407302,1,22.727928283531952,0.1269192071756495,18.485318384980882,7.908351810790835,7.447748012952602,5.93607305936073,0,
TEBE,2026-07-24,1090.0,1090.0,1040.0,1050.0,994800.0,0,,1.0,1.144040020700361,1044540000.0,9.047619047619047,9.047619047619047,14.285714285714285,0.19999999999600002,53.109841660051984,10.205066301735204,1,22.781411166845206,0.10391323424231812,10.23608335475525,3.1180947704394795,3.2956222331529763,4.761904761904762,0,
TFAS,2026-07-27,190.0,244.0,182.0,210.0,14425800.0,0,,1.0,10.675260669118565,3029418000.0,16.19047619047619,16.19047619047619,37.61904761904762,0.4516129032185224,65.44568556005486,2.273884475280041,1,41.639815539608875,-0.13996234103181726,343.98781544602286,11.613074674461862,6.6206336311941465,29.523809523809526,1,
TLKM,2026-07-16,2520.0,2560.0,2510.0,2530.0,56858100.0,1,,0.6,0.3997237975142198,143850993000.0,2.766798418972332,7.114624505928854,7.114624505928854,0.39999999999200003,49.24245441364603,14.2777198645488,1,22.69851018444597,-0.22485264420848672,-3.34802120709944,1.4841556357801846,-3.503495208499643,1.9762845849802373,1,11.0
TLKM,2026-07-17,2550.0,2670.0,2540.0,2660.0,143963900.0,0,,1.0,1.101361869430799,382943974000.0,0.37593984962406013,0.37593984962406013,9.398496240601503,0.9230769230698226,58.417863619603125,22.29391451166068,1,22.24500739373628,-0.054820377660387574,42.43775028459489,6.527833400080096,1.471355138690004,4.887218045112782,2,
TLKM,2026-07-20,2670.0,2750.0,2660.0,2710.0,146905500.0,0,,1.0,1.1446036917190439,398113905000.0,1.4760147601476015,1.4760147601476015,12.177121771217712,0.5555555555493827,61.314440416264254,29.642126887590003,1,22.52880388074243,0.009391056581992482,61.5971268187002,8.097327483047467,3.377998398602886,3.3210332103321036,3,
TLKM,2026-07-21,2770.0,2770.0,2700.0,2750.0,140279600.0,0,,1.0,1.1071712113196346,385768900000.0,0.7272727272727273,0.7272727272727273,12.0,0.7142857142755101,63.50467272872545,35.48071844047832,1,22.95456886813786,0.05187735811960586,84.8901420389732,9.235352532274081,4.893336737201578,2.5454545454545454,4,
TLKM,2026-07-22,2730.0,2730.0,2670.0,2700.0,122114100.0,0,,1.0,0.9836870989229266,329708070000.0,2.5925925925925926,2.5925925925925926,12.222222222222221,0.4999999999916667,59.00746496106327,34.24258281275525,1,22.915137694742086,0.09737905691073677,66.59038685041281,6.824925816023739,3.015131776382393,2.2222222222222223,0,
TLKM,2026-07-23,2710.0,2710.0,2650.0,2650.0,91296700.0,0,,1.0,0.73651846190993,241936255000.0,4.528301886792453,4.528301886792453,12.452830188679245,0.0,54.8261784396,28.555751029948084,1,22.590939087118024,0.0989908146474134,44.20092076877839,4.536489151873767,1.167340851527707,2.2641509433962264,0,
TLKM,2026-07-24,2600.0,2630.0,2580.0,2630.0,92442500.0,0,,1.0,0.7865215430158602,243123775000.0,5.323193916349809,5.323193916349809,11.787072243346007,0.9999999999800001,53.20221096425414,22.228121383497566,1,21.357216843966,0.04974622986956858,-5.3544825671411305,3.44149459193707,0.48578083497564095,1.9011406844106464,0,
TLKM,2026-07-27,2670.0,2670.0,2560.0,2590.0,60467000.0,0,,1.0,0.5289563515439696,156609530000.0,6.94980694980695,6.94980694980695,10.81081081081081,0.27272727272479336,50.0115936016324,14.503541191139027,1,20.6415060550767,0.09373756427401364,-112.04516490722993,1.5089163237311385,-0.9313615958908122,4.247104247104247,0,
TLKM,2026-07-28,2580.0,2620.0,2560.0,2560.0,69694800.0,0,,1.0,0.6841858136003317,178418688000.0,8.203125,8.203125,10.9375,0.0,47.70102584314069,6.913434852019082,1,19.97691746539378,0.22739797581625062,-709.4163625447641,-0.078064012490242,-1.946227894738768,2.34375,0,
TMPO,2026-07-27,105.0,114.0,104.0,114.0,19330500.0,0,,1.0,3.7131587060562485,2203677000.0,0.0,0.0,12.280701754385964,0.9999999999,62.25033616930972,1.2226609470322665,1,17.49099823364749,0.022169376664717293,5.600611495390944,10.5186621425109,7.082472290062001,8.771929824561402,1,
TMPO,2026-07-28,115.0,115.0,106.0,107.0,9654400.0,0,,1.0,1.7936913135727048,1033020800.0,7.476635514018691,7.476635514018691,13.084112149532709,0.11111111109876542,51.448062595247336,1.027897275614418,1,18.39659074612584,0.00858510980618473,2.976842485785154,3.132530120481928,0.8102506123987181,8.411214953271028,0,
TNCA,2026-07-17,145.0,163.0,140.0,140.0,16535600.0,0,,1.0,11.152770892560248,2314984000.0,16.428571428571427,16.428571428571427,25.0,0.0,49.04458610889671,1.5642966257473194,1,30.44091727375982,-0.6239249257696869,269.8635642092149,3.1687546057479823,-8.160587772238257,16.428571428571427,2,
TNCA,2026-07-24,140.0,185.0,135.0,150.0,28463500.0,1,,1.0,9.689009466557282,4269525000.0,23.333333333333332,23.333333333333332,38.0,0.299999999994,59.43201378340729,2.1030302000866623,1,37.020938272732835,-0.4940722762123785,326.8974164852843,9.090909090909092,1.902173913043486,33.33333333333333,1,9.0
TNCA,2026-07-27,161.0,190.0,155.0,166.0,22277800.0,0,,1.0,5.503415888606581,3698114800.0,14.457831325301203,14.457831325301203,37.34939759036144,0.31428571427673474,70.09720424049976,3.340968888599649,1,39.354834003173515,-0.46086326527679206,590.4277467587772,19.295724038807037,13.156100886162244,21.084337349397593,2,
TNCA,2026-07-28,164.0,197.0,150.0,160.0,18444500.0,0,,1.0,3.712784341669962,2951120000.0,23.125,23.125,42.5,0.21276595744228158,63.36929684928695,3.5765193895248686,1,41.67111853978557,-0.48224261425465126,346.1100929733595,13.919544321822721,9.529025191675784,29.375,0,
TOBA,2026-07-16,460.0,468.0,452.0,462.0,13708700.0,0,,1.0,1.6528534017526004,6333419400.0,1.7316017316017316,1.7316017316017316,23.376623376623375,0.6249999999609375,62.92849177133495,14.360481953723479,1,33.09091778599356,0.2151118590493096,65.89030301958496,16.40211640211641,6.515423986720152,3.463203463203463,1,
TOBA,2026-07-17,464.0,480.0,456.0,464.0,16326600.0,0,,1.0,1.820200743171153,7575542400.0,3.4482758620689653,3.4482758620689653,22.844827586206897,0.3333333333194444,63.32441527582282,14.09331200368488,1,32.8028648051894,0.16857020988419305,81.05292221406046,16.174261392088138,7.7766422001300795,5.172413793103448,2,
TOBA,2026-07-20,464.0,482.0,464.0,472.0,11784600.0,0,,1.0,1.2652932820685159,5562331200.0,2.11864406779661,2.11864406779661,22.88135593220339,0.44444444441975306,64.93750498789706,13.749945552370564,1,32.59996919074322,0.16847537500984885,90.50750043105926,17.121588089330025,10.368049385025481,3.8135593220338984,3,
TOBA,2026-07-21,472.0,490.0,472.0,478.0,14571900.0,0,,1.0,1.4882414129607187,6965368200.0,2.510460251046025,2.510460251046025,24.267782426778243,0.3333333333148148,66.1403505735993,13.21784621211506,1,32.6719263936833,0.12904512751380104,123.81763979463996,17.589175891758916,12.333145328069191,3.765690376569038,4,
TOBA,2026-07-22,478.0,488.0,472.0,488.0,14219100.0,0,,1.0,1.3962894842534335,6938920800.0,0.4098360655737705,0.4098360655737705,23.770491803278688,0.9999999999375,68.10430993698263,12.82049079016135,1,32.738743796413374,0.22519800721103428,145.81105721477792,18.504128217581346,15.126922713975654,3.278688524590164,5,
TOBA,2026-07-23,490.0,515.0,486.0,492.0,21067800.0,0,,1.0,1.9123061171139766,10365357600.0,4.67479674796748,4.67479674796748,25.8130081300813,0.20689655171700358,68.88182503865613,12.116293798857821,1,33.60336022965432,0.14013350068646574,224.5834965550614,18.098895823331727,16.444191990911676,5.894308943089431,6,
TOBA,2026-07-24,488.0,490.0,460.0,468.0,11346300.0,0,,1.0,1.0041768794962078,5310068400.0,10.042735042735043,10.042735042735043,27.136752136752136,0.2666666666577778,59.50853560253729,9.442179554972912,1,32.86155845387143,0.12762537010144226,273.4875754445109,11.13749703158394,11.22201625552546,6.41025641025641,0,
TOBA,2026-07-27,474.0,476.0,458.0,464.0,5086100.0,0,,1.0,0.44922414086247386,2359950400.0,10.991379310344827,10.991379310344827,21.767241379310345,0.3333333333148148,58.08973867845684,6.928373467428834,1,32.06521695211984,0.14032273762536576,505.969968515379,8.92018779342723,10.750429635287384,3.8793103448275863,0,
TOBA,2026-07-28,462.0,470.0,446.0,460.0,3818100.0,0,,1.0,0.34220537431205567,1756326000.0,11.956521739130435,11.956521739130435,15.0,0.5833333333090278,56.63556951646686,4.631032130972544,1,30.689677144577423,0.17711053975584595,188.76906659971124,6.481481481481481,10.295880688629932,5.217391304347826,0,
TOTL,2026-07-17,1050.0,1050.0,1035.0,1045.0,1713900.0,0,,1.0,1.3813586301667953,1791025500.0,0.9569377990430622,4.30622009569378,2.3923444976076556,0.6666666666222222,46.47644508567361,1.2800691684166656,1,26.551558785538756,-0.1444047086555677,-4.515647176886374,-0.3813155386081983,-1.2529525957074197,1.4354066985645932,0,
TOTL,2026-07-20,1045.0,1050.0,1035.0,1045.0,1564400.0,0,,1.0,1.2744758591754675,1634798000.0,0.9569377990430622,3.827751196172249,2.3923444976076556,0.6666666666222222,46.47644508519726,1.022268018296148,1,26.191366960054403,-0.08746309964232347,-6.580383432572138,-0.23866348448687352,-1.0951355906730167,1.4354066985645932,0,
TOTL,2026-07-22,1060.0,1075.0,1050.0,1075.0,1637900.0,0,,1.0,1.5454656966814793,1760742500.0,0.0,0.0,4.186046511627907,0.99999999996,60.29733890383257,3.0101398670216186,1,23.680142045536574,0.19523957796517852,2.1629007531826967,2.551872167898879,1.9579204157578751,2.3255813953488373,2,
TOTL,2026-07-23,1075.0,1075.0,1055.0,1065.0,1585000.0,0,,1.0,1.42070282213428,1688025000.0,0.9389671361502347,0.9389671361502347,3.755868544600939,0.499999999975,55.06830177069606,3.1996156399226474,1,22.519252991881537,0.1644805086966166,-1.900389152938643,1.5979012640114476,1.1156555278825249,1.8779342723004695,0,
TOTL,2026-07-28,1050.0,1085.0,1050.0,1070.0,1899700.0,0,,1.0,1.8746176162939845,2032679000.0,1.4018691588785046,1.4018691588785046,4.672897196261682,0.5714285714122449,56.40706126519206,2.349295363520756,1,19.904005525562557,0.336229534519897,2.255414300788905,1.9047619047619049,1.9241760335302005,3.2710280373831773,1,
TPIA,2026-07-16,1925.0,1960.0,1890.0,1930.0,271533700.0,1,,0.6,0.6801681447528785,524060041000.0,3.6269430051813467,13.471502590673575,11.917098445595855,0.5714285714204081,45.243731531336465,81.36294355607981,1,35.77012276871416,-0.26957666118076984,-1.0973225474130532,4.550379198266522,-20.707987416084134,3.6269430051813467,2,17.0
TPIA,2026-07-17,1935.0,1980.0,1895.0,1945.0,320340100.0,1,,0.6,0.8408623043651802,623061494500.0,2.827763496143959,6.940874035989718,11.825192802056556,0.5882352941107266,45.98640228484636,79.05051491320239,1,33.979665834859716,-0.22745232321578646,6.404851759105205,5.692161391115338,-17.088669332089225,4.370179948586118,3,17.0
TPIA,2026-07-20,1955.0,2130.0,1955.0,2120.0,805070400.0,1,,0.6,2.025240949266415,1706749248000.0,0.4716981132075472,0.4716981132075472,16.9811320754717,0.9428571428517551,53.85068642312304,86.54150073918345,1,32.04620504766341,-0.06866892149028576,16.287725616566913,14.610082443573456,-6.779324290691326,8.254716981132075,4,17.0
TPIA,2026-07-21,2150.0,2300.0,2080.0,2250.0,1022958500.0,0,,1.0,2.4079959348178255,2301656625000.0,2.2222222222222223,2.2222222222222223,23.555555555555554,0.7727272727237604,58.665294354689635,96.71534651775565,1,31.332162009368183,-0.04723752345285929,41.167206506310414,20.984003226240088,1.830591842979768,9.777777777777779,5,
TPIA,2026-07-22,2270.0,2350.0,2190.0,2280.0,735480100.0,0,,1.0,1.7344513957487977,1676894628000.0,3.070175438596491,3.070175438596491,25.438596491228072,0.5624999999964844,59.70990994956462,101.43522691179817,1,30.94187225341579,0.04562760137427496,50.1072052946934,21.019108280254777,5.825033714188076,7.017543859649122,6,
TPIA,2026-07-23,2290.0,2370.0,2160.0,2170.0,741912300.0,0,,1.0,1.711769254469016,1609949691000.0,9.216589861751153,9.216589861751153,26.72811059907834,0.04761904761882087,54.29197926848943,93.3235791993554,1,30.30361549515359,-0.06477401113991291,35.5465119669569,14.330874604847207,3.468965538275473,9.67741935483871,0,
TPIA,2026-07-24,2110.0,2140.0,2000.0,2100.0,595850600.0,0,,1.0,1.3514830853335449,1251286260000.0,12.857142857142856,12.857142857142856,27.61904761904762,0.7142857142806123,51.11354614063475,79.93460747301702,1,28.405302667182603,-0.012017834152685087,21.484002723179405,9.760878087024697,2.262278033576658,6.666666666666667,0,
TPIA,2026-07-27,2090.0,2140.0,2050.0,2090.0,280587700.0,0,,1.0,0.6357715000507892,586428293000.0,13.397129186602871,13.397129186602871,24.641148325358852,0.44444444443950615,50.657292834555044,67.58665600516656,1,26.642583612638116,0.01523638816156541,2.8587524315251778,8.164057445982662,3.998774150214837,4.30622009569378,0,
TPIA,2026-07-28,2070.0,2150.0,2050.0,2090.0,257098900.0,0,,1.0,0.5917010591022476,537336701000.0,13.397129186602871,13.397129186602871,22.966507177033492,0.399999999996,50.65729283450634,57.02262886515582,1,25.07964935986623,0.033112135293483766,-22.769881957596468,6.960081883316274,6.321554024321696,4.784688995215311,0,
TPMA,2026-07-21,446.0,476.0,444.0,456.0,3346600.0,0,,1.0,1.4888037208971252,1526049600.0,4.385964912280701,4.385964912280701,8.771929824561402,0.3749999999882813,58.53004630030865,3.0351119229638397,1,24.03052035742645,-0.1227998419766906,2.3065538846026157,4.228571428571429,1.781170483460564,7.017543859649122,1,
TPMA,2026-07-24,458.0,458.0,442.0,448.0,2480500.0,0,,1.0,1.1058208842109012,1111264000.0,6.25,6.25,8.035714285714286,0.3749999999765625,52.64556054524823,2.2256542227715057,1,24.956443196216114,-0.11098922523092987,0.4805188864264364,1.4033499320959684,1.1378002528445053,3.571428571428571,0,
TRIN,2026-07-16,326.0,348.0,314.0,330.0,10147100.0,1,,1.0,2.1102861658763827,3348543000.0,9.696969696969697,35.75757575757576,21.818181818181817,0.4705882352802769,38.58519851896461,4.619155492353798,1,36.17011806382018,-0.14192401241530864,30.891246501019452,-3.7620297462817085,-24.235466985030765,10.303030303030303,2,8.0
TRIN,2026-07-17,332.0,332.0,318.0,320.0,3408400.0,1,,1.0,0.7363479440631352,1090688000.0,13.125,26.25,22.5,0.14285714284693876,36.47595673098811,4.52118822974235,1,35.568746336554625,-0.11274517415084359,21.075670133969197,-5.688181550250519,-25.366172217557608,4.375,0,8.0
TRIN,2026-07-20,320.0,328.0,314.0,324.0,3765400.0,1,,1.0,0.8359697439961989,1219989600.0,11.728395061728394,20.98765432098765,22.22222222222222,0.7142857142346939,37.93739443307667,4.792968466142348,1,35.14125819700242,-0.06505084336973378,25.462301718674624,-3.771903771903769,-23.266388783630166,4.320987654320987,1,8.0
TRIN,2026-07-21,324.0,364.0,318.0,354.0,18162500.0,0,,1.0,3.474743184672675,6429525000.0,2.824858757062147,10.734463276836157,20.903954802259886,0.7826086956351608,47.66262785537442,6.9305872172428025,1,32.91747917846669,0.04214346135805236,85.38409408650921,5.325795894079136,-14.969254419677169,12.994350282485875,2,
TRIN,2026-07-22,356.0,384.0,352.0,358.0,19823000.0,0,,1.0,3.3577845363714816,7096634000.0,7.262569832402235,7.262569832402235,26.256983240223462,0.18749999999414066,48.81433432111296,8.450564425437406,1,31.064527400669093,-0.014334429572255617,142.01208386660304,6.1999406704241995,-12.869937694704047,8.938547486033519,3,
TRIN,2026-07-23,360.0,386.0,348.0,368.0,15481300.0,0,,1.0,2.4828377029264708,5697118400.0,4.891304347826087,4.891304347826087,19.565217391304348,0.5263157894598338,51.6772354916268,9.867381600553848,1,29.173980690113297,-0.0637901638783786,224.28826215954928,9.166419460100853,-9.323871476443914,10.326086956521738,4,
TRIN,2026-07-24,364.0,364.0,332.0,342.0,7979700.0,0,,1.0,1.2331231176007897,2729057400.0,12.865497076023392,12.865497076023392,21.052631578947366,0.3124999999902344,44.67996230632414,8.825342511910307,1,27.414996800636573,-0.07377961698628949,179.71429613953148,1.543942992874106,-14.623795496530029,9.35672514619883,0,
TRIN,2026-07-27,342.0,342.0,324.0,326.0,4671600.0,0,,1.0,0.706231835309324,1522941600.0,18.404907975460123,18.404907975460123,22.085889570552148,0.11111111110493826,41.000766892959476,6.914827261427206,1,26.088203866573753,-0.08605304391244639,172.65001734304545,-3.062741599762121,-17.468354430379744,5.521472392638037,0,
TRIN,2026-07-28,326.0,346.0,322.0,332.0,5647800.0,0,,1.0,0.8376660504085768,1875069600.0,16.265060240963855,16.265060240963855,21.686746987951807,0.4166666666493056,42.89963539036279,5.948348658223406,1,24.672413869229374,-0.09005502914141064,516.6170752633211,-1.3079667063020148,-14.771268675874113,7.228915662650602,1,
TSPC,2026-07-16,2520.0,2660.0,2520.0,2590.0,1770500.0,0,,1.0,3.2375153144257256,4585595000.0,2.7027027027027026,2.7027027027027026,8.494208494208493,0.49999999999642863,66.66692048111332,6.636009381108302,1,17.034411744916838,0.10549155496766288,36.243250699562516,3.9951816904236095,5.766089513230963,5.405405405405405,2,
TSPC,2026-07-17,2600.0,2660.0,2590.0,2600.0,658200.0,0,,1.0,1.2081276041188649,1711320000.0,2.307692307692308,2.307692307692308,8.461538461538462,0.14285714285510204,67.65148799818041,10.07663536908563,1,19.167251955615335,-0.00144449659655106,44.42575581144606,4.208416833667335,6.035889070146819,2.6923076923076925,3,
TSPC,2026-07-20,2630.0,2630.0,2570.0,2590.0,430000.0,0,,1.0,0.7985885411830238,1113700000.0,2.7027027027027026,2.7027027027027026,7.722007722007722,0.3333333333277778,65.5658801889842,10.897884333611401,1,20.43077203237659,-0.04064192191840645,37.83437383718526,3.6207241448289658,5.524771838331157,2.3166023166023164,0,
TSPC,2026-07-21,2590.0,2620.0,2560.0,2580.0,429700.0,0,,1.0,0.8238350412684399,1108626000.0,3.10077519379845,3.10077519379845,7.3643410852713185,0.3333333333277778,63.45903118207565,10.009468815021421,1,21.257122818453997,-0.05568662734456179,38.83322358468739,3.055721989215099,5.0659716566216035,2.3255813953488373,0,
TSPC,2026-07-23,2630.0,2700.0,2620.0,2700.0,1471100.0,0,,1.0,2.660192945814228,3971970000.0,0.0,0.0,8.518518518518519,0.9999999999875,74.6105511193048,15.958153994751953,1,23.94011346274621,0.09265502206210886,47.84570686777522,7.057890563045202,9.613510880155902,2.9629629629629632,2,
ULTJ,2026-07-20,1440.0,1460.0,1430.0,1450.0,1220600.0,0,,1.0,1.157740480605522,1769870000.0,0.6896551724137931,0.6896551724137931,9.310344827586208,0.6666666666444444,62.239447586402754,16.768362933425053,1,27.878254414562186,0.12615174427518794,27.06897467211809,6.013525863644672,0.897641082736072,2.0689655172413794,2,
ULTJ,2026-07-21,1450.0,1455.0,1430.0,1430.0,979100.0,0,,1.0,0.9563578112485095,1400113000.0,2.097902097902098,2.097902097902098,9.44055944055944,0.0,57.13203788520124,15.122716724200963,1,27.516708734430352,0.023875884695986966,14.941904156309613,4.3605181536216016,-0.2580735160772857,1.7482517482517483,0,
ULTJ,2026-07-22,1430.0,1450.0,1410.0,1420.0,4884500.0,0,,1.0,4.051459213762268,6935990000.0,2.8169014084507045,2.8169014084507045,8.450704225352112,0.24999999999375003,54.71439976578469,12.736309310301687,1,26.28035022752958,-0.04518504650363279,-26.725291778474663,3.272727272727273,-0.706244318579114,2.8169014084507045,0,
ULTJ,2026-07-23,1425.0,1445.0,1425.0,1430.0,1348700.0,0,,1.0,1.1047718904484365,1928641000.0,2.097902097902098,2.097902097902098,7.6923076923076925,0.2499999999875,56.68819695401837,11.25803119537372,1,25.13230304255029,-0.09792493402918942,-18.004590863534965,3.71713508612874,0.25238362310711643,1.3986013986013985,1,
ULTJ,2026-07-24,1425.0,1430.0,1370.0,1370.0,2245100.0,0,,1.0,1.7439295312961196,3075787000.0,6.569343065693431,6.569343065693431,7.664233576642336,0.0,44.23134110471455,5.933548915579991,1,24.549771463916013,-0.15345023989587356,-37.03872102275386,-0.7605939876856211,-3.6364915242315567,4.37956204379562,0,
ULTJ,2026-07-27,1370.0,1390.0,1355.0,1355.0,1636500.0,0,,1.0,1.2540662321689244,2217457500.0,7.7490774907749085,7.7490774907749085,7.7490774907749085,0.0,41.76070755085416,1.3357296515848258,1,24.40945632466205,-0.214086899421675,-61.13169907754584,-1.9359507870454133,-4.35519164254959,2.5830258302583027,0,
ULTJ,2026-07-28,1355.0,1390.0,1340.0,1350.0,1836200.0,0,,1.0,1.3890191687973725,2478870000.0,8.148148148148149,8.148148148148149,8.88888888888889,0.19999999999600002,40.93981274363806,-1.9304737884449779,0,24.654161519068833,-0.24168628669531855,-62.888910032485626,-2.4213950126490786,-4.363842448285627,3.7037037037037033,0,
UNTR,2026-07-16,27000.0,27300.0,26900.0,26925.0,5460400.0,0,,1.0,1.1197225916193057,147021270000.0,2.692664809656453,2.692664809656453,18.012999071494892,0.06249999999984375,68.73034335878954,561.1634010143728,1,43.970567803324364,0.16626935908084023,7.37922837000871,12.804399057344854,11.453762728702706,1.4856081708449396,0,
UNTR,2026-07-17,26950.0,27100.0,26550.0,26550.0,3399300.0,0,,1.0,0.8145538021736289,90251415000.0,4.143126177024483,4.143126177024483,15.254237288135593,0.0,65.11654671181829,483.69588927795206,1,44.58537872181335,0.2930781027368804,-2.046313766226424,10.337662337662337,10.156833457804332,2.0715630885122414,0,
UNTR,2026-07-20,26550.0,26750.0,25925.0,26200.0,5489400.0,0,,1.0,1.3153934630499373,143822280000.0,5.534351145038168,5.534351145038168,14.980916030534353,0.3333333333329293,61.84794551974162,383.8970692498645,1,43.961323018639455,0.3369261007696136,-19.09997991847822,8.013398608606028,9.007697108383606,3.1488549618320607,0,
UNTR,2026-07-21,26500.0,26500.0,25975.0,26100.0,4167600.0,0,,1.0,0.993470783005442,108774360000.0,5.938697318007663,5.938697318007663,14.655172413793101,0.23809523809478458,60.90723479385468,290.4124737487016,1,43.381842722835124,0.2852061713375482,-36.44749211598339,6.808532405749655,8.709234037236037,2.0114942528735633,0,
UNTR,2026-07-22,26100.0,26100.0,25500.0,25550.0,3860800.0,0,,1.0,0.922096594681608,98643440000.0,8.21917808219178,8.21917808219178,14.9706457925636,0.08333333333319444,55.87356658803719,176.40627133627254,1,41.98862508442771,0.28467835820924664,-35.326554549946565,3.8037682189832918,6.5626759535378385,2.3483365949119372,0,
UNTR,2026-07-23,25525.0,26175.0,25350.0,25500.0,4396900.0,0,,1.0,1.0789475298606805,112120950000.0,8.431372549019608,8.431372549019608,13.823529411764707,0.18181818181796144,55.42511629304416,87.02068313136965,1,40.43745450095353,0.18303576339194436,-30.97735487631004,2.9730957548836505,6.502944493171283,3.2352941176470593,0,
UNTR,2026-07-24,25500.0,25650.0,25250.0,25500.0,3622000.0,0,,1.0,0.9128760383901925,92361000000.0,8.431372549019608,8.431372549019608,12.058823529411764,0.6249999999984375,55.42511629303458,20.74510461911825,1,38.8212839353094,0.12666917873444078,-24.81109184481832,2.37366387313695,6.627639556763537,1.5686274509803921,0,
UNTR,2026-07-27,25400.0,25675.0,25125.0,25400.0,2856500.0,0,,1.0,0.7211699287413923,72555100000.0,8.858267716535433,8.858267716535433,9.940944881889765,0.4999999999990909,54.412131282491316,-34.000340863752285,0,37.09496018638443,0.10724797038095656,-19.669265758657705,1.3972055888223553,6.34289302909776,2.1653543307086616,0,
UNTR,2026-07-28,25400.0,25500.0,25000.0,25000.0,3292200.0,0,,1.0,0.8584122944707212,82305000000.0,10.2,10.6,10.2,0.0,50.44091079307609,-97.71688111573974,0,35.26214539849255,-0.007854525403548479,-17.598526289557718,-0.5964214711729622,4.834989726171006,2.0,0,
UNVR,2026-07-16,1670.0,1690.0,1670.0,1685.0,9252900.0,0,,1.0,0.573512225462842,15591136500.0,7.121661721068249,9.495548961424333,8.902077151335313,0.7499999999625,48.56052512928266,-13.036593321099861,0,26.60952396023572,-0.03904915796638842,-492.0233386850452,-2.389572773352643,1.725562089127354,1.1869436201780417,1,
UNVR,2026-07-17,1685.0,1715.0,1675.0,1700.0,13265800.0,0,,1.0,0.9587003221371259,22551860000.0,6.176470588235294,8.529411764705882,8.823529411764707,0.624999999984375,51.00760218797876,-11.60417459502277,0,25.199348856550834,-0.061445791116323915,-695.4414753854542,-1.563404748118124,2.608104929801928,2.3529411764705883,2,
UNVR,2026-07-20,1710.0,1770.0,1705.0,1735.0,22167900.0,0,,1.0,1.5247863153800305,38461306500.0,2.3054755043227666,6.340057636887608,6.9164265129683,0.4615384615313609,56.23880718349861,-8.068797240656853,0,25.04743154888421,-0.06901653863962752,68.35615826704854,0.3615328994938539,4.688222676299636,3.7463976945244957,3,
UNVR,2026-07-21,1740.0,1755.0,1710.0,1710.0,17491600.0,0,,1.0,1.1632350271296923,29910636000.0,3.8011695906432745,7.894736842105263,7.017543859649122,0.0,51.97021917739258,-7.211325890006712,0,24.906365477479483,-0.10544564295164918,39.76996341825132,-1.241697949754548,3.1383706109455867,2.631578947368421,0,
UNVR,2026-07-22,1710.0,1720.0,1680.0,1705.0,18808800.0,0,,1.0,1.2227866296231644,32069004000.0,3.812316715542522,8.211143695014663,6.744868035190615,0.624999999984375,51.13427946252552,-6.784474861172562,0,23.903676920761445,-0.11791046439102452,15.356978047333378,-1.5873015873015872,2.784453190331082,2.346041055718475,0,
UNVR,2026-07-23,1710.0,1715.0,1680.0,1680.0,12951900.0,0,,1.0,0.9563086437619427,21759192000.0,5.357142857142857,9.821428571428571,6.845238095238096,0.0,47.058478397812515,-7.91079462960675,0,22.972608975237552,-0.19396620166515982,-30.467308264708798,-2.8761381702558175,1.2733897517710442,2.083333333333333,0,
UNVR,2026-07-24,1680.0,1690.0,1670.0,1685.0,9819500.0,0,,1.0,0.7433459766621384,16545857500.0,5.044510385756676,9.495548961424333,6.824925816023739,0.7499999999625,47.95202934151335,-8.019008004753456,0,21.815680795354613,-0.15947204917476768,-53.801998772191695,-2.460202604920405,1.5475995059171168,1.1869436201780417,1,
UNVR,2026-07-27,1690.0,1695.0,1675.0,1680.0,6492500.0,0,,1.0,0.5002109091049171,10907400000.0,5.357142857142857,9.821428571428571,6.547619047619048,0.2499999999875,47.09599428146546,-8.103318989502075,0,20.87118354027697,-0.19618585740672248,-462.8726642343122,-2.4956471271038887,1.2252661746579427,1.1904761904761905,0,
UNVR,2026-07-28,1685.0,1705.0,1680.0,1705.0,10422500.0,0,,1.0,0.8952438052306803,17770362500.0,3.812316715542522,7.038123167155426,6.451612903225806,0.99999999996,51.73545463728046,-6.235229680237607,0,20.257212045670293,-0.183352277937909,-65.70217484879657,-0.7566938300349243,2.6793583149387628,1.466275659824047,1,
WEHA,2026-07-17,100.0,110.0,100.0,104.0,29387100.0,0,,1.0,5.4523544472893235,3056258400.0,5.769230769230769,5.769230769230769,11.538461538461538,0.39999999996,51.12534056855529,1.1493771044057342,1,16.9144554806009,-0.11866499743826012,392.4539141091763,3.7406483790523692,-5.492745920733938,9.615384615384617,1,
WEHA,2026-07-21,107.0,109.0,105.0,106.0,14763500.0,0,,1.0,2.6314546480238907,1564931000.0,3.7735849056603774,3.7735849056603774,10.377358490566039,0.2499999999375,54.576141290389025,1.3366547749405036,1,19.64871264608091,-0.16093247797804353,480.5350573586712,5.525136884021899,-3.1055187174438412,3.7735849056603774,1,
WINS,2026-07-17,535.0,540.0,505.0,530.0,2148400.0,0,,1.0,1.2928033505534604,1138652000.0,3.7735849056603774,3.7735849056603774,8.49056603773585,0.7142857142653062,52.86217505844321,0.17467038356177245,1,24.353145192972615,0.08235391796288587,-29.665256597386318,0.1890359168241966,2.154740201841869,6.60377358490566,0,
WINS,2026-07-20,530.0,535.0,510.0,510.0,2126300.0,0,,1.0,1.2551873955879829,1084413000.0,7.8431372549019605,7.8431372549019605,8.823529411764707,0.0,42.05147484152299,-1.542858948592393,0,22.833280573740574,-0.0038476891012456933,-28.466318962017567,-3.5004730368968775,-1.4731968193259903,4.901960784313726,0,
WINS,2026-07-24,505.0,515.0,494.0,510.0,3642100.0,0,,1.0,2.1615991358588875,1857471000.0,7.8431372549019605,7.8431372549019605,10.980392156862745,0.7619047618684808,43.199047400338756,-3.522162207735322,0,18.917922340876707,0.10524368829504516,1.8298611245854826,-2.9957203994293864,-0.7255832326243753,4.117647058823529,1,
WOOD,2026-07-17,206.0,208.0,185.0,192.0,21465900.0,0,,1.0,5.750739407188322,4121452800.0,16.666666666666664,22.916666666666664,28.125,0.304347826073724,38.48285088548519,1.2069102649121337,1,40.70514723361451,-0.0363928109948403,-19.717500447326042,-7.758827768436226,-19.40223322978759,11.979166666666668,0,
WOOD,2026-07-23,200.0,224.0,200.0,216.0,9250000.0,1,,1.0,2.097465241599651,1998000000.0,3.7037037037037033,4.62962962962963,25.0,0.6666666666388888,52.2265249327032,3.014669837797298,1,36.30398373527333,0.04988734990248029,-21.413178252973424,5.778648383937322,-6.233721132141002,11.11111111111111,1,3.0
WOOD,2026-07-24,218.0,226.0,206.0,210.0,5381300.0,1,,1.0,1.1567240374963188,1130073000.0,7.6190476190476195,7.6190476190476195,19.523809523809526,0.19999999999,49.16129263475755,3.273159935896272,1,33.88487175917631,0.010105814205630323,14.951680288089578,3.1434184675834995,-8.120406020301015,9.523809523809524,0,3.0
WOOD,2026-07-27,210.0,260.0,204.0,248.0,17089400.0,0,,1.0,3.112758111624255,4238171200.0,4.838709677419355,4.838709677419355,30.241935483870968,0.7857142857002551,63.69450585352689,5.7771815643568285,1,33.7584043658939,0.09850390004739137,41.24926041754712,20.798830979055037,9.001406469760894,22.58064516129032,1,
WOOD,2026-07-28,248.0,250.0,232.0,232.0,8796700.0,0,,1.0,1.5012278848467573,2040834400.0,12.068965517241379,12.068965517241379,32.327586206896555,0.0,56.385539610505624,6.098072689866972,1,33.640970357845944,0.015516699615138128,20.727579870197946,12.34866828087167,2.5822426600636734,7.758620689655173,0,
WOWS,2026-07-24,62.0,65.0,60.0,61.0,33318500.0,0,,1.0,2.251485797499062,2032428500.0,6.557377049180328,8.19672131147541,13.114754098360656,0.19999999996,57.155456087052634,0.5032861120636906,1,36.97779436507231,-0.4089493815037051,95.96973929782963,4.184457728437238,2.693602693602696,8.19672131147541,0,
YELO,2026-07-16,74.0,78.0,72.0,75.0,49437500.0,0,,1.0,0.9097144623668033,3707812500.0,6.666666666666667,10.666666666666668,16.0,0.49999999991666666,52.361362807295606,1.1696750861025025,1,21.364096091136343,-0.14169891722552794,13.564293692283913,4.821802935010487,-3.1258072849392944,8.0,1,
YELO,2026-07-17,75.0,76.0,74.0,74.0,16495200.0,1,,1.0,0.3034936488353354,1220644800.0,8.108108108108109,12.162162162162163,16.216216216216218,0.0,50.74845965106005,1.049879426501151,1,22.20525634331074,-0.15685514135500736,9.378014522240813,3.3519553072625783,-3.6709190315022044,2.7027027027027026,0,6.0
YELO,2026-07-20,75.0,77.0,74.0,75.0,22074900.0,1,,1.0,0.424992236516615,1655617500.0,6.666666666666667,10.666666666666668,16.0,0.3333333332222222,52.329812879330824,0.9972852469503448,1,23.14444339777078,-0.2050293590500802,7.817366637474775,4.895104895104895,-1.6522423288749082,4.0,1,6.0
YELO,2026-07-21,75.0,79.0,74.0,76.0,63445200.0,1,,1.0,1.2954870046901403,4821835200.0,5.263157894736842,5.263157894736842,15.789473684210526,0.39999999992,53.92303958400825,0.9872957121781869,1,24.323898479603223,-0.13637769263962773,22.915889273883412,6.293706293706294,0.2374043787918845,6.578947368421052,2,6.0
YELO,2026-07-22,78.0,91.0,77.0,82.0,450876100.0,0,,1.0,6.431859721249907,36971840200.0,10.975609756097562,10.975609756097562,28.04878048780488,0.35714285711734695,62.10641304839869,1.3213716837346898,1,26.715377456527673,-0.16694128898074537,143.03549894482967,13.652113652113643,8.523028057173104,17.073170731707318,3,
YELO,2026-07-23,81.0,85.0,79.0,81.0,87916300.0,0,,1.0,1.2256280806667854,7121220300.0,12.345679012345679,12.345679012345679,23.456790123456788,0.33333333327777775,60.18778690599482,1.403853114461214,1,28.936036506528946,-0.18357211419872269,96.53774770798532,11.570247933884307,7.598299681190221,7.4074074074074066,0,
YELO,2026-07-24,82.0,82.0,75.0,77.0,48004800.0,0,,1.0,0.6569131208422755,3696369600.0,18.181818181818183,18.181818181818183,24.675324675324674,0.2857142856734694,53.1189484933614,1.1296634916278212,1,29.824075956510008,-0.18560424777372536,92.92147264516431,5.47945205479452,2.776294714361984,9.090909090909092,0,
YELO,2026-07-27,77.0,79.0,75.0,78.0,18497200.0,0,,1.0,0.2519475943228568,1442781600.0,16.666666666666664,16.666666666666664,24.358974358974358,0.7499999998125,54.55589924844727,0.9628064228789052,1,30.64868401720671,-0.17446511104164253,87.60425835854721,6.050305914343988,4.585679806918748,5.128205128205128,1,
ZONE,2026-07-28,690.0,785.0,690.0,765.0,3716700.0,0,,1.0,10.941929785824653,2843275500.0,2.6143790849673203,2.6143790849673203,43.790849673202615,0.7894736842022161,77.51163649134168,11.984881347376955,1,39.71842830552031,0.46932614009434526,445.99255695742903,39.280837505689576,64.57498154129004,12.418300653594772,2,
